fisier,idx,sub,label,scor_propriu,scor_inainte,scor_inapoi,scor_max,best_idx
C:\00\Projects\LearningHub\content\liceu\artistic\cls10\m1-procesare-text\lectia1-documente-formatare.html,1,1,propriu,15,9,,15,1
C:\00\Projects\LearningHub\content\liceu\artistic\cls10\m1-procesare-text\lectia1-documente-formatare.html,2,1,propriu,10,4,8,10,2
C:\00\Projects\LearningHub\content\liceu\artistic\cls10\m1-procesare-text\lectia1-documente-formatare.html,3,1,propriu,15,1,3,15,3
C:\00\Projects\LearningHub\content\liceu\artistic\cls10\m1-procesare-text\lectia1-documente-formatare.html,4,1,propriu,15,0,0,15,4
C:\00\Projects\LearningHub\content\liceu\artistic\cls10\m1-procesare-text\lectia1-documente-formatare.html,5,1,propriu,8,2,2,8,5
C:\00\Projects\LearningHub\content\liceu\artistic\cls10\m1-procesare-text\lectia1-documente-formatare.html,6,1,propriu,24,4,3,24,6
C:\00\Projects\LearningHub\content\liceu\artistic\cls10\m1-procesare-text\lectia1-documente-formatare.html,7,1,propriu,13,2,0,13,7
C:\00\Projects\LearningHub\content\liceu\artistic\cls10\m1-procesare-text\lectia1-documente-formatare.html,8,1,propriu,25,,5,25,8
C:\00\Projects\LearningHub\content\liceu\artistic\cls10\m1-procesare-text\lectia2-stiluri-sabloane.html,1,1,propriu,18,13,,18,1
C:\00\Projects\LearningHub\content\liceu\artistic\cls10\m1-procesare-text\lectia2-stiluri-sabloane.html,2,1,propriu,21,11,12,21,2
C:\00\Projects\LearningHub\content\liceu\artistic\cls10\m1-procesare-text\lectia2-stiluri-sabloane.html,3,1,decalat_inapoi,9,5,14,14,2
C:\00\Projects\LearningHub\content\liceu\artistic\cls10\m1-procesare-text\lectia2-stiluri-sabloane.html,4,1,propriu,19,9,7,19,4
C:\00\Projects\LearningHub\content\liceu\artistic\cls10\m1-procesare-text\lectia2-stiluri-sabloane.html,5,1,propriu,19,14,7,19,5
C:\00\Projects\LearningHub\content\liceu\artistic\cls10\m1-procesare-text\lectia2-stiluri-sabloane.html,6,1,propriu,23,15,15,23,6
C:\00\Projects\LearningHub\content\liceu\artistic\cls10\m1-procesare-text\lectia2-stiluri-sabloane.html,7,1,altul,8,,5,17,3
C:\00\Projects\LearningHub\content\liceu\artistic\cls10\m1-procesare-text\lectia3-cv-portofoliu.html,1,1,propriu,14,6,,14,1
C:\00\Projects\LearningHub\content\liceu\artistic\cls10\m1-procesare-text\lectia3-cv-portofoliu.html,2,1,decalat_inapoi,6,4,10,10,1
C:\00\Projects\LearningHub\content\liceu\artistic\cls10\m1-procesare-text\lectia3-cv-portofoliu.html,3,1,propriu,18,3,7,18,3
C:\00\Projects\LearningHub\content\liceu\artistic\cls10\m1-procesare-text\lectia3-cv-portofoliu.html,4,1,decalat_inapoi,5,2,7,7,3
C:\00\Projects\LearningHub\content\liceu\artistic\cls10\m1-procesare-text\lectia3-cv-portofoliu.html,5,1,propriu,21,13,4,21,5
C:\00\Projects\LearningHub\content\liceu\artistic\cls10\m1-procesare-text\lectia3-cv-portofoliu.html,6,1,propriu,17,,15,17,6
C:\00\Projects\LearningHub\content\liceu\artistic\cls10\m2-calcul-tabelar\lectia1-tabel-formule.html,1,1,propriu,11,1,,11,1
C:\00\Projects\LearningHub\content\liceu\artistic\cls10\m2-calcul-tabelar\lectia1-tabel-formule.html,2,1,propriu,16,2,2,16,2
C:\00\Projects\LearningHub\content\liceu\artistic\cls10\m2-calcul-tabelar\lectia1-tabel-formule.html,3,1,propriu,11,4,4,11,3
C:\00\Projects\LearningHub\content\liceu\artistic\cls10\m2-calcul-tabelar\lectia1-tabel-formule.html,4,1,propriu,11,6,4,11,4
C:\00\Projects\LearningHub\content\liceu\artistic\cls10\m2-calcul-tabelar\lectia1-tabel-formule.html,5,1,propriu,18,4,8,18,5
C:\00\Projects\LearningHub\content\liceu\artistic\cls10\m2-calcul-tabelar\lectia1-tabel-formule.html,6,1,propriu,11,,7,11,6
C:\00\Projects\LearningHub\content\liceu\artistic\cls10\m2-calcul-tabelar\lectia2-functii-diagrame.html,1,1,propriu,9,3,,9,1
C:\00\Projects\LearningHub\content\liceu\artistic\cls10\m2-calcul-tabelar\lectia2-functii-diagrame.html,2,1,propriu,12,2,4,12,2
C:\00\Projects\LearningHub\content\liceu\artistic\cls10\m2-calcul-tabelar\lectia2-functii-diagrame.html,3,1,propriu,12,6,3,12,3
C:\00\Projects\LearningHub\content\liceu\artistic\cls10\m2-calcul-tabelar\lectia2-functii-diagrame.html,4,1,propriu,18,5,5,18,4
C:\00\Projects\LearningHub\content\liceu\artistic\cls10\m2-calcul-tabelar\lectia2-functii-diagrame.html,5,1,propriu,13,0,1,13,5
C:\00\Projects\LearningHub\content\liceu\artistic\cls10\m2-calcul-tabelar\lectia2-functii-diagrame.html,6,1,propriu,22,8,4,22,6
C:\00\Projects\LearningHub\content\liceu\artistic\cls10\m2-calcul-tabelar\lectia2-functii-diagrame.html,7,1,propriu,16,,6,16,7
C:\00\Projects\LearningHub\content\liceu\artistic\cls10\m2-calcul-tabelar\lectia3-evidenta-buget.html,1,1,propriu,17,6,,17,1
C:\00\Projects\LearningHub\content\liceu\artistic\cls10\m2-calcul-tabelar\lectia3-evidenta-buget.html,2,1,propriu,9,6,6,9,2
C:\00\Projects\LearningHub\content\liceu\artistic\cls10\m2-calcul-tabelar\lectia3-evidenta-buget.html,3,1,propriu,12,5,4,12,3
C:\00\Projects\LearningHub\content\liceu\artistic\cls10\m2-calcul-tabelar\lectia3-evidenta-buget.html,4,1,propriu,21,5,8,21,4
C:\00\Projects\LearningHub\content\liceu\artistic\cls10\m2-calcul-tabelar\lectia3-evidenta-buget.html,5,1,propriu,16,8,6,16,5
C:\00\Projects\LearningHub\content\liceu\artistic\cls10\m2-calcul-tabelar\lectia3-evidenta-buget.html,6,1,altul,5,,2,11,3
C:\00\Projects\LearningHub\content\liceu\artistic\cls10\m3-editare-imagine\lectia1-editor-straturi.html,1,1,propriu,14,3,,14,1
C:\00\Projects\LearningHub\content\liceu\artistic\cls10\m3-editare-imagine\lectia1-editor-straturi.html,2,1,propriu,20,5,1,20,2
C:\00\Projects\LearningHub\content\liceu\artistic\cls10\m3-editare-imagine\lectia1-editor-straturi.html,3,1,propriu,13,4,7,13,3
C:\00\Projects\LearningHub\content\liceu\artistic\cls10\m3-editare-imagine\lectia1-editor-straturi.html,4,1,propriu,22,3,6,22,4
C:\00\Projects\LearningHub\content\liceu\artistic\cls10\m3-editare-imagine\lectia1-editor-straturi.html,5,1,propriu,10,9,3,10,5
C:\00\Projects\LearningHub\content\liceu\artistic\cls10\m3-editare-imagine\lectia1-editor-straturi.html,6,1,propriu,15,,7,15,6
C:\00\Projects\LearningHub\content\liceu\artistic\cls10\m3-editare-imagine\lectia2-ajustari-corectii.html,1,1,propriu,13,6,,13,1
C:\00\Projects\LearningHub\content\liceu\artistic\cls10\m3-editare-imagine\lectia2-ajustari-corectii.html,2,1,propriu,15,6,6,15,2
C:\00\Projects\LearningHub\content\liceu\artistic\cls10\m3-editare-imagine\lectia2-ajustari-corectii.html,3,1,propriu,11,4,6,11,3
C:\00\Projects\LearningHub\content\liceu\artistic\cls10\m3-editare-imagine\lectia2-ajustari-corectii.html,4,1,propriu,13,2,3,13,4
C:\00\Projects\LearningHub\content\liceu\artistic\cls10\m3-editare-imagine\lectia2-ajustari-corectii.html,5,1,propriu,11,5,0,11,5
C:\00\Projects\LearningHub\content\liceu\artistic\cls10\m3-editare-imagine\lectia2-ajustari-corectii.html,6,1,propriu,14,10,8,14,6
C:\00\Projects\LearningHub\content\liceu\artistic\cls10\m3-editare-imagine\lectia2-ajustari-corectii.html,7,1,propriu,12,,10,12,7
C:\00\Projects\LearningHub\content\liceu\artistic\cls10\m3-editare-imagine\lectia3-export-pregatire.html,1,1,propriu,16,9,,16,1
C:\00\Projects\LearningHub\content\liceu\artistic\cls10\m3-editare-imagine\lectia3-export-pregatire.html,2,1,propriu,15,8,4,15,2
C:\00\Projects\LearningHub\content\liceu\artistic\cls10\m3-editare-imagine\lectia3-export-pregatire.html,3,1,altul,10,6,3,11,5
C:\00\Projects\LearningHub\content\liceu\artistic\cls10\m3-editare-imagine\lectia3-export-pregatire.html,4,1,propriu,17,5,5,17,4
C:\00\Projects\LearningHub\content\liceu\artistic\cls10\m3-editare-imagine\lectia3-export-pregatire.html,5,1,propriu,16,10,5,16,5
C:\00\Projects\LearningHub\content\liceu\artistic\cls10\m3-editare-imagine\lectia3-export-pregatire.html,6,1,propriu,12,,11,12,6
C:\00\Projects\LearningHub\content\liceu\artistic\cls11\m1-grafica-vectoriala\lectia1-cai-forme.html,1,1,propriu,14,5,,14,1
C:\00\Projects\LearningHub\content\liceu\artistic\cls11\m1-grafica-vectoriala\lectia1-cai-forme.html,2,1,propriu,13,4,8,13,2
C:\00\Projects\LearningHub\content\liceu\artistic\cls11\m1-grafica-vectoriala\lectia1-cai-forme.html,3,1,propriu,16,6,1,16,3
C:\00\Projects\LearningHub\content\liceu\artistic\cls11\m1-grafica-vectoriala\lectia1-cai-forme.html,4,1,propriu,13,0,6,13,4
C:\00\Projects\LearningHub\content\liceu\artistic\cls11\m1-grafica-vectoriala\lectia1-cai-forme.html,5,1,decalat_inapoi,6,10,12,12,4
C:\00\Projects\LearningHub\content\liceu\artistic\cls11\m1-grafica-vectoriala\lectia1-cai-forme.html,6,1,propriu,14,,3,14,6
C:\00\Projects\LearningHub\content\liceu\artistic\cls11\m1-grafica-vectoriala\lectia2-text-compozitie.html,1,1,propriu,9,9,,9,1
C:\00\Projects\LearningHub\content\liceu\artistic\cls11\m1-grafica-vectoriala\lectia2-text-compozitie.html,2,1,propriu,23,3,2,23,2
C:\00\Projects\LearningHub\content\liceu\artistic\cls11\m1-grafica-vectoriala\lectia2-text-compozitie.html,3,1,propriu,19,8,3,19,3
C:\00\Projects\LearningHub\content\liceu\artistic\cls11\m1-grafica-vectoriala\lectia2-text-compozitie.html,4,1,propriu,14,5,4,14,4
C:\00\Projects\LearningHub\content\liceu\artistic\cls11\m1-grafica-vectoriala\lectia2-text-compozitie.html,5,1,propriu,18,8,1,18,5
C:\00\Projects\LearningHub\content\liceu\artistic\cls11\m1-grafica-vectoriala\lectia2-text-compozitie.html,6,1,altul,10,,8,14,4
C:\00\Projects\LearningHub\content\liceu\artistic\cls11\m1-grafica-vectoriala\lectia3-logo-afis.html,1,1,propriu,13,3,,13,1
C:\00\Projects\LearningHub\content\liceu\artistic\cls11\m1-grafica-vectoriala\lectia3-logo-afis.html,2,1,propriu,14,6,5,14,2
C:\00\Projects\LearningHub\content\liceu\artistic\cls11\m1-grafica-vectoriala\lectia3-logo-afis.html,3,1,propriu,11,8,2,11,3
C:\00\Projects\LearningHub\content\liceu\artistic\cls11\m1-grafica-vectoriala\lectia3-logo-afis.html,4,1,propriu,18,4,10,18,4
C:\00\Projects\LearningHub\content\liceu\artistic\cls11\m1-grafica-vectoriala\lectia3-logo-afis.html,5,1,propriu,9,5,5,9,5
C:\00\Projects\LearningHub\content\liceu\artistic\cls11\m1-grafica-vectoriala\lectia3-logo-afis.html,6,1,altul,9,,7,12,1
C:\00\Projects\LearningHub\content\liceu\artistic\cls11\m2-prezentari-multimedia\lectia1-prezentare-eficienta.html,1,1,propriu,11,4,,11,1
C:\00\Projects\LearningHub\content\liceu\artistic\cls11\m2-prezentari-multimedia\lectia1-prezentare-eficienta.html,2,1,propriu,9,2,4,9,2
C:\00\Projects\LearningHub\content\liceu\artistic\cls11\m2-prezentari-multimedia\lectia1-prezentare-eficienta.html,3,1,decalat_inapoi,3,3,14,14,2
C:\00\Projects\LearningHub\content\liceu\artistic\cls11\m2-prezentari-multimedia\lectia1-prezentare-eficienta.html,4,1,propriu,8,2,2,8,4
C:\00\Projects\LearningHub\content\liceu\artistic\cls11\m2-prezentari-multimedia\lectia1-prezentare-eficienta.html,5,1,propriu,15,6,3,15,5
C:\00\Projects\LearningHub\content\liceu\artistic\cls11\m2-prezentari-multimedia\lectia1-prezentare-eficienta.html,6,1,propriu,12,,2,12,6
C:\00\Projects\LearningHub\content\liceu\artistic\cls11\m2-prezentari-multimedia\lectia2-audio-video.html,1,1,propriu,11,2,,11,1
C:\00\Projects\LearningHub\content\liceu\artistic\cls11\m2-prezentari-multimedia\lectia2-audio-video.html,2,1,propriu,7,0,5,7,2
C:\00\Projects\LearningHub\content\liceu\artistic\cls11\m2-prezentari-multimedia\lectia2-audio-video.html,3,1,propriu,13,4,7,13,3
C:\00\Projects\LearningHub\content\liceu\artistic\cls11\m2-prezentari-multimedia\lectia2-audio-video.html,4,1,altul,15,4,5,16,6
C:\00\Projects\LearningHub\content\liceu\artistic\cls11\m2-prezentari-multimedia\lectia2-audio-video.html,5,1,propriu,14,7,4,14,5
C:\00\Projects\LearningHub\content\liceu\artistic\cls11\m2-prezentari-multimedia\lectia2-audio-video.html,6,1,altul,9,8,3,10,3
C:\00\Projects\LearningHub\content\liceu\artistic\cls11\m2-prezentari-multimedia\lectia2-audio-video.html,7,1,propriu,11,,1,11,7
C:\00\Projects\LearningHub\content\liceu\artistic\cls11\m3-web-portofoliu\lectia1-html-css-baza.html,1,1,propriu,12,8,,12,1
C:\00\Projects\LearningHub\content\liceu\artistic\cls11\m3-web-portofoliu\lectia1-html-css-baza.html,2,1,propriu,18,7,8,18,2
C:\00\Projects\LearningHub\content\liceu\artistic\cls11\m3-web-portofoliu\lectia1-html-css-baza.html,3,1,propriu,5,4,3,5,3
C:\00\Projects\LearningHub\content\liceu\artistic\cls11\m3-web-portofoliu\lectia1-html-css-baza.html,4,1,propriu,16,6,11,16,4
C:\00\Projects\LearningHub\content\liceu\artistic\cls11\m3-web-portofoliu\lectia1-html-css-baza.html,5,1,propriu,18,8,5,18,5
C:\00\Projects\LearningHub\content\liceu\artistic\cls11\m3-web-portofoliu\lectia1-html-css-baza.html,6,1,propriu,11,,10,11,6
C:\00\Projects\LearningHub\content\liceu\artistic\cls11\m3-web-portofoliu\lectia2-portofoliu-online.html,1,1,propriu,16,8,,16,1
C:\00\Projects\LearningHub\content\liceu\artistic\cls11\m3-web-portofoliu\lectia2-portofoliu-online.html,2,1,propriu,20,1,0,20,2
C:\00\Projects\LearningHub\content\liceu\artistic\cls11\m3-web-portofoliu\lectia2-portofoliu-online.html,3,1,propriu,17,5,4,17,3
C:\00\Projects\LearningHub\content\liceu\artistic\cls11\m3-web-portofoliu\lectia2-portofoliu-online.html,4,1,propriu,19,2,2,19,4
C:\00\Projects\LearningHub\content\liceu\artistic\cls11\m3-web-portofoliu\lectia2-portofoliu-online.html,5,1,propriu,14,8,1,14,5
C:\00\Projects\LearningHub\content\liceu\artistic\cls11\m3-web-portofoliu\lectia2-portofoliu-online.html,6,1,decalat_inapoi,10,,14,14,5
C:\00\Projects\LearningHub\content\liceu\artistic\cls9\m1-societate-digitala\lectia1-forme-comunicare.html,1,1,altul,10,8,,13,7
C:\00\Projects\LearningHub\content\liceu\artistic\cls9\m1-societate-digitala\lectia1-forme-comunicare.html,2,1,propriu,17,5,6,17,2
C:\00\Projects\LearningHub\content\liceu\artistic\cls9\m1-societate-digitala\lectia1-forme-comunicare.html,2,2,propriu,12,7,5,12,2
C:\00\Projects\LearningHub\content\liceu\artistic\cls9\m1-societate-digitala\lectia1-forme-comunicare.html,3,1,propriu,12,3,9,12,3
C:\00\Projects\LearningHub\content\liceu\artistic\cls9\m1-societate-digitala\lectia1-forme-comunicare.html,4,1,propriu,14,3,5,14,4
C:\00\Projects\LearningHub\content\liceu\artistic\cls9\m1-societate-digitala\lectia1-forme-comunicare.html,4,2,altul,11,3,4,12,7
C:\00\Projects\LearningHub\content\liceu\artistic\cls9\m1-societate-digitala\lectia1-forme-comunicare.html,5,1,propriu,12,5,3,12,5
C:\00\Projects\LearningHub\content\liceu\artistic\cls9\m1-societate-digitala\lectia1-forme-comunicare.html,5,2,propriu,15,4,3,15,5
C:\00\Projects\LearningHub\content\liceu\artistic\cls9\m1-societate-digitala\lectia1-forme-comunicare.html,6,1,propriu,16,8,6,16,6
C:\00\Projects\LearningHub\content\liceu\artistic\cls9\m1-societate-digitala\lectia1-forme-comunicare.html,6,2,propriu,16,6,4,16,6
C:\00\Projects\LearningHub\content\liceu\artistic\cls9\m1-societate-digitala\lectia1-forme-comunicare.html,7,1,altul,8,,9,12,4
C:\00\Projects\LearningHub\content\liceu\artistic\cls9\m1-societate-digitala\lectia10-tehnologii-emergente.html,1,1,propriu,14,11,,14,1
C:\00\Projects\LearningHub\content\liceu\artistic\cls9\m1-societate-digitala\lectia10-tehnologii-emergente.html,2,1,propriu,17,12,8,17,2
C:\00\Projects\LearningHub\content\liceu\artistic\cls9\m1-societate-digitala\lectia10-tehnologii-emergente.html,3,1,propriu,15,6,8,15,3
C:\00\Projects\LearningHub\content\liceu\artistic\cls9\m1-societate-digitala\lectia10-tehnologii-emergente.html,4,1,propriu,13,6,2,13,4
C:\00\Projects\LearningHub\content\liceu\artistic\cls9\m1-societate-digitala\lectia10-tehnologii-emergente.html,4,2,propriu,7,3,5,7,4
C:\00\Projects\LearningHub\content\liceu\artistic\cls9\m1-societate-digitala\lectia10-tehnologii-emergente.html,5,1,propriu,15,8,4,15,5
C:\00\Projects\LearningHub\content\liceu\artistic\cls9\m1-societate-digitala\lectia10-tehnologii-emergente.html,5,2,propriu,15,4,8,15,5
C:\00\Projects\LearningHub\content\liceu\artistic\cls9\m1-societate-digitala\lectia10-tehnologii-emergente.html,6,1,propriu,17,7,6,17,6
C:\00\Projects\LearningHub\content\liceu\artistic\cls9\m1-societate-digitala\lectia10-tehnologii-emergente.html,7,1,altul,9,,7,13,5
C:\00\Projects\LearningHub\content\liceu\artistic\cls9\m1-societate-digitala\lectia2-email-neticheta.html,1,1,propriu,12,7,,12,1
C:\00\Projects\LearningHub\content\liceu\artistic\cls9\m1-societate-digitala\lectia2-email-neticheta.html,2,1,propriu,15,4,5,15,2
C:\00\Projects\LearningHub\content\liceu\artistic\cls9\m1-societate-digitala\lectia2-email-neticheta.html,3,1,propriu,16,9,3,16,3
C:\00\Projects\LearningHub\content\liceu\artistic\cls9\m1-societate-digitala\lectia2-email-neticheta.html,4,1,propriu,15,6,10,15,4
C:\00\Projects\LearningHub\content\liceu\artistic\cls9\m1-societate-digitala\lectia2-email-neticheta.html,4,2,propriu,13,5,7,13,4
C:\00\Projects\LearningHub\content\liceu\artistic\cls9\m1-societate-digitala\lectia2-email-neticheta.html,5,1,propriu,14,2,7,14,5
C:\00\Projects\LearningHub\content\liceu\artistic\cls9\m1-societate-digitala\lectia2-email-neticheta.html,5,2,decalat_inainte,7,8,4,8,6
C:\00\Projects\LearningHub\content\liceu\artistic\cls9\m1-societate-digitala\lectia2-email-neticheta.html,6,1,propriu,12,,2,12,6
C:\00\Projects\LearningHub\content\liceu\artistic\cls9\m1-societate-digitala\lectia3-gestionare-mesaje-risc.html,1,1,propriu,17,9,,17,1
C:\00\Projects\LearningHub\content\liceu\artistic\cls9\m1-societate-digitala\lectia3-gestionare-mesaje-risc.html,2,1,propriu,14,7,7,14,2
C:\00\Projects\LearningHub\content\liceu\artistic\cls9\m1-societate-digitala\lectia3-gestionare-mesaje-risc.html,3,1,propriu,17,7,5,17,3
C:\00\Projects\LearningHub\content\liceu\artistic\cls9\m1-societate-digitala\lectia3-gestionare-mesaje-risc.html,4,1,propriu,20,8,11,20,4
C:\00\Projects\LearningHub\content\liceu\artistic\cls9\m1-societate-digitala\lectia3-gestionare-mesaje-risc.html,4,2,propriu,11,6,7,11,4
C:\00\Projects\LearningHub\content\liceu\artistic\cls9\m1-societate-digitala\lectia3-gestionare-mesaje-risc.html,5,1,propriu,13,7,5,13,5
C:\00\Projects\LearningHub\content\liceu\artistic\cls9\m1-societate-digitala\lectia3-gestionare-mesaje-risc.html,6,1,propriu,26,8,4,26,6
C:\00\Projects\LearningHub\content\liceu\artistic\cls9\m1-societate-digitala\lectia3-gestionare-mesaje-risc.html,6,2,propriu,18,12,5,18,6
C:\00\Projects\LearningHub\content\liceu\artistic\cls9\m1-societate-digitala\lectia3-gestionare-mesaje-risc.html,7,1,decalat_inapoi,7,,18,18,6
C:\00\Projects\LearningHub\content\liceu\artistic\cls9\m1-societate-digitala\lectia4-resurse-partajate.html,1,1,propriu,12,9,,12,1
C:\00\Projects\LearningHub\content\liceu\artistic\cls9\m1-societate-digitala\lectia4-resurse-partajate.html,2,1,propriu,11,6,7,11,2
C:\00\Projects\LearningHub\content\liceu\artistic\cls9\m1-societate-digitala\lectia4-resurse-partajate.html,2,2,propriu,16,6,13,16,2
C:\00\Projects\LearningHub\content\liceu\artistic\cls9\m1-societate-digitala\lectia4-resurse-partajate.html,3,1,propriu,11,5,4,11,3
C:\00\Projects\LearningHub\content\liceu\artistic\cls9\m1-societate-digitala\lectia4-resurse-partajate.html,4,1,propriu,20,3,11,20,4
C:\00\Projects\LearningHub\content\liceu\artistic\cls9\m1-societate-digitala\lectia4-resurse-partajate.html,5,1,propriu,12,7,3,12,5
C:\00\Projects\LearningHub\content\liceu\artistic\cls9\m1-societate-digitala\lectia4-resurse-partajate.html,6,1,propriu,21,,5,21,6
C:\00\Projects\LearningHub\content\liceu\artistic\cls9\m1-societate-digitala\lectia4-resurse-partajate.html,6,2,propriu,15,,5,15,6
C:\00\Projects\LearningHub\content\liceu\artistic\cls9\m1-societate-digitala\lectia5-platforme-invatare.html,1,1,propriu,14,6,,14,1
C:\00\Projects\LearningHub\content\liceu\artistic\cls9\m1-societate-digitala\lectia5-platforme-invatare.html,2,1,propriu,15,7,7,15,2
C:\00\Projects\LearningHub\content\liceu\artistic\cls9\m1-societate-digitala\lectia5-platforme-invatare.html,3,1,propriu,15,3,7,15,3
C:\00\Projects\LearningHub\content\liceu\artistic\cls9\m1-societate-digitala\lectia5-platforme-invatare.html,4,1,propriu,16,5,7,16,4
C:\00\Projects\LearningHub\content\liceu\artistic\cls9\m1-societate-digitala\lectia5-platforme-invatare.html,4,2,propriu,15,2,3,15,4
C:\00\Projects\LearningHub\content\liceu\artistic\cls9\m1-societate-digitala\lectia5-platforme-invatare.html,5,1,propriu,17,9,2,17,5
C:\00\Projects\LearningHub\content\liceu\artistic\cls9\m1-societate-digitala\lectia5-platforme-invatare.html,6,1,propriu,19,10,7,19,6
C:\00\Projects\LearningHub\content\liceu\artistic\cls9\m1-societate-digitala\lectia5-platforme-invatare.html,6,2,propriu,16,6,2,16,6
C:\00\Projects\LearningHub\content\liceu\artistic\cls9\m1-societate-digitala\lectia5-platforme-invatare.html,7,1,decalat_inapoi,7,,12,12,6
C:\00\Projects\LearningHub\content\liceu\artistic\cls9\m1-societate-digitala\lectia6-ia-ce-este.html,1,1,propriu,12,2,,12,1
C:\00\Projects\LearningHub\content\liceu\artistic\cls9\m1-societate-digitala\lectia6-ia-ce-este.html,2,1,propriu,12,7,9,12,2
C:\00\Projects\LearningHub\content\liceu\artistic\cls9\m1-societate-digitala\lectia6-ia-ce-este.html,3,1,propriu,11,7,2,11,3
C:\00\Projects\LearningHub\content\liceu\artistic\cls9\m1-societate-digitala\lectia6-ia-ce-este.html,4,1,propriu,18,9,6,18,4
C:\00\Projects\LearningHub\content\liceu\artistic\cls9\m1-societate-digitala\lectia6-ia-ce-este.html,5,1,propriu,14,5,5,14,5
C:\00\Projects\LearningHub\content\liceu\artistic\cls9\m1-societate-digitala\lectia6-ia-ce-este.html,6,1,propriu,15,7,4,15,6
C:\00\Projects\LearningHub\content\liceu\artistic\cls9\m1-societate-digitala\lectia6-ia-ce-este.html,7,1,propriu,12,,10,12,7
C:\00\Projects\LearningHub\content\liceu\artistic\cls9\m1-societate-digitala\lectia7-ia-date-bias.html,1,1,propriu,17,7,,17,1
C:\00\Projects\LearningHub\content\liceu\artistic\cls9\m1-societate-digitala\lectia7-ia-date-bias.html,2,1,propriu,15,10,8,15,2
C:\00\Projects\LearningHub\content\liceu\artistic\cls9\m1-societate-digitala\lectia7-ia-date-bias.html,3,1,propriu,12,5,5,12,3
C:\00\Projects\LearningHub\content\liceu\artistic\cls9\m1-societate-digitala\lectia7-ia-date-bias.html,4,1,propriu,19,12,5,19,4
C:\00\Projects\LearningHub\content\liceu\artistic\cls9\m1-societate-digitala\lectia7-ia-date-bias.html,5,1,propriu,21,5,8,21,5
C:\00\Projects\LearningHub\content\liceu\artistic\cls9\m1-societate-digitala\lectia7-ia-date-bias.html,6,1,propriu,15,,8,15,6
C:\00\Projects\LearningHub\content\liceu\artistic\cls9\m1-societate-digitala\lectia8-modele-generative.html,1,1,propriu,16,3,,16,1
C:\00\Projects\LearningHub\content\liceu\artistic\cls9\m1-societate-digitala\lectia8-modele-generative.html,2,1,propriu,14,8,10,14,2
C:\00\Projects\LearningHub\content\liceu\artistic\cls9\m1-societate-digitala\lectia8-modele-generative.html,3,1,propriu,13,9,10,13,3
C:\00\Projects\LearningHub\content\liceu\artistic\cls9\m1-societate-digitala\lectia8-modele-generative.html,4,1,propriu,19,12,6,19,4
C:\00\Projects\LearningHub\content\liceu\artistic\cls9\m1-societate-digitala\lectia8-modele-generative.html,4,2,propriu,16,14,12,16,4
C:\00\Projects\LearningHub\content\liceu\artistic\cls9\m1-societate-digitala\lectia8-modele-generative.html,5,1,decalat_inapoi,13,13,15,15,4
C:\00\Projects\LearningHub\content\liceu\artistic\cls9\m1-societate-digitala\lectia8-modele-generative.html,5,2,propriu,15,4,7,15,5
C:\00\Projects\LearningHub\content\liceu\artistic\cls9\m1-societate-digitala\lectia8-modele-generative.html,6,1,propriu,14,7,9,14,6
C:\00\Projects\LearningHub\content\liceu\artistic\cls9\m1-societate-digitala\lectia8-modele-generative.html,7,1,altul,11,,12,16,5
C:\00\Projects\LearningHub\content\liceu\artistic\cls9\m1-societate-digitala\lectia9-ia-responsabila.html,1,1,propriu,19,8,,19,1
C:\00\Projects\LearningHub\content\liceu\artistic\cls9\m1-societate-digitala\lectia9-ia-responsabila.html,2,1,propriu,10,8,10,10,2
C:\00\Projects\LearningHub\content\liceu\artistic\cls9\m1-societate-digitala\lectia9-ia-responsabila.html,2,2,propriu,15,3,6,15,2
C:\00\Projects\LearningHub\content\liceu\artistic\cls9\m1-societate-digitala\lectia9-ia-responsabila.html,3,1,propriu,14,5,4,14,3
C:\00\Projects\LearningHub\content\liceu\artistic\cls9\m1-societate-digitala\lectia9-ia-responsabila.html,3,2,propriu,21,3,7,21,3
C:\00\Projects\LearningHub\content\liceu\artistic\cls9\m1-societate-digitala\lectia9-ia-responsabila.html,4,1,propriu,19,5,9,19,4
C:\00\Projects\LearningHub\content\liceu\artistic\cls9\m1-societate-digitala\lectia9-ia-responsabila.html,5,1,propriu,20,7,4,20,5
C:\00\Projects\LearningHub\content\liceu\artistic\cls9\m1-societate-digitala\lectia9-ia-responsabila.html,5,2,propriu,14,2,2,14,5
C:\00\Projects\LearningHub\content\liceu\artistic\cls9\m1-societate-digitala\lectia9-ia-responsabila.html,6,1,propriu,14,3,2,14,6
C:\00\Projects\LearningHub\content\liceu\artistic\cls9\m1-societate-digitala\lectia9-ia-responsabila.html,7,1,propriu,13,,5,13,7
C:\00\Projects\LearningHub\content\liceu\artistic\cls9\m2-continuturi-digitale\lectia1-text-ascii-unicode.html,1,1,propriu,14,8,,14,1
C:\00\Projects\LearningHub\content\liceu\artistic\cls9\m2-continuturi-digitale\lectia1-text-ascii-unicode.html,2,1,propriu,12,7,5,12,2
C:\00\Projects\LearningHub\content\liceu\artistic\cls9\m2-continuturi-digitale\lectia1-text-ascii-unicode.html,3,1,propriu,14,8,5,14,3
C:\00\Projects\LearningHub\content\liceu\artistic\cls9\m2-continuturi-digitale\lectia1-text-ascii-unicode.html,4,1,decalat_inainte,12,16,6,16,5
C:\00\Projects\LearningHub\content\liceu\artistic\cls9\m2-continuturi-digitale\lectia1-text-ascii-unicode.html,5,1,propriu,13,9,8,13,5
C:\00\Projects\LearningHub\content\liceu\artistic\cls9\m2-continuturi-digitale\lectia1-text-ascii-unicode.html,6,1,propriu,16,12,7,16,6
C:\00\Projects\LearningHub\content\liceu\artistic\cls9\m2-continuturi-digitale\lectia1-text-ascii-unicode.html,7,1,propriu,17,,9,17,7
C:\00\Projects\LearningHub\content\liceu\artistic\cls9\m2-continuturi-digitale\lectia2-formatare-profesionala.html,1,1,propriu,14,7,,14,1
C:\00\Projects\LearningHub\content\liceu\artistic\cls9\m2-continuturi-digitale\lectia2-formatare-profesionala.html,2,1,decalat_inapoi,11,6,18,18,1
C:\00\Projects\LearningHub\content\liceu\artistic\cls9\m2-continuturi-digitale\lectia2-formatare-profesionala.html,2,2,propriu,12,6,5,12,2
C:\00\Projects\LearningHub\content\liceu\artistic\cls9\m2-continuturi-digitale\lectia2-formatare-profesionala.html,3,1,propriu,24,12,5,24,3
C:\00\Projects\LearningHub\content\liceu\artistic\cls9\m2-continuturi-digitale\lectia2-formatare-profesionala.html,4,1,propriu,13,9,6,13,4
C:\00\Projects\LearningHub\content\liceu\artistic\cls9\m2-continuturi-digitale\lectia2-formatare-profesionala.html,4,2,propriu,13,8,4,13,4
C:\00\Projects\LearningHub\content\liceu\artistic\cls9\m2-continuturi-digitale\lectia2-formatare-profesionala.html,5,1,propriu,8,1,8,8,5
C:\00\Projects\LearningHub\content\liceu\artistic\cls9\m2-continuturi-digitale\lectia2-formatare-profesionala.html,6,1,altul,14,11,10,16,1
C:\00\Projects\LearningHub\content\liceu\artistic\cls9\m2-continuturi-digitale\lectia2-formatare-profesionala.html,7,1,altul,17,,9,26,5
C:\00\Projects\LearningHub\content\liceu\artistic\cls9\m2-continuturi-digitale\lectia3-aspect-pagina.html,1,1,propriu,16,4,,16,1
C:\00\Projects\LearningHub\content\liceu\artistic\cls9\m2-continuturi-digitale\lectia3-aspect-pagina.html,2,1,propriu,16,12,9,16,2
C:\00\Projects\LearningHub\content\liceu\artistic\cls9\m2-continuturi-digitale\lectia3-aspect-pagina.html,3,1,propriu,23,14,10,23,3
C:\00\Projects\LearningHub\content\liceu\artistic\cls9\m2-continuturi-digitale\lectia3-aspect-pagina.html,4,1,propriu,20,19,17,20,4
C:\00\Projects\LearningHub\content\liceu\artistic\cls9\m2-continuturi-digitale\lectia3-aspect-pagina.html,4,2,propriu,23,17,14,23,4
C:\00\Projects\LearningHub\content\liceu\artistic\cls9\m2-continuturi-digitale\lectia3-aspect-pagina.html,5,1,propriu,17,12,17,17,5
C:\00\Projects\LearningHub\content\liceu\artistic\cls9\m2-continuturi-digitale\lectia3-aspect-pagina.html,6,1,propriu,14,13,6,14,6
C:\00\Projects\LearningHub\content\liceu\artistic\cls9\m2-continuturi-digitale\lectia3-aspect-pagina.html,7,1,propriu,13,,9,13,7
C:\00\Projects\LearningHub\content\liceu\artistic\cls9\m2-continuturi-digitale\lectia4-documente-lungi.html,1,1,propriu,16,7,,16,1
C:\00\Projects\LearningHub\content\liceu\artistic\cls9\m2-continuturi-digitale\lectia4-documente-lungi.html,2,1,propriu,15,11,9,15,2
C:\00\Projects\LearningHub\content\liceu\artistic\cls9\m2-continuturi-digitale\lectia4-documente-lungi.html,3,1,propriu,11,9,6,11,3
C:\00\Projects\LearningHub\content\liceu\artistic\cls9\m2-continuturi-digitale\lectia4-documente-lungi.html,3,2,propriu,12,8,4,12,3
C:\00\Projects\LearningHub\content\liceu\artistic\cls9\m2-continuturi-digitale\lectia4-documente-lungi.html,4,1,propriu,15,11,13,15,4
C:\00\Projects\LearningHub\content\liceu\artistic\cls9\m2-continuturi-digitale\lectia4-documente-lungi.html,5,1,propriu,13,1,8,13,5
C:\00\Projects\LearningHub\content\liceu\artistic\cls9\m2-continuturi-digitale\lectia4-documente-lungi.html,6,1,propriu,14,7,3,14,6
C:\00\Projects\LearningHub\content\liceu\artistic\cls9\m2-continuturi-digitale\lectia4-documente-lungi.html,7,1,propriu,18,,3,18,7
C:\00\Projects\LearningHub\content\liceu\artistic\cls9\m2-continuturi-digitale\lectia4-documente-lungi.html,7,2,propriu,11,,2,11,7
C:\00\Projects\LearningHub\content\liceu\artistic\cls9\m2-continuturi-digitale\lectia5-colaborare-document.html,1,1,propriu,14,7,,14,1
C:\00\Projects\LearningHub\content\liceu\artistic\cls9\m2-continuturi-digitale\lectia5-colaborare-document.html,2,1,altul,11,10,8,13,4
C:\00\Projects\LearningHub\content\liceu\artistic\cls9\m2-continuturi-digitale\lectia5-colaborare-document.html,3,1,propriu,18,7,7,18,3
C:\00\Projects\LearningHub\content\liceu\artistic\cls9\m2-continuturi-digitale\lectia5-colaborare-document.html,3,2,propriu,13,7,8,13,3
C:\00\Projects\LearningHub\content\liceu\artistic\cls9\m2-continuturi-digitale\lectia5-colaborare-document.html,4,1,propriu,14,10,8,14,4
C:\00\Projects\LearningHub\content\liceu\artistic\cls9\m2-continuturi-digitale\lectia5-colaborare-document.html,5,1,altul,12,9,7,13,7
C:\00\Projects\LearningHub\content\liceu\artistic\cls9\m2-continuturi-digitale\lectia5-colaborare-document.html,6,1,propriu,17,12,12,17,6
C:\00\Projects\LearningHub\content\liceu\artistic\cls9\m2-continuturi-digitale\lectia5-colaborare-document.html,6,2,propriu,17,8,8,17,6
C:\00\Projects\LearningHub\content\liceu\artistic\cls9\m2-continuturi-digitale\lectia5-colaborare-document.html,7,1,altul,13,,11,16,3
C:\00\Projects\LearningHub\content\liceu\artistic\cls9\m2-continuturi-digitale\lectia6-imbinare-corespondenta.html,1,1,altul,11,8,,13,3
C:\00\Projects\LearningHub\content\liceu\artistic\cls9\m2-continuturi-digitale\lectia6-imbinare-corespondenta.html,2,1,propriu,18,15,12,18,2
C:\00\Projects\LearningHub\content\liceu\artistic\cls9\m2-continuturi-digitale\lectia6-imbinare-corespondenta.html,3,1,propriu,19,7,13,19,3
C:\00\Projects\LearningHub\content\liceu\artistic\cls9\m2-continuturi-digitale\lectia6-imbinare-corespondenta.html,4,1,propriu,17,13,13,17,4
C:\00\Projects\LearningHub\content\liceu\artistic\cls9\m2-continuturi-digitale\lectia6-imbinare-corespondenta.html,5,1,propriu,14,9,7,14,5
C:\00\Projects\LearningHub\content\liceu\artistic\cls9\m2-continuturi-digitale\lectia6-imbinare-corespondenta.html,6,1,propriu,16,,13,16,6
C:\00\Projects\LearningHub\content\liceu\artistic\cls9\m2-continuturi-digitale\lectia7-ecuatii-campuri-ia.html,1,1,propriu,21,13,,21,1
C:\00\Projects\LearningHub\content\liceu\artistic\cls9\m2-continuturi-digitale\lectia7-ecuatii-campuri-ia.html,2,1,propriu,16,7,13,16,2
C:\00\Projects\LearningHub\content\liceu\artistic\cls9\m2-continuturi-digitale\lectia7-ecuatii-campuri-ia.html,3,1,propriu,21,16,7,21,3
C:\00\Projects\LearningHub\content\liceu\artistic\cls9\m2-continuturi-digitale\lectia7-ecuatii-campuri-ia.html,3,2,propriu,12,9,8,12,3
C:\00\Projects\LearningHub\content\liceu\artistic\cls9\m2-continuturi-digitale\lectia7-ecuatii-campuri-ia.html,4,1,propriu,23,8,21,23,4
C:\00\Projects\LearningHub\content\liceu\artistic\cls9\m2-continuturi-digitale\lectia7-ecuatii-campuri-ia.html,5,1,propriu,17,13,10,17,5
C:\00\Projects\LearningHub\content\liceu\artistic\cls9\m2-continuturi-digitale\lectia7-ecuatii-campuri-ia.html,5,2,propriu,19,5,6,19,5
C:\00\Projects\LearningHub\content\liceu\artistic\cls9\m2-continuturi-digitale\lectia7-ecuatii-campuri-ia.html,6,1,propriu,22,,7,22,6
C:\00\Projects\LearningHub\content\liceu\artistic\cls9\m2-continuturi-digitale\lectia8-prezentari-baze.html,1,1,propriu,20,8,,20,1
C:\00\Projects\LearningHub\content\liceu\artistic\cls9\m2-continuturi-digitale\lectia8-prezentari-baze.html,2,1,propriu,18,7,4,18,2
C:\00\Projects\LearningHub\content\liceu\artistic\cls9\m2-continuturi-digitale\lectia8-prezentari-baze.html,2,2,propriu,18,7,9,18,2
C:\00\Projects\LearningHub\content\liceu\artistic\cls9\m2-continuturi-digitale\lectia8-prezentari-baze.html,3,1,propriu,16,13,7,16,3
C:\00\Projects\LearningHub\content\liceu\artistic\cls9\m2-continuturi-digitale\lectia8-prezentari-baze.html,4,1,decalat_inapoi,16,13,18,18,3
C:\00\Projects\LearningHub\content\liceu\artistic\cls9\m2-continuturi-digitale\lectia8-prezentari-baze.html,4,2,propriu,18,3,7,18,4
C:\00\Projects\LearningHub\content\liceu\artistic\cls9\m2-continuturi-digitale\lectia8-prezentari-baze.html,5,1,propriu,19,7,8,19,5
C:\00\Projects\LearningHub\content\liceu\artistic\cls9\m2-continuturi-digitale\lectia8-prezentari-baze.html,6,1,altul,14,,12,15,3
C:\00\Projects\LearningHub\content\liceu\artistic\cls9\m2-continuturi-digitale\lectia9-prezentari-interactive.html,1,1,propriu,17,14,,17,1
C:\00\Projects\LearningHub\content\liceu\artistic\cls9\m2-continuturi-digitale\lectia9-prezentari-interactive.html,2,1,propriu,22,10,9,22,2
C:\00\Projects\LearningHub\content\liceu\artistic\cls9\m2-continuturi-digitale\lectia9-prezentari-interactive.html,3,1,propriu,20,4,10,20,3
C:\00\Projects\LearningHub\content\liceu\artistic\cls9\m2-continuturi-digitale\lectia9-prezentari-interactive.html,3,2,decalat_inapoi,11,9,13,13,2
C:\00\Projects\LearningHub\content\liceu\artistic\cls9\m2-continuturi-digitale\lectia9-prezentari-interactive.html,4,1,propriu,8,7,7,8,4
C:\00\Projects\LearningHub\content\liceu\artistic\cls9\m2-continuturi-digitale\lectia9-prezentari-interactive.html,5,1,propriu,13,5,6,13,5
C:\00\Projects\LearningHub\content\liceu\artistic\cls9\m2-continuturi-digitale\lectia9-prezentari-interactive.html,5,2,decalat_inapoi,10,9,11,11,4
C:\00\Projects\LearningHub\content\liceu\artistic\cls9\m2-continuturi-digitale\lectia9-prezentari-interactive.html,6,1,propriu,13,9,10,13,6
C:\00\Projects\LearningHub\content\liceu\artistic\cls9\m2-continuturi-digitale\lectia9-prezentari-interactive.html,7,1,propriu,18,,4,18,7
C:\00\Projects\LearningHub\content\liceu\artistic\cls9\m3-sisteme-de-calcul\lectia1-arhitectura.html,1,1,propriu,11,7,,11,1
C:\00\Projects\LearningHub\content\liceu\artistic\cls9\m3-sisteme-de-calcul\lectia1-arhitectura.html,2,1,altul,13,11,14,15,4
C:\00\Projects\LearningHub\content\liceu\artistic\cls9\m3-sisteme-de-calcul\lectia1-arhitectura.html,3,1,decalat_inapoi,12,7,14,14,2
C:\00\Projects\LearningHub\content\liceu\artistic\cls9\m3-sisteme-de-calcul\lectia1-arhitectura.html,4,1,decalat_inapoi,11,7,12,12,3
C:\00\Projects\LearningHub\content\liceu\artistic\cls9\m3-sisteme-de-calcul\lectia1-arhitectura.html,5,1,propriu,16,13,4,16,5
C:\00\Projects\LearningHub\content\liceu\artistic\cls9\m3-sisteme-de-calcul\lectia1-arhitectura.html,6,1,decalat_inapoi,7,5,8,8,5
C:\00\Projects\LearningHub\content\liceu\artistic\cls9\m3-sisteme-de-calcul\lectia1-arhitectura.html,6,2,decalat_inapoi,13,5,18,18,5
C:\00\Projects\LearningHub\content\liceu\artistic\cls9\m3-sisteme-de-calcul\lectia1-arhitectura.html,7,1,propriu,16,,10,16,7
C:\00\Projects\LearningHub\content\liceu\artistic\cls9\m3-sisteme-de-calcul\lectia10-fisiere-securitate.html,1,1,propriu,8,6,,8,1
C:\00\Projects\LearningHub\content\liceu\artistic\cls9\m3-sisteme-de-calcul\lectia10-fisiere-securitate.html,1,2,propriu,14,6,,14,1
C:\00\Projects\LearningHub\content\liceu\artistic\cls9\m3-sisteme-de-calcul\lectia10-fisiere-securitate.html,2,1,propriu,13,4,7,13,2
C:\00\Projects\LearningHub\content\liceu\artistic\cls9\m3-sisteme-de-calcul\lectia10-fisiere-securitate.html,3,1,propriu,16,5,5,16,3
C:\00\Projects\LearningHub\content\liceu\artistic\cls9\m3-sisteme-de-calcul\lectia10-fisiere-securitate.html,4,1,propriu,14,4,7,14,4
C:\00\Projects\LearningHub\content\liceu\artistic\cls9\m3-sisteme-de-calcul\lectia10-fisiere-securitate.html,4,2,propriu,14,5,6,14,4
C:\00\Projects\LearningHub\content\liceu\artistic\cls9\m3-sisteme-de-calcul\lectia10-fisiere-securitate.html,5,1,propriu,9,7,6,9,5
C:\00\Projects\LearningHub\content\liceu\artistic\cls9\m3-sisteme-de-calcul\lectia10-fisiere-securitate.html,6,1,propriu,13,6,3,13,6
C:\00\Projects\LearningHub\content\liceu\artistic\cls9\m3-sisteme-de-calcul\lectia10-fisiere-securitate.html,7,1,propriu,18,,4,18,7
C:\00\Projects\LearningHub\content\liceu\artistic\cls9\m3-sisteme-de-calcul\lectia10-fisiere-securitate.html,7,2,propriu,13,,9,13,7
C:\00\Projects\LearningHub\content\liceu\artistic\cls9\m3-sisteme-de-calcul\lectia2-procesorul.html,1,1,propriu,14,8,,14,1
C:\00\Projects\LearningHub\content\liceu\artistic\cls9\m3-sisteme-de-calcul\lectia2-procesorul.html,2,1,decalat_inapoi,10,9,11,11,1
C:\00\Projects\LearningHub\content\liceu\artistic\cls9\m3-sisteme-de-calcul\lectia2-procesorul.html,3,1,propriu,17,7,10,17,3
C:\00\Projects\LearningHub\content\liceu\artistic\cls9\m3-sisteme-de-calcul\lectia2-procesorul.html,4,1,propriu,18,7,7,18,4
C:\00\Projects\LearningHub\content\liceu\artistic\cls9\m3-sisteme-de-calcul\lectia2-procesorul.html,5,1,propriu,18,8,11,18,5
C:\00\Projects\LearningHub\content\liceu\artistic\cls9\m3-sisteme-de-calcul\lectia2-procesorul.html,6,1,propriu,19,6,9,19,6
C:\00\Projects\LearningHub\content\liceu\artistic\cls9\m3-sisteme-de-calcul\lectia2-procesorul.html,7,1,propriu,19,,11,19,7
C:\00\Projects\LearningHub\content\liceu\artistic\cls9\m3-sisteme-de-calcul\lectia3-memoria.html,1,1,propriu,15,6,,15,1
C:\00\Projects\LearningHub\content\liceu\artistic\cls9\m3-sisteme-de-calcul\lectia3-memoria.html,2,1,propriu,18,12,9,18,2
C:\00\Projects\LearningHub\content\liceu\artistic\cls9\m3-sisteme-de-calcul\lectia3-memoria.html,3,1,propriu,13,3,4,13,3
C:\00\Projects\LearningHub\content\liceu\artistic\cls9\m3-sisteme-de-calcul\lectia3-memoria.html,3,2,propriu,14,10,12,14,3
C:\00\Projects\LearningHub\content\liceu\artistic\cls9\m3-sisteme-de-calcul\lectia3-memoria.html,4,1,propriu,15,7,9,15,4
C:\00\Projects\LearningHub\content\liceu\artistic\cls9\m3-sisteme-de-calcul\lectia3-memoria.html,4,2,propriu,20,9,12,20,4
C:\00\Projects\LearningHub\content\liceu\artistic\cls9\m3-sisteme-de-calcul\lectia3-memoria.html,5,1,propriu,17,9,10,17,5
C:\00\Projects\LearningHub\content\liceu\artistic\cls9\m3-sisteme-de-calcul\lectia3-memoria.html,6,1,altul,10,,12,20,4
C:\00\Projects\LearningHub\content\liceu\artistic\cls9\m3-sisteme-de-calcul\lectia4-stocarea.html,1,1,propriu,17,7,,17,1
C:\00\Projects\LearningHub\content\liceu\artistic\cls9\m3-sisteme-de-calcul\lectia4-stocarea.html,2,1,propriu,18,10,3,18,2
C:\00\Projects\LearningHub\content\liceu\artistic\cls9\m3-sisteme-de-calcul\lectia4-stocarea.html,2,2,propriu,15,10,4,15,2
C:\00\Projects\LearningHub\content\liceu\artistic\cls9\m3-sisteme-de-calcul\lectia4-stocarea.html,3,1,propriu,18,8,15,18,3
C:\00\Projects\LearningHub\content\liceu\artistic\cls9\m3-sisteme-de-calcul\lectia4-stocarea.html,4,1,propriu,15,7,1,15,4
C:\00\Projects\LearningHub\content\liceu\artistic\cls9\m3-sisteme-de-calcul\lectia4-stocarea.html,5,1,propriu,16,5,5,16,5
C:\00\Projects\LearningHub\content\liceu\artistic\cls9\m3-sisteme-de-calcul\lectia4-stocarea.html,5,2,decalat_inainte,9,12,4,12,6
C:\00\Projects\LearningHub\content\liceu\artistic\cls9\m3-sisteme-de-calcul\lectia4-stocarea.html,6,1,propriu,14,10,7,14,6
C:\00\Projects\LearningHub\content\liceu\artistic\cls9\m3-sisteme-de-calcul\lectia4-stocarea.html,6,2,propriu,15,2,4,15,6
C:\00\Projects\LearningHub\content\liceu\artistic\cls9\m3-sisteme-de-calcul\lectia4-stocarea.html,7,1,decalat_inapoi,13,,15,15,6
C:\00\Projects\LearningHub\content\liceu\artistic\cls9\m3-sisteme-de-calcul\lectia5-placa-baza-interfete.html,1,1,altul,12,5,,14,7
C:\00\Projects\LearningHub\content\liceu\artistic\cls9\m3-sisteme-de-calcul\lectia5-placa-baza-interfete.html,2,1,propriu,13,7,3,13,2
C:\00\Projects\LearningHub\content\liceu\artistic\cls9\m3-sisteme-de-calcul\lectia5-placa-baza-interfete.html,2,2,propriu,8,3,1,8,2
C:\00\Projects\LearningHub\content\liceu\artistic\cls9\m3-sisteme-de-calcul\lectia5-placa-baza-interfete.html,3,1,propriu,14,8,4,14,3
C:\00\Projects\LearningHub\content\liceu\artistic\cls9\m3-sisteme-de-calcul\lectia5-placa-baza-interfete.html,4,1,propriu,24,5,5,24,4
C:\00\Projects\LearningHub\content\liceu\artistic\cls9\m3-sisteme-de-calcul\lectia5-placa-baza-interfete.html,4,2,propriu,12,8,7,12,4
C:\00\Projects\LearningHub\content\liceu\artistic\cls9\m3-sisteme-de-calcul\lectia5-placa-baza-interfete.html,5,1,propriu,14,10,5,14,5
C:\00\Projects\LearningHub\content\liceu\artistic\cls9\m3-sisteme-de-calcul\lectia5-placa-baza-interfete.html,6,1,propriu,13,9,7,13,6
C:\00\Projects\LearningHub\content\liceu\artistic\cls9\m3-sisteme-de-calcul\lectia5-placa-baza-interfete.html,6,2,propriu,14,8,9,14,6
C:\00\Projects\LearningHub\content\liceu\artistic\cls9\m3-sisteme-de-calcul\lectia5-placa-baza-interfete.html,7,1,altul,9,,7,19,5
C:\00\Projects\LearningHub\content\liceu\artistic\cls9\m3-sisteme-de-calcul\lectia6-periferice-intrare.html,1,1,propriu,17,5,,17,1
C:\00\Projects\LearningHub\content\liceu\artistic\cls9\m3-sisteme-de-calcul\lectia6-periferice-intrare.html,2,1,propriu,18,8,6,18,2
C:\00\Projects\LearningHub\content\liceu\artistic\cls9\m3-sisteme-de-calcul\lectia6-periferice-intrare.html,3,1,propriu,15,5,5,15,3
C:\00\Projects\LearningHub\content\liceu\artistic\cls9\m3-sisteme-de-calcul\lectia6-periferice-intrare.html,4,1,propriu,18,6,5,18,4
C:\00\Projects\LearningHub\content\liceu\artistic\cls9\m3-sisteme-de-calcul\lectia6-periferice-intrare.html,5,1,propriu,13,9,4,13,5
C:\00\Projects\LearningHub\content\liceu\artistic\cls9\m3-sisteme-de-calcul\lectia6-periferice-intrare.html,6,1,propriu,11,8,3,11,6
C:\00\Projects\LearningHub\content\liceu\artistic\cls9\m3-sisteme-de-calcul\lectia6-periferice-intrare.html,6,2,propriu,17,11,6,17,6
C:\00\Projects\LearningHub\content\liceu\artistic\cls9\m3-sisteme-de-calcul\lectia6-periferice-intrare.html,7,1,propriu,11,,7,11,7
C:\00\Projects\LearningHub\content\liceu\artistic\cls9\m3-sisteme-de-calcul\lectia6-periferice-intrare.html,7,2,propriu,18,,16,18,7
C:\00\Projects\LearningHub\content\liceu\artistic\cls9\m3-sisteme-de-calcul\lectia7-periferice-iesire.html,1,1,propriu,11,11,,11,1
C:\00\Projects\LearningHub\content\liceu\artistic\cls9\m3-sisteme-de-calcul\lectia7-periferice-iesire.html,2,1,propriu,19,8,5,19,2
C:\00\Projects\LearningHub\content\liceu\artistic\cls9\m3-sisteme-de-calcul\lectia7-periferice-iesire.html,2,2,propriu,15,7,7,15,2
C:\00\Projects\LearningHub\content\liceu\artistic\cls9\m3-sisteme-de-calcul\lectia7-periferice-iesire.html,3,1,propriu,18,6,4,18,3
C:\00\Projects\LearningHub\content\liceu\artistic\cls9\m3-sisteme-de-calcul\lectia7-periferice-iesire.html,4,1,propriu,20,5,7,20,4
C:\00\Projects\LearningHub\content\liceu\artistic\cls9\m3-sisteme-de-calcul\lectia7-periferice-iesire.html,5,1,propriu,14,6,3,14,5
C:\00\Projects\LearningHub\content\liceu\artistic\cls9\m3-sisteme-de-calcul\lectia7-periferice-iesire.html,6,1,propriu,17,7,5,17,6
C:\00\Projects\LearningHub\content\liceu\artistic\cls9\m3-sisteme-de-calcul\lectia7-periferice-iesire.html,6,2,propriu,8,1,3,8,6
C:\00\Projects\LearningHub\content\liceu\artistic\cls9\m3-sisteme-de-calcul\lectia7-periferice-iesire.html,7,1,propriu,10,,3,10,7
C:\00\Projects\LearningHub\content\liceu\artistic\cls9\m3-sisteme-de-calcul\lectia8-alimentare-racire.html,1,1,propriu,19,12,,19,1
C:\00\Projects\LearningHub\content\liceu\artistic\cls9\m3-sisteme-de-calcul\lectia8-alimentare-racire.html,2,1,propriu,20,9,9,20,2
C:\00\Projects\LearningHub\content\liceu\artistic\cls9\m3-sisteme-de-calcul\lectia8-alimentare-racire.html,2,2,propriu,16,4,5,16,2
C:\00\Projects\LearningHub\content\liceu\artistic\cls9\m3-sisteme-de-calcul\lectia8-alimentare-racire.html,3,1,propriu,13,6,6,13,3
C:\00\Projects\LearningHub\content\liceu\artistic\cls9\m3-sisteme-de-calcul\lectia8-alimentare-racire.html,4,1,decalat_inainte,18,19,7,19,5
C:\00\Projects\LearningHub\content\liceu\artistic\cls9\m3-sisteme-de-calcul\lectia8-alimentare-racire.html,5,1,propriu,16,11,11,16,5
C:\00\Projects\LearningHub\content\liceu\artistic\cls9\m3-sisteme-de-calcul\lectia8-alimentare-racire.html,6,1,propriu,13,7,10,13,6
C:\00\Projects\LearningHub\content\liceu\artistic\cls9\m3-sisteme-de-calcul\lectia8-alimentare-racire.html,7,1,propriu,19,,2,19,7
C:\00\Projects\LearningHub\content\liceu\artistic\cls9\m3-sisteme-de-calcul\lectia9-sistemul-de-operare.html,1,1,propriu,12,8,,12,1
C:\00\Projects\LearningHub\content\liceu\artistic\cls9\m3-sisteme-de-calcul\lectia9-sistemul-de-operare.html,2,1,propriu,15,4,5,15,2
C:\00\Projects\LearningHub\content\liceu\artistic\cls9\m3-sisteme-de-calcul\lectia9-sistemul-de-operare.html,3,1,propriu,17,13,11,17,3
C:\00\Projects\LearningHub\content\liceu\artistic\cls9\m3-sisteme-de-calcul\lectia9-sistemul-de-operare.html,4,1,propriu,18,0,9,18,4
C:\00\Projects\LearningHub\content\liceu\artistic\cls9\m3-sisteme-de-calcul\lectia9-sistemul-de-operare.html,5,1,propriu,18,11,6,18,5
C:\00\Projects\LearningHub\content\liceu\artistic\cls9\m3-sisteme-de-calcul\lectia9-sistemul-de-operare.html,6,1,propriu,16,,10,16,6
C:\00\Projects\LearningHub\content\liceu\mat-info\cls10\m1-structuri-date\lectia2-operatii-vectori.html,1,1,propriu,7,3,,7,1
C:\00\Projects\LearningHub\content\liceu\mat-info\cls10\m1-structuri-date\lectia2-operatii-vectori.html,2,1,propriu,4,2,3,4,2
C:\00\Projects\LearningHub\content\liceu\mat-info\cls10\m1-structuri-date\lectia2-operatii-vectori.html,3,1,propriu,8,6,5,8,3
C:\00\Projects\LearningHub\content\liceu\mat-info\cls10\m1-structuri-date\lectia2-operatii-vectori.html,4,1,propriu,9,6,4,9,4
C:\00\Projects\LearningHub\content\liceu\mat-info\cls10\m1-structuri-date\lectia2-operatii-vectori.html,5,1,propriu,6,5,3,6,5
C:\00\Projects\LearningHub\content\liceu\mat-info\cls10\m1-structuri-date\lectia2-operatii-vectori.html,6,1,propriu,13,,4,13,6
C:\00\Projects\LearningHub\content\liceu\mat-info\cls10\m1-structuri-date\lectia3-secvente.html,1,1,propriu,9,3,,9,1
C:\00\Projects\LearningHub\content\liceu\mat-info\cls10\m1-structuri-date\lectia3-secvente.html,2,1,propriu,3,1,2,3,2
C:\00\Projects\LearningHub\content\liceu\mat-info\cls10\m1-structuri-date\lectia3-secvente.html,3,1,propriu,7,3,1,7,3
C:\00\Projects\LearningHub\content\liceu\mat-info\cls10\m1-structuri-date\lectia3-secvente.html,4,1,propriu,12,3,3,12,4
C:\00\Projects\LearningHub\content\liceu\mat-info\cls10\m1-structuri-date\lectia3-secvente.html,5,1,propriu,4,0,2,4,5
C:\00\Projects\LearningHub\content\liceu\mat-info\cls10\m1-structuri-date\lectia3-secvente.html,6,1,propriu,4,,1,4,6
C:\00\Projects\LearningHub\content\liceu\mat-info\cls10\m1-structuri-date\lectia4-matrice-intro.html,1,1,propriu,6,2,,6,1
C:\00\Projects\LearningHub\content\liceu\mat-info\cls10\m1-structuri-date\lectia4-matrice-intro.html,2,1,propriu,15,6,6,15,2
C:\00\Projects\LearningHub\content\liceu\mat-info\cls10\m1-structuri-date\lectia4-matrice-intro.html,3,1,propriu,12,7,5,12,3
C:\00\Projects\LearningHub\content\liceu\mat-info\cls10\m1-structuri-date\lectia4-matrice-intro.html,4,1,decalat_inapoi,7,1,10,10,3
C:\00\Projects\LearningHub\content\liceu\mat-info\cls10\m1-structuri-date\lectia4-matrice-intro.html,5,1,altul,2,4,3,5,3
C:\00\Projects\LearningHub\content\liceu\mat-info\cls10\m1-structuri-date\lectia4-matrice-intro.html,6,1,propriu,8,,3,8,6
C:\00\Projects\LearningHub\content\liceu\mat-info\cls10\m1-structuri-date\lectia5-matrice-operatii.html,1,1,propriu,7,5,,7,1
C:\00\Projects\LearningHub\content\liceu\mat-info\cls10\m1-structuri-date\lectia5-matrice-operatii.html,2,1,decalat_inapoi,5,3,6,6,1
C:\00\Projects\LearningHub\content\liceu\mat-info\cls10\m1-structuri-date\lectia5-matrice-operatii.html,3,1,propriu,7,2,1,7,3
C:\00\Projects\LearningHub\content\liceu\mat-info\cls10\m1-structuri-date\lectia5-matrice-operatii.html,4,1,decalat_inapoi,4,5,5,5,3
C:\00\Projects\LearningHub\content\liceu\mat-info\cls10\m1-structuri-date\lectia5-matrice-operatii.html,5,1,propriu,7,2,2,7,5
C:\00\Projects\LearningHub\content\liceu\mat-info\cls10\m1-structuri-date\lectia5-matrice-operatii.html,6,1,propriu,5,,3,5,6
C:\00\Projects\LearningHub\content\liceu\mat-info\cls10\m1-structuri-date\lectia6-siruri-caractere.html,1,1,decalat_inainte,3,4,,4,2
C:\00\Projects\LearningHub\content\liceu\mat-info\cls10\m1-structuri-date\lectia6-siruri-caractere.html,2,1,propriu,6,3,4,6,2
C:\00\Projects\LearningHub\content\liceu\mat-info\cls10\m1-structuri-date\lectia6-siruri-caractere.html,3,1,propriu,8,1,2,8,3
C:\00\Projects\LearningHub\content\liceu\mat-info\cls10\m1-structuri-date\lectia6-siruri-caractere.html,4,1,propriu,5,4,2,5,4
C:\00\Projects\LearningHub\content\liceu\mat-info\cls10\m1-structuri-date\lectia6-siruri-caractere.html,5,1,propriu,6,2,1,6,5
C:\00\Projects\LearningHub\content\liceu\mat-info\cls10\m1-structuri-date\lectia6-siruri-caractere.html,6,1,propriu,5,,1,5,6
C:\00\Projects\LearningHub\content\liceu\mat-info\cls10\m2-algoritmi-baza\lectia1-sortari.html,1,1,propriu,9,2,,9,1
C:\00\Projects\LearningHub\content\liceu\mat-info\cls10\m2-algoritmi-baza\lectia1-sortari.html,2,1,propriu,10,5,3,10,2
C:\00\Projects\LearningHub\content\liceu\mat-info\cls10\m2-algoritmi-baza\lectia1-sortari.html,3,1,propriu,7,4,3,7,3
C:\00\Projects\LearningHub\content\liceu\mat-info\cls10\m2-algoritmi-baza\lectia1-sortari.html,4,1,propriu,14,2,7,14,4
C:\00\Projects\LearningHub\content\liceu\mat-info\cls10\m2-algoritmi-baza\lectia1-sortari.html,5,1,decalat_inapoi,9,3,14,14,4
C:\00\Projects\LearningHub\content\liceu\mat-info\cls10\m2-algoritmi-baza\lectia1-sortari.html,6,1,propriu,4,0,2,4,6
C:\00\Projects\LearningHub\content\liceu\mat-info\cls10\m2-algoritmi-baza\lectia1-sortari.html,7,1,propriu,7,,0,7,7
C:\00\Projects\LearningHub\content\liceu\mat-info\cls10\m2-algoritmi-baza\lectia2-euclid.html,1,1,propriu,5,3,,5,1
C:\00\Projects\LearningHub\content\liceu\mat-info\cls10\m2-algoritmi-baza\lectia2-euclid.html,2,1,propriu,5,3,2,5,2
C:\00\Projects\LearningHub\content\liceu\mat-info\cls10\m2-algoritmi-baza\lectia2-euclid.html,3,1,propriu,5,1,1,5,3
C:\00\Projects\LearningHub\content\liceu\mat-info\cls10\m2-algoritmi-baza\lectia2-euclid.html,4,1,propriu,2,1,1,2,4
C:\00\Projects\LearningHub\content\liceu\mat-info\cls10\m2-algoritmi-baza\lectia2-euclid.html,5,1,altul,7,3,3,8,3
C:\00\Projects\LearningHub\content\liceu\mat-info\cls10\m2-algoritmi-baza\lectia2-euclid.html,6,1,propriu,5,,1,5,6
C:\00\Projects\LearningHub\content\liceu\mat-info\cls10\m2-algoritmi-baza\lectia3-numere-prime.html,1,1,propriu,9,1,,9,1
C:\00\Projects\LearningHub\content\liceu\mat-info\cls10\m2-algoritmi-baza\lectia3-numere-prime.html,2,1,propriu,3,3,1,3,2
C:\00\Projects\LearningHub\content\liceu\mat-info\cls10\m2-algoritmi-baza\lectia3-numere-prime.html,3,1,altul,4,3,2,5,6
C:\00\Projects\LearningHub\content\liceu\mat-info\cls10\m2-algoritmi-baza\lectia3-numere-prime.html,4,1,propriu,9,2,2,9,4
C:\00\Projects\LearningHub\content\liceu\mat-info\cls10\m2-algoritmi-baza\lectia3-numere-prime.html,5,1,propriu,5,2,2,5,5
C:\00\Projects\LearningHub\content\liceu\mat-info\cls10\m2-algoritmi-baza\lectia3-numere-prime.html,6,1,propriu,11,,1,11,6
C:\00\Projects\LearningHub\content\liceu\mat-info\cls10\m2-algoritmi-baza\lectia4-factorizare.html,1,1,propriu,6,1,,6,1
C:\00\Projects\LearningHub\content\liceu\mat-info\cls10\m2-algoritmi-baza\lectia4-factorizare.html,2,1,propriu,7,1,2,7,2
C:\00\Projects\LearningHub\content\liceu\mat-info\cls10\m2-algoritmi-baza\lectia4-factorizare.html,3,1,propriu,2,2,1,2,3
C:\00\Projects\LearningHub\content\liceu\mat-info\cls10\m2-algoritmi-baza\lectia4-factorizare.html,4,1,propriu,5,1,1,5,4
C:\00\Projects\LearningHub\content\liceu\mat-info\cls10\m2-algoritmi-baza\lectia4-factorizare.html,5,1,propriu,5,2,3,5,5
C:\00\Projects\LearningHub\content\liceu\mat-info\cls10\m2-algoritmi-baza\lectia4-factorizare.html,6,1,propriu,4,,0,4,6
C:\00\Projects\LearningHub\content\liceu\mat-info\cls10\m2-algoritmi-baza\lectia5-recursivitate-intro.html,1,1,decalat_inainte,4,5,,5,2
C:\00\Projects\LearningHub\content\liceu\mat-info\cls10\m2-algoritmi-baza\lectia5-recursivitate-intro.html,2,1,propriu,10,6,3,10,2
C:\00\Projects\LearningHub\content\liceu\mat-info\cls10\m2-algoritmi-baza\lectia5-recursivitate-intro.html,3,1,propriu,2,1,2,2,3
C:\00\Projects\LearningHub\content\liceu\mat-info\cls10\m2-algoritmi-baza\lectia5-recursivitate-intro.html,4,1,propriu,4,2,2,4,4
C:\00\Projects\LearningHub\content\liceu\mat-info\cls10\m2-algoritmi-baza\lectia5-recursivitate-intro.html,5,1,propriu,4,1,2,4,5
C:\00\Projects\LearningHub\content\liceu\mat-info\cls10\m2-algoritmi-baza\lectia5-recursivitate-intro.html,6,1,propriu,5,,0,5,6
C:\00\Projects\LearningHub\content\liceu\mat-info\cls10\m2-algoritmi-baza\lectia6-recursivitate-aplicatii.html,1,1,propriu,5,4,,5,1
C:\00\Projects\LearningHub\content\liceu\mat-info\cls10\m2-algoritmi-baza\lectia6-recursivitate-aplicatii.html,2,1,propriu,8,1,3,8,2
C:\00\Projects\LearningHub\content\liceu\mat-info\cls10\m2-algoritmi-baza\lectia6-recursivitate-aplicatii.html,3,1,propriu,6,2,4,6,3
C:\00\Projects\LearningHub\content\liceu\mat-info\cls10\m2-algoritmi-baza\lectia6-recursivitate-aplicatii.html,4,1,propriu,7,5,4,7,4
C:\00\Projects\LearningHub\content\liceu\mat-info\cls10\m2-algoritmi-baza\lectia6-recursivitate-aplicatii.html,5,1,propriu,10,1,2,10,5
C:\00\Projects\LearningHub\content\liceu\mat-info\cls10\m2-algoritmi-baza\lectia6-recursivitate-aplicatii.html,6,1,propriu,5,,1,5,6
C:\00\Projects\LearningHub\content\liceu\mat-info\cls10\m3-retele-securitate\lectia1-retele-internet.html,1,1,propriu,12,6,,12,1
C:\00\Projects\LearningHub\content\liceu\mat-info\cls10\m3-retele-securitate\lectia1-retele-internet.html,2,1,propriu,9,0,2,9,2
C:\00\Projects\LearningHub\content\liceu\mat-info\cls10\m3-retele-securitate\lectia1-retele-internet.html,3,1,propriu,13,4,3,13,3
C:\00\Projects\LearningHub\content\liceu\mat-info\cls10\m3-retele-securitate\lectia1-retele-internet.html,4,1,propriu,14,4,5,14,4
C:\00\Projects\LearningHub\content\liceu\mat-info\cls10\m3-retele-securitate\lectia1-retele-internet.html,5,1,propriu,11,11,5,11,5
C:\00\Projects\LearningHub\content\liceu\mat-info\cls10\m3-retele-securitate\lectia1-retele-internet.html,6,1,propriu,15,,3,15,6
C:\00\Projects\LearningHub\content\liceu\mat-info\cls10\m3-retele-securitate\lectia2-protocoale.html,1,1,propriu,9,4,,9,1
C:\00\Projects\LearningHub\content\liceu\mat-info\cls10\m3-retele-securitate\lectia2-protocoale.html,2,1,propriu,8,2,4,8,2
C:\00\Projects\LearningHub\content\liceu\mat-info\cls10\m3-retele-securitate\lectia2-protocoale.html,3,1,propriu,13,5,4,13,3
C:\00\Projects\LearningHub\content\liceu\mat-info\cls10\m3-retele-securitate\lectia2-protocoale.html,4,1,altul,8,8,3,11,6
C:\00\Projects\LearningHub\content\liceu\mat-info\cls10\m3-retele-securitate\lectia2-protocoale.html,5,1,propriu,17,5,8,17,5
C:\00\Projects\LearningHub\content\liceu\mat-info\cls10\m3-retele-securitate\lectia2-protocoale.html,6,1,propriu,14,,10,14,6
C:\00\Projects\LearningHub\content\liceu\mat-info\cls10\m3-retele-securitate\lectia3-backup-stocare.html,1,1,propriu,8,6,,8,1
C:\00\Projects\LearningHub\content\liceu\mat-info\cls10\m3-retele-securitate\lectia3-backup-stocare.html,2,1,propriu,7,2,6,7,2
C:\00\Projects\LearningHub\content\liceu\mat-info\cls10\m3-retele-securitate\lectia3-backup-stocare.html,3,1,propriu,8,2,2,8,3
C:\00\Projects\LearningHub\content\liceu\mat-info\cls10\m3-retele-securitate\lectia3-backup-stocare.html,4,1,propriu,11,5,3,11,4
C:\00\Projects\LearningHub\content\liceu\mat-info\cls10\m3-retele-securitate\lectia3-backup-stocare.html,5,1,propriu,16,4,4,16,5
C:\00\Projects\LearningHub\content\liceu\mat-info\cls10\m3-retele-securitate\lectia3-backup-stocare.html,6,1,propriu,15,,6,15,6
C:\00\Projects\LearningHub\content\liceu\mat-info\cls10\m3-retele-securitate\lectia4-securitate-avansata.html,1,1,propriu,9,3,,9,1
C:\00\Projects\LearningHub\content\liceu\mat-info\cls10\m3-retele-securitate\lectia4-securitate-avansata.html,2,1,propriu,11,5,5,11,2
C:\00\Projects\LearningHub\content\liceu\mat-info\cls10\m3-retele-securitate\lectia4-securitate-avansata.html,3,1,propriu,16,4,5,16,3
C:\00\Projects\LearningHub\content\liceu\mat-info\cls10\m3-retele-securitate\lectia4-securitate-avansata.html,4,1,propriu,13,4,2,13,4
C:\00\Projects\LearningHub\content\liceu\mat-info\cls10\m3-retele-securitate\lectia4-securitate-avansata.html,5,1,propriu,15,5,1,15,5
C:\00\Projects\LearningHub\content\liceu\mat-info\cls10\m3-retele-securitate\lectia4-securitate-avansata.html,6,1,propriu,13,,2,13,6
C:\00\Projects\LearningHub\content\liceu\mat-info\cls11\m1-structuri-avansate\lectia1-stiva-intro.html,1,1,propriu,7,1,,7,1
C:\00\Projects\LearningHub\content\liceu\mat-info\cls11\m1-structuri-avansate\lectia1-stiva-intro.html,2,1,propriu,9,7,4,9,2
C:\00\Projects\LearningHub\content\liceu\mat-info\cls11\m1-structuri-avansate\lectia1-stiva-intro.html,3,1,propriu,12,7,6,12,3
C:\00\Projects\LearningHub\content\liceu\mat-info\cls11\m1-structuri-avansate\lectia1-stiva-intro.html,4,1,propriu,4,2,2,4,4
C:\00\Projects\LearningHub\content\liceu\mat-info\cls11\m1-structuri-avansate\lectia1-stiva-intro.html,5,1,propriu,9,7,2,9,5
C:\00\Projects\LearningHub\content\liceu\mat-info\cls11\m1-structuri-avansate\lectia1-stiva-intro.html,6,1,propriu,5,,3,5,6
C:\00\Projects\LearningHub\content\liceu\mat-info\cls11\m1-structuri-avansate\lectia2-stiva-aplicatii.html,1,1,propriu,11,5,,11,1
C:\00\Projects\LearningHub\content\liceu\mat-info\cls11\m1-structuri-avansate\lectia2-stiva-aplicatii.html,2,1,decalat_inapoi,8,2,9,9,1
C:\00\Projects\LearningHub\content\liceu\mat-info\cls11\m1-structuri-avansate\lectia2-stiva-aplicatii.html,3,1,propriu,5,2,2,5,3
C:\00\Projects\LearningHub\content\liceu\mat-info\cls11\m1-structuri-avansate\lectia2-stiva-aplicatii.html,4,1,propriu,8,5,6,8,4
C:\00\Projects\LearningHub\content\liceu\mat-info\cls11\m1-structuri-avansate\lectia2-stiva-aplicatii.html,5,1,propriu,11,2,3,11,5
C:\00\Projects\LearningHub\content\liceu\mat-info\cls11\m1-structuri-avansate\lectia2-stiva-aplicatii.html,6,1,decalat_inapoi,2,,4,4,5
C:\00\Projects\LearningHub\content\liceu\mat-info\cls11\m1-structuri-avansate\lectia3-coada-intro.html,1,1,propriu,5,4,,5,1
C:\00\Projects\LearningHub\content\liceu\mat-info\cls11\m1-structuri-avansate\lectia3-coada-intro.html,2,1,propriu,11,10,7,11,2
C:\00\Projects\LearningHub\content\liceu\mat-info\cls11\m1-structuri-avansate\lectia3-coada-intro.html,3,1,propriu,8,0,4,8,3
C:\00\Projects\LearningHub\content\liceu\mat-info\cls11\m1-structuri-avansate\lectia3-coada-intro.html,4,1,propriu,10,0,0,10,4
C:\00\Projects\LearningHub\content\liceu\mat-info\cls11\m1-structuri-avansate\lectia3-coada-intro.html,5,1,propriu,6,3,0,6,5
C:\00\Projects\LearningHub\content\liceu\mat-info\cls11\m1-structuri-avansate\lectia3-coada-intro.html,6,1,propriu,9,,3,9,6
C:\00\Projects\LearningHub\content\liceu\mat-info\cls11\m1-structuri-avansate\lectia4-coada-aplicatii.html,1,1,altul,6,5,,8,4
C:\00\Projects\LearningHub\content\liceu\mat-info\cls11\m1-structuri-avansate\lectia4-coada-aplicatii.html,2,1,propriu,5,3,2,5,2
C:\00\Projects\LearningHub\content\liceu\mat-info\cls11\m1-structuri-avansate\lectia4-coada-aplicatii.html,3,1,propriu,8,1,4,8,3
C:\00\Projects\LearningHub\content\liceu\mat-info\cls11\m1-structuri-avansate\lectia4-coada-aplicatii.html,4,1,propriu,10,6,2,10,4
C:\00\Projects\LearningHub\content\liceu\mat-info\cls11\m1-structuri-avansate\lectia4-coada-aplicatii.html,5,1,propriu,8,7,4,8,5
C:\00\Projects\LearningHub\content\liceu\mat-info\cls11\m1-structuri-avansate\lectia4-coada-aplicatii.html,6,1,decalat_inapoi,3,,7,7,5
C:\00\Projects\LearningHub\content\liceu\mat-info\cls11\m1-structuri-avansate\lectia5-grafuri-intro.html,1,1,propriu,5,3,,5,1
C:\00\Projects\LearningHub\content\liceu\mat-info\cls11\m1-structuri-avansate\lectia5-grafuri-intro.html,2,1,propriu,10,5,4,10,2
C:\00\Projects\LearningHub\content\liceu\mat-info\cls11\m1-structuri-avansate\lectia5-grafuri-intro.html,3,1,propriu,9,2,3,9,3
C:\00\Projects\LearningHub\content\liceu\mat-info\cls11\m1-structuri-avansate\lectia5-grafuri-intro.html,4,1,propriu,8,4,2,8,4
C:\00\Projects\LearningHub\content\liceu\mat-info\cls11\m1-structuri-avansate\lectia5-grafuri-intro.html,5,1,decalat_inapoi,3,2,4,4,4
C:\00\Projects\LearningHub\content\liceu\mat-info\cls11\m1-structuri-avansate\lectia5-grafuri-intro.html,6,1,propriu,6,,2,6,6
C:\00\Projects\LearningHub\content\liceu\mat-info\cls11\m1-structuri-avansate\lectia6-reprezentari-graf.html,1,1,propriu,5,1,,5,1
C:\00\Projects\LearningHub\content\liceu\mat-info\cls11\m1-structuri-avansate\lectia6-reprezentari-graf.html,2,1,propriu,9,4,4,9,2
C:\00\Projects\LearningHub\content\liceu\mat-info\cls11\m1-structuri-avansate\lectia6-reprezentari-graf.html,3,1,propriu,6,2,4,6,3
C:\00\Projects\LearningHub\content\liceu\mat-info\cls11\m1-structuri-avansate\lectia6-reprezentari-graf.html,4,1,propriu,8,6,4,8,4
C:\00\Projects\LearningHub\content\liceu\mat-info\cls11\m1-structuri-avansate\lectia6-reprezentari-graf.html,5,1,propriu,9,8,6,9,5
C:\00\Projects\LearningHub\content\liceu\mat-info\cls11\m1-structuri-avansate\lectia6-reprezentari-graf.html,6,1,propriu,5,,3,5,6
C:\00\Projects\LearningHub\content\liceu\mat-info\cls11\m2-algoritmi-complecsi\lectia1-recursivitate-avansata.html,1,1,propriu,9,5,,9,1
C:\00\Projects\LearningHub\content\liceu\mat-info\cls11\m2-algoritmi-complecsi\lectia1-recursivitate-avansata.html,2,1,propriu,4,3,1,4,2
C:\00\Projects\LearningHub\content\liceu\mat-info\cls11\m2-algoritmi-complecsi\lectia1-recursivitate-avansata.html,3,1,propriu,11,5,4,11,3
C:\00\Projects\LearningHub\content\liceu\mat-info\cls11\m2-algoritmi-complecsi\lectia1-recursivitate-avansata.html,4,1,decalat_inapoi,5,1,6,6,3
C:\00\Projects\LearningHub\content\liceu\mat-info\cls11\m2-algoritmi-complecsi\lectia1-recursivitate-avansata.html,5,1,propriu,6,3,0,6,5
C:\00\Projects\LearningHub\content\liceu\mat-info\cls11\m2-algoritmi-complecsi\lectia1-recursivitate-avansata.html,6,1,altul,2,,1,3,3
C:\00\Projects\LearningHub\content\liceu\mat-info\cls11\m2-algoritmi-complecsi\lectia2-backtracking-intro.html,1,1,propriu,8,3,,8,1
C:\00\Projects\LearningHub\content\liceu\mat-info\cls11\m2-algoritmi-complecsi\lectia2-backtracking-intro.html,2,1,propriu,7,3,5,7,2
C:\00\Projects\LearningHub\content\liceu\mat-info\cls11\m2-algoritmi-complecsi\lectia2-backtracking-intro.html,3,1,propriu,6,6,4,6,3
C:\00\Projects\LearningHub\content\liceu\mat-info\cls11\m2-algoritmi-complecsi\lectia2-backtracking-intro.html,4,1,propriu,9,2,5,9,4
C:\00\Projects\LearningHub\content\liceu\mat-info\cls11\m2-algoritmi-complecsi\lectia2-backtracking-intro.html,5,1,altul,5,3,2,6,2
C:\00\Projects\LearningHub\content\liceu\mat-info\cls11\m2-algoritmi-complecsi\lectia2-backtracking-intro.html,6,1,propriu,11,,2,11,6
C:\00\Projects\LearningHub\content\liceu\mat-info\cls11\m2-algoritmi-complecsi\lectia3-permutari.html,1,1,propriu,4,2,,4,1
C:\00\Projects\LearningHub\content\liceu\mat-info\cls11\m2-algoritmi-complecsi\lectia3-permutari.html,2,1,propriu,6,5,3,6,2
C:\00\Projects\LearningHub\content\liceu\mat-info\cls11\m2-algoritmi-complecsi\lectia3-permutari.html,3,1,decalat_inapoi,9,8,10,10,2
C:\00\Projects\LearningHub\content\liceu\mat-info\cls11\m2-algoritmi-complecsi\lectia3-permutari.html,4,1,propriu,14,4,5,14,4
C:\00\Projects\LearningHub\content\liceu\mat-info\cls11\m2-algoritmi-complecsi\lectia3-permutari.html,5,1,propriu,6,2,1,6,5
C:\00\Projects\LearningHub\content\liceu\mat-info\cls11\m2-algoritmi-complecsi\lectia3-permutari.html,6,1,propriu,7,,0,7,6
C:\00\Projects\LearningHub\content\liceu\mat-info\cls11\m2-algoritmi-complecsi\lectia4-aranjamente-combinari.html,1,1,propriu,10,0,,10,1
C:\00\Projects\LearningHub\content\liceu\mat-info\cls11\m2-algoritmi-complecsi\lectia4-aranjamente-combinari.html,2,1,decalat_inapoi,1,1,4,4,1
C:\00\Projects\LearningHub\content\liceu\mat-info\cls11\m2-algoritmi-complecsi\lectia4-aranjamente-combinari.html,3,1,decalat_inainte,5,7,0,7,4
C:\00\Projects\LearningHub\content\liceu\mat-info\cls11\m2-algoritmi-complecsi\lectia4-aranjamente-combinari.html,4,1,propriu,11,3,2,11,4
C:\00\Projects\LearningHub\content\liceu\mat-info\cls11\m2-algoritmi-complecsi\lectia4-aranjamente-combinari.html,5,1,propriu,7,1,2,7,5
C:\00\Projects\LearningHub\content\liceu\mat-info\cls11\m2-algoritmi-complecsi\lectia4-aranjamente-combinari.html,6,1,altul,3,,4,10,4
C:\00\Projects\LearningHub\content\liceu\mat-info\cls11\m2-algoritmi-complecsi\lectia5-submultimi.html,1,1,altul,3,3,,4,4
C:\00\Projects\LearningHub\content\liceu\mat-info\cls11\m2-algoritmi-complecsi\lectia5-submultimi.html,2,1,propriu,6,5,2,6,2
C:\00\Projects\LearningHub\content\liceu\mat-info\cls11\m2-algoritmi-complecsi\lectia5-submultimi.html,3,1,decalat_inainte,3,5,4,5,4
C:\00\Projects\LearningHub\content\liceu\mat-info\cls11\m2-algoritmi-complecsi\lectia5-submultimi.html,4,1,propriu,4,1,1,4,4
C:\00\Projects\LearningHub\content\liceu\mat-info\cls11\m2-algoritmi-complecsi\lectia5-submultimi.html,5,1,propriu,8,4,1,8,5
C:\00\Projects\LearningHub\content\liceu\mat-info\cls11\m2-algoritmi-complecsi\lectia5-submultimi.html,6,1,propriu,12,,2,12,6
C:\00\Projects\LearningHub\content\liceu\mat-info\cls11\m2-algoritmi-complecsi\lectia6-backtracking-aplicatii.html,1,1,propriu,12,8,,12,1
C:\00\Projects\LearningHub\content\liceu\mat-info\cls11\m2-algoritmi-complecsi\lectia6-backtracking-aplicatii.html,2,1,decalat_inapoi,5,5,11,11,1
C:\00\Projects\LearningHub\content\liceu\mat-info\cls11\m2-algoritmi-complecsi\lectia6-backtracking-aplicatii.html,3,1,propriu,9,5,6,9,3
C:\00\Projects\LearningHub\content\liceu\mat-info\cls11\m2-algoritmi-complecsi\lectia6-backtracking-aplicatii.html,4,1,propriu,10,5,2,10,4
C:\00\Projects\LearningHub\content\liceu\mat-info\cls11\m2-algoritmi-complecsi\lectia6-backtracking-aplicatii.html,5,1,propriu,8,2,0,8,5
C:\00\Projects\LearningHub\content\liceu\mat-info\cls11\m2-algoritmi-complecsi\lectia6-backtracking-aplicatii.html,6,1,propriu,5,,4,5,6
C:\00\Projects\LearningHub\content\liceu\mat-info\cls11\m3-grafuri\lectia1-lanturi-cicluri.html,1,1,decalat_inainte,5,9,,9,2
C:\00\Projects\LearningHub\content\liceu\mat-info\cls11\m3-grafuri\lectia1-lanturi-cicluri.html,2,1,propriu,9,7,4,9,2
C:\00\Projects\LearningHub\content\liceu\mat-info\cls11\m3-grafuri\lectia1-lanturi-cicluri.html,3,1,propriu,11,1,6,11,3
C:\00\Projects\LearningHub\content\liceu\mat-info\cls11\m3-grafuri\lectia1-lanturi-cicluri.html,4,1,propriu,8,3,1,8,4
C:\00\Projects\LearningHub\content\liceu\mat-info\cls11\m3-grafuri\lectia1-lanturi-cicluri.html,5,1,propriu,5,1,2,5,5
C:\00\Projects\LearningHub\content\liceu\mat-info\cls11\m3-grafuri\lectia1-lanturi-cicluri.html,6,1,propriu,8,,3,8,6
C:\00\Projects\LearningHub\content\liceu\mat-info\cls11\m3-grafuri\lectia2-parcurgere-dfs.html,1,1,propriu,8,4,,8,1
C:\00\Projects\LearningHub\content\liceu\mat-info\cls11\m3-grafuri\lectia2-parcurgere-dfs.html,2,1,propriu,10,4,3,10,2
C:\00\Projects\LearningHub\content\liceu\mat-info\cls11\m3-grafuri\lectia2-parcurgere-dfs.html,3,1,altul,6,4,4,7,6
C:\00\Projects\LearningHub\content\liceu\mat-info\cls11\m3-grafuri\lectia2-parcurgere-dfs.html,4,1,propriu,3,0,1,3,4
C:\00\Projects\LearningHub\content\liceu\mat-info\cls11\m3-grafuri\lectia2-parcurgere-dfs.html,5,1,propriu,12,4,1,12,5
C:\00\Projects\LearningHub\content\liceu\mat-info\cls11\m3-grafuri\lectia2-parcurgere-dfs.html,6,1,propriu,6,,4,6,6
C:\00\Projects\LearningHub\content\liceu\mat-info\cls11\m3-grafuri\lectia3-parcurgere-bfs.html,1,1,propriu,5,4,,5,1
C:\00\Projects\LearningHub\content\liceu\mat-info\cls11\m3-grafuri\lectia3-parcurgere-bfs.html,2,1,decalat_inainte,5,8,2,8,3
C:\00\Projects\LearningHub\content\liceu\mat-info\cls11\m3-grafuri\lectia3-parcurgere-bfs.html,3,1,propriu,6,5,2,6,3
C:\00\Projects\LearningHub\content\liceu\mat-info\cls11\m3-grafuri\lectia3-parcurgere-bfs.html,4,1,decalat_inainte,7,12,1,12,5
C:\00\Projects\LearningHub\content\liceu\mat-info\cls11\m3-grafuri\lectia3-parcurgere-bfs.html,5,1,propriu,12,2,4,12,5
C:\00\Projects\LearningHub\content\liceu\mat-info\cls11\m3-grafuri\lectia3-parcurgere-bfs.html,6,1,propriu,4,,2,4,6
C:\00\Projects\LearningHub\content\liceu\mat-info\cls11\m3-grafuri\lectia4-conexitate.html,1,1,propriu,12,11,,12,1
C:\00\Projects\LearningHub\content\liceu\mat-info\cls11\m3-grafuri\lectia4-conexitate.html,2,1,propriu,15,6,8,15,2
C:\00\Projects\LearningHub\content\liceu\mat-info\cls11\m3-grafuri\lectia4-conexitate.html,3,1,propriu,13,5,6,13,3
C:\00\Projects\LearningHub\content\liceu\mat-info\cls11\m3-grafuri\lectia4-conexitate.html,4,1,propriu,7,5,6,7,4
C:\00\Projects\LearningHub\content\liceu\mat-info\cls11\m3-grafuri\lectia4-conexitate.html,5,1,propriu,15,8,7,15,5
C:\00\Projects\LearningHub\content\liceu\mat-info\cls11\m3-grafuri\lectia4-conexitate.html,6,1,propriu,10,,8,10,6
C:\00\Projects\LearningHub\content\liceu\mat-info\cls11\m3-grafuri\lectia5-arbori.html,1,1,propriu,5,2,,5,1
C:\00\Projects\LearningHub\content\liceu\mat-info\cls11\m3-grafuri\lectia5-arbori.html,2,1,propriu,7,2,2,7,2
C:\00\Projects\LearningHub\content\liceu\mat-info\cls11\m3-grafuri\lectia5-arbori.html,3,1,propriu,8,4,6,8,3
C:\00\Projects\LearningHub\content\liceu\mat-info\cls11\m3-grafuri\lectia5-arbori.html,4,1,propriu,14,6,5,14,4
C:\00\Projects\LearningHub\content\liceu\mat-info\cls11\m3-grafuri\lectia5-arbori.html,5,1,altul,5,3,2,6,2
C:\00\Projects\LearningHub\content\liceu\mat-info\cls11\m3-grafuri\lectia5-arbori.html,6,1,propriu,9,,6,9,6
C:\00\Projects\LearningHub\content\liceu\mat-info\cls11\m3-grafuri\lectia6-aplicatii-grafuri.html,1,1,propriu,8,7,,8,1
C:\00\Projects\LearningHub\content\liceu\mat-info\cls11\m3-grafuri\lectia6-aplicatii-grafuri.html,2,1,propriu,8,4,5,8,2
C:\00\Projects\LearningHub\content\liceu\mat-info\cls11\m3-grafuri\lectia6-aplicatii-grafuri.html,3,1,propriu,7,3,4,7,3
C:\00\Projects\LearningHub\content\liceu\mat-info\cls11\m3-grafuri\lectia6-aplicatii-grafuri.html,4,1,propriu,11,2,0,11,4
C:\00\Projects\LearningHub\content\liceu\mat-info\cls11\m3-grafuri\lectia6-aplicatii-grafuri.html,5,1,propriu,12,1,3,12,5
C:\00\Projects\LearningHub\content\liceu\mat-info\cls11\m3-grafuri\lectia6-aplicatii-grafuri.html,6,1,propriu,10,,1,10,6
C:\00\Projects\LearningHub\content\liceu\mat-info\cls11\m4-cybersecurity\lectia1-amenintari-avansate.html,1,1,propriu,14,3,,14,1
C:\00\Projects\LearningHub\content\liceu\mat-info\cls11\m4-cybersecurity\lectia1-amenintari-avansate.html,2,1,propriu,11,2,1,11,2
C:\00\Projects\LearningHub\content\liceu\mat-info\cls11\m4-cybersecurity\lectia1-amenintari-avansate.html,3,1,propriu,20,4,6,20,3
C:\00\Projects\LearningHub\content\liceu\mat-info\cls11\m4-cybersecurity\lectia1-amenintari-avansate.html,4,1,propriu,9,4,6,9,4
C:\00\Projects\LearningHub\content\liceu\mat-info\cls11\m4-cybersecurity\lectia1-amenintari-avansate.html,5,1,propriu,19,8,11,19,5
C:\00\Projects\LearningHub\content\liceu\mat-info\cls11\m4-cybersecurity\lectia1-amenintari-avansate.html,6,1,propriu,12,,3,12,6
C:\00\Projects\LearningHub\content\liceu\mat-info\cls11\m4-cybersecurity\lectia2-inginerie-sociala.html,1,1,propriu,10,5,,10,1
C:\00\Projects\LearningHub\content\liceu\mat-info\cls11\m4-cybersecurity\lectia2-inginerie-sociala.html,2,1,propriu,16,9,5,16,2
C:\00\Projects\LearningHub\content\liceu\mat-info\cls11\m4-cybersecurity\lectia2-inginerie-sociala.html,3,1,propriu,18,7,8,18,3
C:\00\Projects\LearningHub\content\liceu\mat-info\cls11\m4-cybersecurity\lectia2-inginerie-sociala.html,4,1,propriu,14,11,7,14,4
C:\00\Projects\LearningHub\content\liceu\mat-info\cls11\m4-cybersecurity\lectia2-inginerie-sociala.html,5,1,decalat_inainte,15,18,5,18,6
C:\00\Projects\LearningHub\content\liceu\mat-info\cls11\m4-cybersecurity\lectia2-inginerie-sociala.html,6,1,propriu,19,,8,19,6
C:\00\Projects\LearningHub\content\liceu\mat-info\cls11\m4-cybersecurity\lectia3-criptografie-intro.html,1,1,propriu,8,1,,8,1
C:\00\Projects\LearningHub\content\liceu\mat-info\cls11\m4-cybersecurity\lectia3-criptografie-intro.html,2,1,propriu,4,3,1,4,2
C:\00\Projects\LearningHub\content\liceu\mat-info\cls11\m4-cybersecurity\lectia3-criptografie-intro.html,3,1,propriu,8,6,3,8,3
C:\00\Projects\LearningHub\content\liceu\mat-info\cls11\m4-cybersecurity\lectia3-criptografie-intro.html,4,1,propriu,10,0,5,10,4
C:\00\Projects\LearningHub\content\liceu\mat-info\cls11\m4-cybersecurity\lectia3-criptografie-intro.html,5,1,propriu,11,6,4,11,5
C:\00\Projects\LearningHub\content\liceu\mat-info\cls11\m4-cybersecurity\lectia3-criptografie-intro.html,6,1,propriu,7,,4,7,6
C:\00\Projects\LearningHub\content\liceu\mat-info\cls11\m4-cybersecurity\lectia4-ai-intro.html,1,1,propriu,11,9,,11,1
C:\00\Projects\LearningHub\content\liceu\mat-info\cls11\m4-cybersecurity\lectia4-ai-intro.html,2,1,propriu,9,1,5,9,2
C:\00\Projects\LearningHub\content\liceu\mat-info\cls11\m4-cybersecurity\lectia4-ai-intro.html,3,1,propriu,16,4,5,16,3
C:\00\Projects\LearningHub\content\liceu\mat-info\cls11\m4-cybersecurity\lectia4-ai-intro.html,4,1,propriu,18,4,7,18,4
C:\00\Projects\LearningHub\content\liceu\mat-info\cls11\m4-cybersecurity\lectia4-ai-intro.html,5,1,propriu,19,4,10,19,5
C:\00\Projects\LearningHub\content\liceu\mat-info\cls11\m4-cybersecurity\lectia4-ai-intro.html,6,1,propriu,7,,2,7,6
C:\00\Projects\LearningHub\content\liceu\mat-info\cls11\m4-cybersecurity\lectia5-ai-etica.html,1,1,propriu,12,7,,12,1
C:\00\Projects\LearningHub\content\liceu\mat-info\cls11\m4-cybersecurity\lectia5-ai-etica.html,2,1,decalat_inapoi,9,4,12,12,1
C:\00\Projects\LearningHub\content\liceu\mat-info\cls11\m4-cybersecurity\lectia5-ai-etica.html,3,1,propriu,15,6,2,15,3
C:\00\Projects\LearningHub\content\liceu\mat-info\cls11\m4-cybersecurity\lectia5-ai-etica.html,4,1,propriu,9,2,5,9,4
C:\00\Projects\LearningHub\content\liceu\mat-info\cls11\m4-cybersecurity\lectia5-ai-etica.html,5,1,propriu,19,5,4,19,5
C:\00\Projects\LearningHub\content\liceu\mat-info\cls11\m4-cybersecurity\lectia5-ai-etica.html,6,1,propriu,15,,6,15,6
C:\00\Projects\LearningHub\content\liceu\mat-info\cls12\m-bac-prep\lectia1-expresii-tipuri.html,1,1,slab,1,1,,1,1
C:\00\Projects\LearningHub\content\liceu\mat-info\cls12\m-bac-prep\lectia1-expresii-tipuri.html,2,1,propriu,3,2,1,3,2
C:\00\Projects\LearningHub\content\liceu\mat-info\cls12\m-bac-prep\lectia1-expresii-tipuri.html,3,1,propriu,5,1,0,5,3
C:\00\Projects\LearningHub\content\liceu\mat-info\cls12\m-bac-prep\lectia1-expresii-tipuri.html,4,1,propriu,5,1,1,5,4
C:\00\Projects\LearningHub\content\liceu\mat-info\cls12\m-bac-prep\lectia1-expresii-tipuri.html,5,1,propriu,3,0,1,3,5
C:\00\Projects\LearningHub\content\liceu\mat-info\cls12\m-bac-prep\lectia1-expresii-tipuri.html,6,1,propriu,3,,2,3,6
C:\00\Projects\LearningHub\content\liceu\mat-info\cls12\m-bac-prep\lectia2-structuri-control.html,1,1,propriu,6,4,,6,1
C:\00\Projects\LearningHub\content\liceu\mat-info\cls12\m-bac-prep\lectia2-structuri-control.html,2,1,altul,5,6,3,7,4
C:\00\Projects\LearningHub\content\liceu\mat-info\cls12\m-bac-prep\lectia2-structuri-control.html,3,1,propriu,11,5,8,11,3
C:\00\Projects\LearningHub\content\liceu\mat-info\cls12\m-bac-prep\lectia2-structuri-control.html,4,1,propriu,4,2,1,4,4
C:\00\Projects\LearningHub\content\liceu\mat-info\cls12\m-bac-prep\lectia2-structuri-control.html,5,1,propriu,6,2,5,6,5
C:\00\Projects\LearningHub\content\liceu\mat-info\cls12\m-bac-prep\lectia2-structuri-control.html,6,1,propriu,6,,4,6,6
C:\00\Projects\LearningHub\content\liceu\mat-info\cls12\m-bac-prep\lectia3-vectori-matrice.html,1,1,decalat_inainte,4,5,,5,2
C:\00\Projects\LearningHub\content\liceu\mat-info\cls12\m-bac-prep\lectia3-vectori-matrice.html,2,1,propriu,9,2,3,9,2
C:\00\Projects\LearningHub\content\liceu\mat-info\cls12\m-bac-prep\lectia3-vectori-matrice.html,3,1,propriu,3,1,1,3,3
C:\00\Projects\LearningHub\content\liceu\mat-info\cls12\m-bac-prep\lectia3-vectori-matrice.html,4,1,propriu,4,1,3,4,4
C:\00\Projects\LearningHub\content\liceu\mat-info\cls12\m-bac-prep\lectia3-vectori-matrice.html,5,1,propriu,6,2,2,6,5
C:\00\Projects\LearningHub\content\liceu\mat-info\cls12\m-bac-prep\lectia3-vectori-matrice.html,6,1,propriu,10,,1,10,6
C:\00\Projects\LearningHub\content\liceu\mat-info\cls12\m-bac-prep\lectia4-recursivitate-master.html,1,1,propriu,11,4,,11,1
C:\00\Projects\LearningHub\content\liceu\mat-info\cls12\m-bac-prep\lectia4-recursivitate-master.html,2,1,propriu,2,1,2,2,2
C:\00\Projects\LearningHub\content\liceu\mat-info\cls12\m-bac-prep\lectia4-recursivitate-master.html,3,1,propriu,6,1,3,6,3
C:\00\Projects\LearningHub\content\liceu\mat-info\cls12\m-bac-prep\lectia4-recursivitate-master.html,4,1,propriu,4,2,2,4,4
C:\00\Projects\LearningHub\content\liceu\mat-info\cls12\m-bac-prep\lectia4-recursivitate-master.html,5,1,propriu,3,0,0,3,5
C:\00\Projects\LearningHub\content\liceu\mat-info\cls12\m-bac-prep\lectia4-recursivitate-master.html,6,1,propriu,7,,4,7,6
C:\00\Projects\LearningHub\content\liceu\mat-info\cls12\m-bac-prep\lectia5-backtracking-complet.html,1,1,propriu,6,4,,6,1
C:\00\Projects\LearningHub\content\liceu\mat-info\cls12\m-bac-prep\lectia5-backtracking-complet.html,2,1,propriu,5,3,4,5,2
C:\00\Projects\LearningHub\content\liceu\mat-info\cls12\m-bac-prep\lectia5-backtracking-complet.html,3,1,decalat_inainte,7,8,3,8,4
C:\00\Projects\LearningHub\content\liceu\mat-info\cls12\m-bac-prep\lectia5-backtracking-complet.html,4,1,propriu,5,0,3,5,4
C:\00\Projects\LearningHub\content\liceu\mat-info\cls12\m-bac-prep\lectia5-backtracking-complet.html,5,1,propriu,9,2,1,9,5
C:\00\Projects\LearningHub\content\liceu\mat-info\cls12\m-bac-prep\lectia5-backtracking-complet.html,6,1,altul,7,,3,8,1
C:\00\Projects\LearningHub\content\liceu\mat-info\cls12\m-bac-prep\lectia6-grafuri-complet.html,1,1,propriu,5,1,,5,1
C:\00\Projects\LearningHub\content\liceu\mat-info\cls12\m-bac-prep\lectia6-grafuri-complet.html,2,1,propriu,8,0,3,8,2
C:\00\Projects\LearningHub\content\liceu\mat-info\cls12\m-bac-prep\lectia6-grafuri-complet.html,3,1,propriu,4,0,1,4,3
C:\00\Projects\LearningHub\content\liceu\mat-info\cls12\m-bac-prep\lectia6-grafuri-complet.html,4,1,propriu,4,0,1,4,4
C:\00\Projects\LearningHub\content\liceu\mat-info\cls12\m-bac-prep\lectia6-grafuri-complet.html,5,1,propriu,6,3,0,6,5
C:\00\Projects\LearningHub\content\liceu\mat-info\cls12\m-bac-prep\lectia6-grafuri-complet.html,6,1,altul,4,,1,6,4
C:\00\Projects\LearningHub\content\liceu\mat-info\cls12\m-bac-prep\lectia7-strategii-examen.html,1,1,propriu,7,3,,7,1
C:\00\Projects\LearningHub\content\liceu\mat-info\cls12\m-bac-prep\lectia7-strategii-examen.html,2,1,propriu,7,6,6,7,2
C:\00\Projects\LearningHub\content\liceu\mat-info\cls12\m-bac-prep\lectia7-strategii-examen.html,3,1,propriu,11,5,7,11,3
C:\00\Projects\LearningHub\content\liceu\mat-info\cls12\m-bac-prep\lectia7-strategii-examen.html,4,1,propriu,14,4,7,14,4
C:\00\Projects\LearningHub\content\liceu\mat-info\cls12\m-bac-prep\lectia7-strategii-examen.html,5,1,propriu,8,4,2,8,5
C:\00\Projects\LearningHub\content\liceu\mat-info\cls12\m-bac-prep\lectia7-strategii-examen.html,6,1,altul,7,,3,8,3
C:\00\Projects\LearningHub\content\liceu\mat-info\cls12\m-bac-prep\lectia8-greseli-frecvente.html,1,1,propriu,8,0,,8,1
C:\00\Projects\LearningHub\content\liceu\mat-info\cls12\m-bac-prep\lectia8-greseli-frecvente.html,2,1,propriu,6,2,2,6,2
C:\00\Projects\LearningHub\content\liceu\mat-info\cls12\m-bac-prep\lectia8-greseli-frecvente.html,3,1,propriu,5,2,1,5,3
C:\00\Projects\LearningHub\content\liceu\mat-info\cls12\m-bac-prep\lectia8-greseli-frecvente.html,4,1,propriu,8,3,2,8,4
C:\00\Projects\LearningHub\content\liceu\mat-info\cls12\m-bac-prep\lectia8-greseli-frecvente.html,5,1,propriu,8,2,3,8,5
C:\00\Projects\LearningHub\content\liceu\mat-info\cls12\m-bac-prep\lectia8-greseli-frecvente.html,6,1,propriu,5,,0,5,6
C:\00\Projects\LearningHub\content\liceu\mat-info\cls12\m1-oop\lectia1-subprograme.html,1,1,propriu,11,2,,11,1
C:\00\Projects\LearningHub\content\liceu\mat-info\cls12\m1-oop\lectia1-subprograme.html,2,1,propriu,10,5,3,10,2
C:\00\Projects\LearningHub\content\liceu\mat-info\cls12\m1-oop\lectia1-subprograme.html,3,1,propriu,12,5,4,12,3
C:\00\Projects\LearningHub\content\liceu\mat-info\cls12\m1-oop\lectia1-subprograme.html,4,1,propriu,10,2,2,10,4
C:\00\Projects\LearningHub\content\liceu\mat-info\cls12\m1-oop\lectia1-subprograme.html,5,1,propriu,9,3,3,9,5
C:\00\Projects\LearningHub\content\liceu\mat-info\cls12\m1-oop\lectia1-subprograme.html,6,1,propriu,5,,3,5,6
C:\00\Projects\LearningHub\content\liceu\mat-info\cls12\m1-oop\lectia2-parametri.html,1,1,propriu,5,4,,5,1
C:\00\Projects\LearningHub\content\liceu\mat-info\cls12\m1-oop\lectia2-parametri.html,2,1,propriu,7,2,4,7,2
C:\00\Projects\LearningHub\content\liceu\mat-info\cls12\m1-oop\lectia2-parametri.html,3,1,propriu,12,2,3,12,3
C:\00\Projects\LearningHub\content\liceu\mat-info\cls12\m1-oop\lectia2-parametri.html,4,1,propriu,8,1,2,8,4
C:\00\Projects\LearningHub\content\liceu\mat-info\cls12\m1-oop\lectia2-parametri.html,5,1,decalat_inainte,2,3,2,3,6
C:\00\Projects\LearningHub\content\liceu\mat-info\cls12\m1-oop\lectia2-parametri.html,6,1,propriu,6,,0,6,6
C:\00\Projects\LearningHub\content\liceu\mat-info\cls12\m1-oop\lectia3-oop-intro.html,1,1,propriu,9,3,,9,1
C:\00\Projects\LearningHub\content\liceu\mat-info\cls12\m1-oop\lectia3-oop-intro.html,2,1,propriu,11,6,5,11,2
C:\00\Projects\LearningHub\content\liceu\mat-info\cls12\m1-oop\lectia3-oop-intro.html,3,1,propriu,8,7,6,8,3
C:\00\Projects\LearningHub\content\liceu\mat-info\cls12\m1-oop\lectia3-oop-intro.html,4,1,propriu,10,6,5,10,4
C:\00\Projects\LearningHub\content\liceu\mat-info\cls12\m1-oop\lectia3-oop-intro.html,5,1,propriu,7,1,2,7,5
C:\00\Projects\LearningHub\content\liceu\mat-info\cls12\m1-oop\lectia3-oop-intro.html,6,1,altul,5,,3,6,4
C:\00\Projects\LearningHub\content\liceu\mat-info\cls12\m1-oop\lectia4-fisiere.html,1,1,propriu,6,3,,6,1
C:\00\Projects\LearningHub\content\liceu\mat-info\cls12\m1-oop\lectia4-fisiere.html,2,1,decalat_inainte,5,6,2,6,3
C:\00\Projects\LearningHub\content\liceu\mat-info\cls12\m1-oop\lectia4-fisiere.html,3,1,propriu,3,3,3,3,3
C:\00\Projects\LearningHub\content\liceu\mat-info\cls12\m1-oop\lectia4-fisiere.html,4,1,propriu,6,3,3,6,4
C:\00\Projects\LearningHub\content\liceu\mat-info\cls12\m1-oop\lectia4-fisiere.html,5,1,altul,3,3,3,4,3
C:\00\Projects\LearningHub\content\liceu\mat-info\cls12\m1-oop\lectia4-fisiere.html,6,1,propriu,6,,2,6,6
C:\00\Projects\LearningHub\content\liceu\mat-info\cls12\m1-oop\lectia5-gui-tkinter.html,1,1,propriu,8,5,,8,1
C:\00\Projects\LearningHub\content\liceu\mat-info\cls12\m1-oop\lectia5-gui-tkinter.html,2,1,propriu,6,3,4,6,2
C:\00\Projects\LearningHub\content\liceu\mat-info\cls12\m1-oop\lectia5-gui-tkinter.html,3,1,propriu,10,2,3,10,3
C:\00\Projects\LearningHub\content\liceu\mat-info\cls12\m1-oop\lectia5-gui-tkinter.html,4,1,propriu,11,1,2,11,4
C:\00\Projects\LearningHub\content\liceu\mat-info\cls12\m1-oop\lectia5-gui-tkinter.html,5,1,propriu,6,2,1,6,5
C:\00\Projects\LearningHub\content\liceu\mat-info\cls12\m1-oop\lectia5-gui-tkinter.html,6,1,propriu,7,,1,7,6
C:\00\Projects\LearningHub\content\liceu\mat-info\cls12\m1-oop\lectia6-proiect.html,1,1,altul,1,4,,5,4
C:\00\Projects\LearningHub\content\liceu\mat-info\cls12\m1-oop\lectia6-proiect.html,2,1,altul,4,2,1,5,4
C:\00\Projects\LearningHub\content\liceu\mat-info\cls12\m1-oop\lectia6-proiect.html,3,1,propriu,6,2,3,6,3
C:\00\Projects\LearningHub\content\liceu\mat-info\cls12\m1-oop\lectia6-proiect.html,4,1,altul,3,6,3,11,1
C:\00\Projects\LearningHub\content\liceu\mat-info\cls12\m1-oop\lectia6-proiect.html,5,1,altul,6,4,5,8,3
C:\00\Projects\LearningHub\content\liceu\mat-info\cls12\m1-oop\lectia6-proiect.html,6,1,altul,3,,3,10,4
C:\00\Projects\LearningHub\content\liceu\mat-info\cls12\m2-algoritmi-eficienti\lectia1-matrice-avansate.html,1,1,propriu,8,3,,8,1
C:\00\Projects\LearningHub\content\liceu\mat-info\cls12\m2-algoritmi-eficienti\lectia1-matrice-avansate.html,2,1,propriu,7,2,6,7,2
C:\00\Projects\LearningHub\content\liceu\mat-info\cls12\m2-algoritmi-eficienti\lectia1-matrice-avansate.html,2,2,propriu,8,4,6,8,2
C:\00\Projects\LearningHub\content\liceu\mat-info\cls12\m2-algoritmi-eficienti\lectia1-matrice-avansate.html,3,1,propriu,10,5,8,10,3
C:\00\Projects\LearningHub\content\liceu\mat-info\cls12\m2-algoritmi-eficienti\lectia1-matrice-avansate.html,4,1,propriu,11,6,4,11,4
C:\00\Projects\LearningHub\content\liceu\mat-info\cls12\m2-algoritmi-eficienti\lectia1-matrice-avansate.html,4,2,propriu,14,9,5,14,4
C:\00\Projects\LearningHub\content\liceu\mat-info\cls12\m2-algoritmi-eficienti\lectia1-matrice-avansate.html,5,1,propriu,11,5,6,11,5
C:\00\Projects\LearningHub\content\liceu\mat-info\cls12\m2-algoritmi-eficienti\lectia1-matrice-avansate.html,6,1,altul,5,,9,15,4
C:\00\Projects\LearningHub\content\liceu\mat-info\cls12\m2-algoritmi-eficienti\lectia2-factorial-factorizare.html,1,1,altul,1,1,,2,3
C:\00\Projects\LearningHub\content\liceu\mat-info\cls12\m2-algoritmi-eficienti\lectia2-factorial-factorizare.html,2,1,propriu,2,0,0,2,2
C:\00\Projects\LearningHub\content\liceu\mat-info\cls12\m2-algoritmi-eficienti\lectia2-factorial-factorizare.html,3,1,propriu,4,0,2,4,3
C:\00\Projects\LearningHub\content\liceu\mat-info\cls12\m2-algoritmi-eficienti\lectia2-factorial-factorizare.html,4,1,propriu,6,2,1,6,4
C:\00\Projects\LearningHub\content\liceu\mat-info\cls12\m2-algoritmi-eficienti\lectia2-factorial-factorizare.html,5,1,decalat_inainte,3,4,2,4,6
C:\00\Projects\LearningHub\content\liceu\mat-info\cls12\m2-algoritmi-eficienti\lectia2-factorial-factorizare.html,6,1,propriu,5,,1,5,6
C:\00\Projects\LearningHub\content\liceu\mat-info\cls12\m2-algoritmi-eficienti\lectia3-complexitate.html,1,1,propriu,9,4,,9,1
C:\00\Projects\LearningHub\content\liceu\mat-info\cls12\m2-algoritmi-eficienti\lectia3-complexitate.html,2,1,propriu,5,1,4,5,2
C:\00\Projects\LearningHub\content\liceu\mat-info\cls12\m2-algoritmi-eficienti\lectia3-complexitate.html,3,1,propriu,6,1,3,6,3
C:\00\Projects\LearningHub\content\liceu\mat-info\cls12\m2-algoritmi-eficienti\lectia3-complexitate.html,4,1,altul,4,4,1,7,2
C:\00\Projects\LearningHub\content\liceu\mat-info\cls12\m2-algoritmi-eficienti\lectia3-complexitate.html,5,1,propriu,5,2,4,5,5
C:\00\Projects\LearningHub\content\liceu\mat-info\cls12\m2-algoritmi-eficienti\lectia3-complexitate.html,6,1,altul,5,,5,7,4
C:\00\Projects\LearningHub\content\liceu\mat-info\cls12\m2-algoritmi-eficienti\lectia4-cautare-binara.html,1,1,propriu,8,5,,8,1
C:\00\Projects\LearningHub\content\liceu\mat-info\cls12\m2-algoritmi-eficienti\lectia4-cautare-binara.html,2,1,propriu,6,5,6,6,2
C:\00\Projects\LearningHub\content\liceu\mat-info\cls12\m2-algoritmi-eficienti\lectia4-cautare-binara.html,3,1,decalat_inapoi,3,3,6,6,2
C:\00\Projects\LearningHub\content\liceu\mat-info\cls12\m2-algoritmi-eficienti\lectia4-cautare-binara.html,4,1,propriu,5,2,2,5,4
C:\00\Projects\LearningHub\content\liceu\mat-info\cls12\m2-algoritmi-eficienti\lectia4-cautare-binara.html,5,1,propriu,3,0,0,3,5
C:\00\Projects\LearningHub\content\liceu\mat-info\cls12\m2-algoritmi-eficienti\lectia4-cautare-binara.html,6,1,propriu,5,,5,5,6
C:\00\Projects\LearningHub\content\liceu\mat-info\cls12\m2-algoritmi-eficienti\lectia5-sortari-avansate.html,1,1,propriu,11,5,,11,1
C:\00\Projects\LearningHub\content\liceu\mat-info\cls12\m2-algoritmi-eficienti\lectia5-sortari-avansate.html,2,1,propriu,12,7,2,12,2
C:\00\Projects\LearningHub\content\liceu\mat-info\cls12\m2-algoritmi-eficienti\lectia5-sortari-avansate.html,3,1,propriu,13,10,5,13,3
C:\00\Projects\LearningHub\content\liceu\mat-info\cls12\m2-algoritmi-eficienti\lectia5-sortari-avansate.html,4,1,propriu,15,8,10,15,4
C:\00\Projects\LearningHub\content\liceu\mat-info\cls12\m2-algoritmi-eficienti\lectia5-sortari-avansate.html,5,1,propriu,15,5,8,15,5
C:\00\Projects\LearningHub\content\liceu\mat-info\cls12\m2-algoritmi-eficienti\lectia5-sortari-avansate.html,6,1,altul,4,,4,11,4
C:\00\Projects\LearningHub\content\liceu\mat-info\cls12\m2-algoritmi-eficienti\lectia6-optimizari.html,1,1,propriu,8,6,,8,1
C:\00\Projects\LearningHub\content\liceu\mat-info\cls12\m2-algoritmi-eficienti\lectia6-optimizari.html,2,1,propriu,6,2,3,6,2
C:\00\Projects\LearningHub\content\liceu\mat-info\cls12\m2-algoritmi-eficienti\lectia6-optimizari.html,3,1,propriu,5,2,0,5,3
C:\00\Projects\LearningHub\content\liceu\mat-info\cls12\m2-algoritmi-eficienti\lectia6-optimizari.html,4,1,propriu,12,4,2,12,4
C:\00\Projects\LearningHub\content\liceu\mat-info\cls12\m2-algoritmi-eficienti\lectia6-optimizari.html,5,1,propriu,8,0,6,8,5
C:\00\Projects\LearningHub\content\liceu\mat-info\cls12\m2-algoritmi-eficienti\lectia6-optimizari.html,6,1,propriu,8,,4,8,6
C:\00\Projects\LearningHub\content\liceu\mat-info\cls12\m3-web\lectia1-html-css-review.html,1,1,propriu,17,8,,17,1
C:\00\Projects\LearningHub\content\liceu\mat-info\cls12\m3-web\lectia1-html-css-review.html,2,1,propriu,9,3,6,9,2
C:\00\Projects\LearningHub\content\liceu\mat-info\cls12\m3-web\lectia1-html-css-review.html,3,1,propriu,10,4,3,10,3
C:\00\Projects\LearningHub\content\liceu\mat-info\cls12\m3-web\lectia1-html-css-review.html,4,1,propriu,10,7,5,10,4
C:\00\Projects\LearningHub\content\liceu\mat-info\cls12\m3-web\lectia1-html-css-review.html,5,1,propriu,10,7,1,10,5
C:\00\Projects\LearningHub\content\liceu\mat-info\cls12\m3-web\lectia1-html-css-review.html,6,1,propriu,16,,5,16,6
C:\00\Projects\LearningHub\content\liceu\mat-info\cls12\m3-web\lectia2-responsive.html,1,1,propriu,14,6,,14,1
C:\00\Projects\LearningHub\content\liceu\mat-info\cls12\m3-web\lectia2-responsive.html,2,1,propriu,9,3,2,9,2
C:\00\Projects\LearningHub\content\liceu\mat-info\cls12\m3-web\lectia2-responsive.html,3,1,propriu,15,5,4,15,3
C:\00\Projects\LearningHub\content\liceu\mat-info\cls12\m3-web\lectia2-responsive.html,4,1,propriu,14,2,3,14,4
C:\00\Projects\LearningHub\content\liceu\mat-info\cls12\m3-web\lectia2-responsive.html,5,1,propriu,19,3,2,19,5
C:\00\Projects\LearningHub\content\liceu\mat-info\cls12\m3-web\lectia2-responsive.html,6,1,propriu,25,,5,25,6
C:\00\Projects\LearningHub\content\liceu\mat-info\cls12\m3-web\lectia3-javascript-intro.html,1,1,propriu,9,3,,9,1
C:\00\Projects\LearningHub\content\liceu\mat-info\cls12\m3-web\lectia3-javascript-intro.html,2,1,propriu,4,1,1,4,2
C:\00\Projects\LearningHub\content\liceu\mat-info\cls12\m3-web\lectia3-javascript-intro.html,3,1,propriu,8,6,1,8,3
C:\00\Projects\LearningHub\content\liceu\mat-info\cls12\m3-web\lectia3-javascript-intro.html,4,1,propriu,8,1,3,8,4
C:\00\Projects\LearningHub\content\liceu\mat-info\cls12\m3-web\lectia3-javascript-intro.html,5,1,propriu,6,5,0,6,5
C:\00\Projects\LearningHub\content\liceu\mat-info\cls12\m3-web\lectia3-javascript-intro.html,6,1,propriu,8,,7,8,6
C:\00\Projects\LearningHub\content\liceu\mat-info\cls12\m3-web\lectia4-proiect-web.html,1,1,propriu,10,1,,10,1
C:\00\Projects\LearningHub\content\liceu\mat-info\cls12\m3-web\lectia4-proiect-web.html,2,1,propriu,15,8,3,15,2
C:\00\Projects\LearningHub\content\liceu\mat-info\cls12\m3-web\lectia4-proiect-web.html,3,1,propriu,8,0,0,8,3
C:\00\Projects\LearningHub\content\liceu\mat-info\cls12\m3-web\lectia4-proiect-web.html,4,1,propriu,9,1,2,9,4
C:\00\Projects\LearningHub\content\liceu\mat-info\cls12\m3-web\lectia4-proiect-web.html,5,1,propriu,10,4,6,10,5
C:\00\Projects\LearningHub\content\liceu\mat-info\cls12\m3-web\lectia4-proiect-web.html,6,1,propriu,12,,2,12,6
C:\00\Projects\LearningHub\content\liceu\mat-info\cls9\m1-gandire-comp\lectia1-intro-algoritmi.html,1,1,propriu,8,6,,8,1
C:\00\Projects\LearningHub\content\liceu\mat-info\cls9\m1-gandire-comp\lectia1-intro-algoritmi.html,2,1,propriu,3,1,1,3,2
C:\00\Projects\LearningHub\content\liceu\mat-info\cls9\m1-gandire-comp\lectia1-intro-algoritmi.html,3,1,decalat_inainte,1,3,0,3,4
C:\00\Projects\LearningHub\content\liceu\mat-info\cls9\m1-gandire-comp\lectia1-intro-algoritmi.html,4,1,propriu,7,6,1,7,4
C:\00\Projects\LearningHub\content\liceu\mat-info\cls9\m1-gandire-comp\lectia1-intro-algoritmi.html,5,1,propriu,2,0,0,2,5
C:\00\Projects\LearningHub\content\liceu\mat-info\cls9\m1-gandire-comp\lectia1-intro-algoritmi.html,6,1,altul,5,,4,7,4
C:\00\Projects\LearningHub\content\liceu\mat-info\cls9\m1-gandire-comp\lectia2-variabile-tipuri.html,1,1,decalat_inainte,2,4,,4,2
C:\00\Projects\LearningHub\content\liceu\mat-info\cls9\m1-gandire-comp\lectia2-variabile-tipuri.html,2,1,propriu,5,4,1,5,2
C:\00\Projects\LearningHub\content\liceu\mat-info\cls9\m1-gandire-comp\lectia2-variabile-tipuri.html,3,1,decalat_inapoi,5,4,7,7,2
C:\00\Projects\LearningHub\content\liceu\mat-info\cls9\m1-gandire-comp\lectia2-variabile-tipuri.html,4,1,propriu,5,5,1,5,4
C:\00\Projects\LearningHub\content\liceu\mat-info\cls9\m1-gandire-comp\lectia2-variabile-tipuri.html,5,1,altul,4,,1,5,2
C:\00\Projects\LearningHub\content\liceu\mat-info\cls9\m1-gandire-comp\lectia3-expresii.html,1,1,altul,6,4,,7,6
C:\00\Projects\LearningHub\content\liceu\mat-info\cls9\m1-gandire-comp\lectia3-expresii.html,2,1,propriu,3,1,2,3,2
C:\00\Projects\LearningHub\content\liceu\mat-info\cls9\m1-gandire-comp\lectia3-expresii.html,3,1,propriu,8,4,2,8,3
C:\00\Projects\LearningHub\content\liceu\mat-info\cls9\m1-gandire-comp\lectia3-expresii.html,4,1,propriu,3,1,3,3,4
C:\00\Projects\LearningHub\content\liceu\mat-info\cls9\m1-gandire-comp\lectia3-expresii.html,5,1,slab,0,0,0,0,5
C:\00\Projects\LearningHub\content\liceu\mat-info\cls9\m1-gandire-comp\lectia3-expresii.html,6,1,propriu,8,,0,8,6
C:\00\Projects\LearningHub\content\liceu\mat-info\cls9\m1-gandire-comp\lectia4-intro-python.html,1,1,decalat_inainte,2,4,,4,2
C:\00\Projects\LearningHub\content\liceu\mat-info\cls9\m1-gandire-comp\lectia4-intro-python.html,2,1,decalat_inainte,2,4,0,4,3
C:\00\Projects\LearningHub\content\liceu\mat-info\cls9\m1-gandire-comp\lectia4-intro-python.html,3,1,slab,0,0,0,0,3
C:\00\Projects\LearningHub\content\liceu\mat-info\cls9\m1-gandire-comp\lectia4-intro-python.html,4,1,altul,0,,1,3,2
C:\00\Projects\LearningHub\content\liceu\mat-info\cls9\m1-gandire-comp\lectia5-intro-cpp.html,1,1,propriu,6,4,,6,1
C:\00\Projects\LearningHub\content\liceu\mat-info\cls9\m1-gandire-comp\lectia5-intro-cpp.html,2,1,propriu,2,1,1,2,2
C:\00\Projects\LearningHub\content\liceu\mat-info\cls9\m1-gandire-comp\lectia5-intro-cpp.html,3,1,propriu,3,2,0,3,3
C:\00\Projects\LearningHub\content\liceu\mat-info\cls9\m1-gandire-comp\lectia5-intro-cpp.html,4,1,propriu,5,1,4,5,4
C:\00\Projects\LearningHub\content\liceu\mat-info\cls9\m1-gandire-comp\lectia5-intro-cpp.html,5,1,propriu,3,,0,3,5
C:\00\Projects\LearningHub\content\liceu\mat-info\cls9\m1-gandire-comp\lectia6-evaluare-expresii.html,1,1,propriu,3,0,,3,1
C:\00\Projects\LearningHub\content\liceu\mat-info\cls9\m1-gandire-comp\lectia6-evaluare-expresii.html,1,2,propriu,6,0,,6,1
C:\00\Projects\LearningHub\content\liceu\mat-info\cls9\m1-gandire-comp\lectia6-evaluare-expresii.html,2,1,propriu,6,1,3,6,2
C:\00\Projects\LearningHub\content\liceu\mat-info\cls9\m1-gandire-comp\lectia6-evaluare-expresii.html,2,2,propriu,3,2,1,3,2
C:\00\Projects\LearningHub\content\liceu\mat-info\cls9\m1-gandire-comp\lectia6-evaluare-expresii.html,2,3,slab,1,0,0,1,2
C:\00\Projects\LearningHub\content\liceu\mat-info\cls9\m1-gandire-comp\lectia6-evaluare-expresii.html,3,1,propriu,2,1,0,2,3
C:\00\Projects\LearningHub\content\liceu\mat-info\cls9\m1-gandire-comp\lectia6-evaluare-expresii.html,3,2,propriu,10,0,0,10,3
C:\00\Projects\LearningHub\content\liceu\mat-info\cls9\m1-gandire-comp\lectia6-evaluare-expresii.html,4,1,propriu,2,1,0,2,4
C:\00\Projects\LearningHub\content\liceu\mat-info\cls9\m1-gandire-comp\lectia6-evaluare-expresii.html,4,2,propriu,3,0,0,3,4
C:\00\Projects\LearningHub\content\liceu\mat-info\cls9\m1-gandire-comp\lectia6-evaluare-expresii.html,4,3,propriu,2,0,0,2,4
C:\00\Projects\LearningHub\content\liceu\mat-info\cls9\m1-gandire-comp\lectia6-evaluare-expresii.html,5,1,propriu,2,2,0,2,5
C:\00\Projects\LearningHub\content\liceu\mat-info\cls9\m1-gandire-comp\lectia6-evaluare-expresii.html,5,2,slab,1,0,0,1,5
C:\00\Projects\LearningHub\content\liceu\mat-info\cls9\m1-gandire-comp\lectia6-evaluare-expresii.html,6,1,propriu,2,,0,2,6
C:\00\Projects\LearningHub\content\liceu\mat-info\cls9\m1-gandire-comp\lectia6-evaluare-expresii.html,6,2,slab,0,,0,1,4
C:\00\Projects\LearningHub\content\liceu\mat-info\cls9\m1-gandire-comp\lectia6-evaluare-expresii.html,6,3,propriu,5,,0,5,6
C:\00\Projects\LearningHub\content\liceu\mat-info\cls9\m2-structuri-control\lectia1-structura-if.html,1,1,propriu,9,6,,9,1
C:\00\Projects\LearningHub\content\liceu\mat-info\cls9\m2-structuri-control\lectia1-structura-if.html,2,1,propriu,8,5,1,8,2
C:\00\Projects\LearningHub\content\liceu\mat-info\cls9\m2-structuri-control\lectia1-structura-if.html,3,1,propriu,11,3,6,11,3
C:\00\Projects\LearningHub\content\liceu\mat-info\cls9\m2-structuri-control\lectia1-structura-if.html,4,1,propriu,9,5,3,9,4
C:\00\Projects\LearningHub\content\liceu\mat-info\cls9\m2-structuri-control\lectia1-structura-if.html,5,1,propriu,5,0,1,5,5
C:\00\Projects\LearningHub\content\liceu\mat-info\cls9\m2-structuri-control\lectia1-structura-if.html,6,1,propriu,13,,3,13,6
C:\00\Projects\LearningHub\content\liceu\mat-info\cls9\m2-structuri-control\lectia2-if-else-if.html,1,1,decalat_inainte,3,6,,6,2
C:\00\Projects\LearningHub\content\liceu\mat-info\cls9\m2-structuri-control\lectia2-if-else-if.html,2,1,propriu,8,1,3,8,2
C:\00\Projects\LearningHub\content\liceu\mat-info\cls9\m2-structuri-control\lectia2-if-else-if.html,3,1,propriu,7,1,2,7,3
C:\00\Projects\LearningHub\content\liceu\mat-info\cls9\m2-structuri-control\lectia2-if-else-if.html,4,1,propriu,11,2,3,11,4
C:\00\Projects\LearningHub\content\liceu\mat-info\cls9\m2-structuri-control\lectia2-if-else-if.html,5,1,propriu,8,6,6,8,5
C:\00\Projects\LearningHub\content\liceu\mat-info\cls9\m2-structuri-control\lectia2-if-else-if.html,6,1,propriu,3,,2,3,6
C:\00\Projects\LearningHub\content\liceu\mat-info\cls9\m2-structuri-control\lectia3-bucla-for.html,1,1,propriu,4,0,,4,1
C:\00\Projects\LearningHub\content\liceu\mat-info\cls9\m2-structuri-control\lectia3-bucla-for.html,2,1,decalat_inapoi,3,3,4,4,1
C:\00\Projects\LearningHub\content\liceu\mat-info\cls9\m2-structuri-control\lectia3-bucla-for.html,3,1,propriu,9,1,1,9,3
C:\00\Projects\LearningHub\content\liceu\mat-info\cls9\m2-structuri-control\lectia3-bucla-for.html,4,1,propriu,10,3,3,10,4
C:\00\Projects\LearningHub\content\liceu\mat-info\cls9\m2-structuri-control\lectia3-bucla-for.html,5,1,propriu,8,3,1,8,5
C:\00\Projects\LearningHub\content\liceu\mat-info\cls9\m2-structuri-control\lectia3-bucla-for.html,6,1,propriu,6,,1,6,6
C:\00\Projects\LearningHub\content\liceu\mat-info\cls9\m2-structuri-control\lectia4-bucla-while.html,1,1,propriu,12,5,,12,1
C:\00\Projects\LearningHub\content\liceu\mat-info\cls9\m2-structuri-control\lectia4-bucla-while.html,2,1,altul,8,4,6,12,4
C:\00\Projects\LearningHub\content\liceu\mat-info\cls9\m2-structuri-control\lectia4-bucla-while.html,3,1,propriu,4,0,1,4,3
C:\00\Projects\LearningHub\content\liceu\mat-info\cls9\m2-structuri-control\lectia4-bucla-while.html,4,1,propriu,10,7,5,10,4
C:\00\Projects\LearningHub\content\liceu\mat-info\cls9\m2-structuri-control\lectia4-bucla-while.html,5,1,propriu,8,2,8,8,5
C:\00\Projects\LearningHub\content\liceu\mat-info\cls9\m2-structuri-control\lectia4-bucla-while.html,6,1,propriu,12,,2,12,6
C:\00\Projects\LearningHub\content\liceu\mat-info\cls9\m2-structuri-control\lectia5-algoritmi-simple.html,1,1,propriu,7,5,,7,1
C:\00\Projects\LearningHub\content\liceu\mat-info\cls9\m2-structuri-control\lectia5-algoritmi-simple.html,2,1,propriu,5,2,4,5,2
C:\00\Projects\LearningHub\content\liceu\mat-info\cls9\m2-structuri-control\lectia5-algoritmi-simple.html,3,1,propriu,10,3,3,10,3
C:\00\Projects\LearningHub\content\liceu\mat-info\cls9\m2-structuri-control\lectia5-algoritmi-simple.html,4,1,propriu,6,4,1,6,4
C:\00\Projects\LearningHub\content\liceu\mat-info\cls9\m2-structuri-control\lectia5-algoritmi-simple.html,5,1,propriu,4,2,2,4,5
C:\00\Projects\LearningHub\content\liceu\mat-info\cls9\m2-structuri-control\lectia5-algoritmi-simple.html,6,1,propriu,7,,3,7,6
C:\00\Projects\LearningHub\content\liceu\mat-info\cls9\m2-structuri-control\lectia6-probleme-bac.html,1,1,propriu,5,2,,5,1
C:\00\Projects\LearningHub\content\liceu\mat-info\cls9\m2-structuri-control\lectia6-probleme-bac.html,2,1,altul,5,1,1,6,5
C:\00\Projects\LearningHub\content\liceu\mat-info\cls9\m2-structuri-control\lectia6-probleme-bac.html,3,1,altul,3,4,3,5,1
C:\00\Projects\LearningHub\content\liceu\mat-info\cls9\m2-structuri-control\lectia6-probleme-bac.html,4,1,propriu,10,4,1,10,4
C:\00\Projects\LearningHub\content\liceu\mat-info\cls9\m2-structuri-control\lectia6-probleme-bac.html,5,1,propriu,5,2,3,5,5
C:\00\Projects\LearningHub\content\liceu\mat-info\cls9\m2-structuri-control\lectia6-probleme-bac.html,6,1,propriu,3,,0,3,6
C:\00\Projects\LearningHub\content\liceu\mat-info\cls9\m3-tic-baze\lectia1-sisteme-operare.html,1,1,propriu,10,3,,10,1
C:\00\Projects\LearningHub\content\liceu\mat-info\cls9\m3-tic-baze\lectia1-sisteme-operare.html,2,1,decalat_inapoi,6,3,7,7,1
C:\00\Projects\LearningHub\content\liceu\mat-info\cls9\m3-tic-baze\lectia1-sisteme-operare.html,3,1,propriu,7,3,1,7,3
C:\00\Projects\LearningHub\content\liceu\mat-info\cls9\m3-tic-baze\lectia1-sisteme-operare.html,4,1,propriu,9,0,0,9,4
C:\00\Projects\LearningHub\content\liceu\mat-info\cls9\m3-tic-baze\lectia1-sisteme-operare.html,5,1,propriu,18,7,4,18,5
C:\00\Projects\LearningHub\content\liceu\mat-info\cls9\m3-tic-baze\lectia1-sisteme-operare.html,6,1,propriu,13,2,2,13,6
C:\00\Projects\LearningHub\content\liceu\mat-info\cls9\m3-tic-baze\lectia1-sisteme-operare.html,7,1,propriu,15,,5,15,7
C:\00\Projects\LearningHub\content\liceu\mat-info\cls9\m3-tic-baze\lectia2-suite-office.html,1,1,propriu,10,6,,10,1
C:\00\Projects\LearningHub\content\liceu\mat-info\cls9\m3-tic-baze\lectia2-suite-office.html,2,1,propriu,11,2,4,11,2
C:\00\Projects\LearningHub\content\liceu\mat-info\cls9\m3-tic-baze\lectia2-suite-office.html,3,1,propriu,16,5,3,16,3
C:\00\Projects\LearningHub\content\liceu\mat-info\cls9\m3-tic-baze\lectia2-suite-office.html,4,1,propriu,8,2,1,8,4
C:\00\Projects\LearningHub\content\liceu\mat-info\cls9\m3-tic-baze\lectia2-suite-office.html,5,1,propriu,9,,1,9,5
C:\00\Projects\LearningHub\content\liceu\mat-info\cls9\m3-tic-baze\lectia3-stocare-cloud.html,1,1,propriu,10,4,,10,1
C:\00\Projects\LearningHub\content\liceu\mat-info\cls9\m3-tic-baze\lectia3-stocare-cloud.html,2,1,propriu,13,3,4,13,2
C:\00\Projects\LearningHub\content\liceu\mat-info\cls9\m3-tic-baze\lectia3-stocare-cloud.html,3,1,propriu,10,3,2,10,3
C:\00\Projects\LearningHub\content\liceu\mat-info\cls9\m3-tic-baze\lectia3-stocare-cloud.html,4,1,propriu,9,2,3,9,4
C:\00\Projects\LearningHub\content\liceu\mat-info\cls9\m3-tic-baze\lectia3-stocare-cloud.html,5,1,propriu,12,,3,12,5
C:\00\Projects\LearningHub\content\liceu\mat-info\cls9\m3-tic-baze\lectia4-navigare-eficienta.html,1,1,propriu,11,7,,11,1
C:\00\Projects\LearningHub\content\liceu\mat-info\cls9\m3-tic-baze\lectia4-navigare-eficienta.html,2,1,propriu,4,0,2,4,2
C:\00\Projects\LearningHub\content\liceu\mat-info\cls9\m3-tic-baze\lectia4-navigare-eficienta.html,3,1,propriu,9,2,0,9,3
C:\00\Projects\LearningHub\content\liceu\mat-info\cls9\m3-tic-baze\lectia4-navigare-eficienta.html,4,1,propriu,9,1,3,9,4
C:\00\Projects\LearningHub\content\liceu\mat-info\cls9\m3-tic-baze\lectia4-navigare-eficienta.html,5,1,propriu,10,,2,10,5
C:\00\Projects\LearningHub\content\liceu\mat-info\cls9\m4-etica-digitala\lectia1-siguranta-online.html,1,1,propriu,11,6,,11,1
C:\00\Projects\LearningHub\content\liceu\mat-info\cls9\m4-etica-digitala\lectia1-siguranta-online.html,2,1,propriu,8,1,5,8,2
C:\00\Projects\LearningHub\content\liceu\mat-info\cls9\m4-etica-digitala\lectia1-siguranta-online.html,3,1,propriu,7,2,5,7,3
C:\00\Projects\LearningHub\content\liceu\mat-info\cls9\m4-etica-digitala\lectia1-siguranta-online.html,4,1,propriu,5,2,0,5,4
C:\00\Projects\LearningHub\content\liceu\mat-info\cls9\m4-etica-digitala\lectia1-siguranta-online.html,5,1,propriu,6,3,3,6,5
C:\00\Projects\LearningHub\content\liceu\mat-info\cls9\m4-etica-digitala\lectia1-siguranta-online.html,6,1,propriu,11,,2,11,6
C:\00\Projects\LearningHub\content\liceu\mat-info\cls9\m4-etica-digitala\lectia2-phishing-malware.html,1,1,propriu,7,5,,7,1
C:\00\Projects\LearningHub\content\liceu\mat-info\cls9\m4-etica-digitala\lectia2-phishing-malware.html,2,1,propriu,7,2,3,7,2
C:\00\Projects\LearningHub\content\liceu\mat-info\cls9\m4-etica-digitala\lectia2-phishing-malware.html,3,1,propriu,4,0,1,4,3
C:\00\Projects\LearningHub\content\liceu\mat-info\cls9\m4-etica-digitala\lectia2-phishing-malware.html,4,1,propriu,10,0,1,10,4
C:\00\Projects\LearningHub\content\liceu\mat-info\cls9\m4-etica-digitala\lectia2-phishing-malware.html,5,1,altul,5,,2,6,3
C:\00\Projects\LearningHub\content\liceu\mat-info\cls9\m4-etica-digitala\lectia3-drepturi-autor.html,1,1,propriu,9,4,,9,1
C:\00\Projects\LearningHub\content\liceu\mat-info\cls9\m4-etica-digitala\lectia3-drepturi-autor.html,2,1,propriu,10,5,3,10,2
C:\00\Projects\LearningHub\content\liceu\mat-info\cls9\m4-etica-digitala\lectia3-drepturi-autor.html,3,1,propriu,7,4,5,7,3
C:\00\Projects\LearningHub\content\liceu\mat-info\cls9\m4-etica-digitala\lectia3-drepturi-autor.html,4,1,propriu,6,1,2,6,4
C:\00\Projects\LearningHub\content\liceu\mat-info\cls9\m4-etica-digitala\lectia3-drepturi-autor.html,5,1,propriu,11,,4,11,5
C:\00\Projects\LearningHub\content\liceu\mat-info\cls9\m4-etica-digitala\lectia4-gdpr-confidentialitate.html,1,1,propriu,9,6,,9,1
C:\00\Projects\LearningHub\content\liceu\mat-info\cls9\m4-etica-digitala\lectia4-gdpr-confidentialitate.html,2,1,propriu,8,2,5,8,2
C:\00\Projects\LearningHub\content\liceu\mat-info\cls9\m4-etica-digitala\lectia4-gdpr-confidentialitate.html,3,1,propriu,8,1,5,8,3
C:\00\Projects\LearningHub\content\liceu\mat-info\cls9\m4-etica-digitala\lectia4-gdpr-confidentialitate.html,4,1,propriu,10,2,0,10,4
C:\00\Projects\LearningHub\content\liceu\mat-info\cls9\m4-etica-digitala\lectia4-gdpr-confidentialitate.html,5,1,propriu,10,6,1,10,5
C:\00\Projects\LearningHub\content\liceu\mat-info\cls9\m4-etica-digitala\lectia4-gdpr-confidentialitate.html,6,1,propriu,14,,2,14,6
C:\00\Projects\LearningHub\content\liceu\militar\cls10\m1-procesare-text\lectia1-documente-formatare.html,1,1,propriu,10,4,,10,1
C:\00\Projects\LearningHub\content\liceu\militar\cls10\m1-procesare-text\lectia1-documente-formatare.html,2,1,propriu,13,4,8,13,2
C:\00\Projects\LearningHub\content\liceu\militar\cls10\m1-procesare-text\lectia1-documente-formatare.html,3,1,propriu,14,3,6,14,3
C:\00\Projects\LearningHub\content\liceu\militar\cls10\m1-procesare-text\lectia1-documente-formatare.html,4,1,propriu,16,3,1,16,4
C:\00\Projects\LearningHub\content\liceu\militar\cls10\m1-procesare-text\lectia1-documente-formatare.html,5,1,propriu,18,14,5,18,5
C:\00\Projects\LearningHub\content\liceu\militar\cls10\m1-procesare-text\lectia1-documente-formatare.html,6,1,altul,4,,3,13,4
C:\00\Projects\LearningHub\content\liceu\militar\cls10\m1-procesare-text\lectia2-stiluri-cuprins.html,1,1,decalat_inainte,11,12,,12,2
C:\00\Projects\LearningHub\content\liceu\militar\cls10\m1-procesare-text\lectia2-stiluri-cuprins.html,2,1,propriu,14,9,12,14,2
C:\00\Projects\LearningHub\content\liceu\militar\cls10\m1-procesare-text\lectia2-stiluri-cuprins.html,3,1,propriu,14,4,12,14,3
C:\00\Projects\LearningHub\content\liceu\militar\cls10\m1-procesare-text\lectia2-stiluri-cuprins.html,4,1,propriu,19,9,4,19,4
C:\00\Projects\LearningHub\content\liceu\militar\cls10\m1-procesare-text\lectia2-stiluri-cuprins.html,5,1,propriu,12,8,5,12,5
C:\00\Projects\LearningHub\content\liceu\militar\cls10\m1-procesare-text\lectia2-stiluri-cuprins.html,6,1,decalat_inapoi,12,,17,17,5
C:\00\Projects\LearningHub\content\liceu\militar\cls10\m1-procesare-text\lectia3-corespondenta-aplicatie.html,1,1,propriu,15,10,,15,1
C:\00\Projects\LearningHub\content\liceu\militar\cls10\m1-procesare-text\lectia3-corespondenta-aplicatie.html,2,1,decalat_inapoi,10,7,11,11,1
C:\00\Projects\LearningHub\content\liceu\militar\cls10\m1-procesare-text\lectia3-corespondenta-aplicatie.html,3,1,propriu,14,9,10,14,3
C:\00\Projects\LearningHub\content\liceu\militar\cls10\m1-procesare-text\lectia3-corespondenta-aplicatie.html,4,1,propriu,16,5,8,16,4
C:\00\Projects\LearningHub\content\liceu\militar\cls10\m1-procesare-text\lectia3-corespondenta-aplicatie.html,5,1,propriu,15,2,6,15,5
C:\00\Projects\LearningHub\content\liceu\militar\cls10\m1-procesare-text\lectia3-corespondenta-aplicatie.html,6,1,propriu,16,11,3,16,6
C:\00\Projects\LearningHub\content\liceu\militar\cls10\m1-procesare-text\lectia3-corespondenta-aplicatie.html,7,1,altul,5,,4,13,2
C:\00\Projects\LearningHub\content\liceu\militar\cls10\m2-calcul-tabelar\lectia1-tabel-formule.html,1,1,propriu,9,3,,9,1
C:\00\Projects\LearningHub\content\liceu\militar\cls10\m2-calcul-tabelar\lectia1-tabel-formule.html,2,1,propriu,17,5,4,17,2
C:\00\Projects\LearningHub\content\liceu\militar\cls10\m2-calcul-tabelar\lectia1-tabel-formule.html,3,1,propriu,11,3,6,11,3
C:\00\Projects\LearningHub\content\liceu\militar\cls10\m2-calcul-tabelar\lectia1-tabel-formule.html,4,1,propriu,8,3,2,8,4
C:\00\Projects\LearningHub\content\liceu\militar\cls10\m2-calcul-tabelar\lectia1-tabel-formule.html,5,1,propriu,8,4,4,8,5
C:\00\Projects\LearningHub\content\liceu\militar\cls10\m2-calcul-tabelar\lectia1-tabel-formule.html,6,1,altul,7,,6,9,4
C:\00\Projects\LearningHub\content\liceu\militar\cls10\m2-calcul-tabelar\lectia2-functii-diagrame.html,1,1,propriu,11,9,,11,1
C:\00\Projects\LearningHub\content\liceu\militar\cls10\m2-calcul-tabelar\lectia2-functii-diagrame.html,2,1,propriu,6,4,4,6,2
C:\00\Projects\LearningHub\content\liceu\militar\cls10\m2-calcul-tabelar\lectia2-functii-diagrame.html,3,1,propriu,9,2,4,9,3
C:\00\Projects\LearningHub\content\liceu\militar\cls10\m2-calcul-tabelar\lectia2-functii-diagrame.html,4,1,propriu,15,5,6,15,4
C:\00\Projects\LearningHub\content\liceu\militar\cls10\m2-calcul-tabelar\lectia2-functii-diagrame.html,5,1,propriu,14,2,4,14,5
C:\00\Projects\LearningHub\content\liceu\militar\cls10\m2-calcul-tabelar\lectia2-functii-diagrame.html,6,1,propriu,20,9,8,20,6
C:\00\Projects\LearningHub\content\liceu\militar\cls10\m2-calcul-tabelar\lectia2-functii-diagrame.html,7,1,propriu,18,,7,18,7
C:\00\Projects\LearningHub\content\liceu\militar\cls10\m2-calcul-tabelar\lectia3-aplicatie.html,1,1,altul,11,5,,12,6
C:\00\Projects\LearningHub\content\liceu\militar\cls10\m2-calcul-tabelar\lectia3-aplicatie.html,2,1,propriu,20,4,9,20,2
C:\00\Projects\LearningHub\content\liceu\militar\cls10\m2-calcul-tabelar\lectia3-aplicatie.html,3,1,propriu,14,7,7,14,3
C:\00\Projects\LearningHub\content\liceu\militar\cls10\m2-calcul-tabelar\lectia3-aplicatie.html,4,1,propriu,16,2,1,16,4
C:\00\Projects\LearningHub\content\liceu\militar\cls10\m2-calcul-tabelar\lectia3-aplicatie.html,5,1,propriu,23,8,7,23,5
C:\00\Projects\LearningHub\content\liceu\militar\cls10\m2-calcul-tabelar\lectia3-aplicatie.html,6,1,decalat_inapoi,11,,13,13,5
C:\00\Projects\LearningHub\content\liceu\militar\cls11\m1-prezentari-multimedia\lectia1-prezentare-eficienta.html,1,1,propriu,9,2,,9,1
C:\00\Projects\LearningHub\content\liceu\militar\cls11\m1-prezentari-multimedia\lectia1-prezentare-eficienta.html,2,1,altul,10,9,5,11,6
C:\00\Projects\LearningHub\content\liceu\militar\cls11\m1-prezentari-multimedia\lectia1-prezentare-eficienta.html,3,1,propriu,16,12,5,16,3
C:\00\Projects\LearningHub\content\liceu\militar\cls11\m1-prezentari-multimedia\lectia1-prezentare-eficienta.html,4,1,propriu,13,1,4,13,4
C:\00\Projects\LearningHub\content\liceu\militar\cls11\m1-prezentari-multimedia\lectia1-prezentare-eficienta.html,5,1,propriu,17,10,7,17,5
C:\00\Projects\LearningHub\content\liceu\militar\cls11\m1-prezentari-multimedia\lectia1-prezentare-eficienta.html,6,1,altul,12,,5,14,4
C:\00\Projects\LearningHub\content\liceu\militar\cls11\m1-prezentari-multimedia\lectia2-audio-video.html,1,1,propriu,11,2,,11,1
C:\00\Projects\LearningHub\content\liceu\militar\cls11\m1-prezentari-multimedia\lectia2-audio-video.html,2,1,propriu,18,6,4,18,2
C:\00\Projects\LearningHub\content\liceu\militar\cls11\m1-prezentari-multimedia\lectia2-audio-video.html,3,1,propriu,10,6,5,10,3
C:\00\Projects\LearningHub\content\liceu\militar\cls11\m1-prezentari-multimedia\lectia2-audio-video.html,4,1,propriu,23,6,4,23,4
C:\00\Projects\LearningHub\content\liceu\militar\cls11\m1-prezentari-multimedia\lectia2-audio-video.html,5,1,propriu,16,,5,16,5
C:\00\Projects\LearningHub\content\liceu\militar\cls11\m2-imagini-web\lectia1-imagine-digitala.html,1,1,propriu,15,12,,15,1
C:\00\Projects\LearningHub\content\liceu\militar\cls11\m2-imagini-web\lectia1-imagine-digitala.html,2,1,propriu,16,2,6,16,2
C:\00\Projects\LearningHub\content\liceu\militar\cls11\m2-imagini-web\lectia1-imagine-digitala.html,3,1,propriu,16,7,4,16,3
C:\00\Projects\LearningHub\content\liceu\militar\cls11\m2-imagini-web\lectia1-imagine-digitala.html,4,1,propriu,24,3,9,24,4
C:\00\Projects\LearningHub\content\liceu\militar\cls11\m2-imagini-web\lectia1-imagine-digitala.html,5,1,propriu,18,,6,18,5
C:\00\Projects\LearningHub\content\liceu\militar\cls11\m2-imagini-web\lectia1-imagine-digitala.html,5,2,propriu,16,,3,16,5
C:\00\Projects\LearningHub\content\liceu\militar\cls11\m2-imagini-web\lectia2-pagini-web.html,1,1,propriu,21,13,,21,1
C:\00\Projects\LearningHub\content\liceu\militar\cls11\m2-imagini-web\lectia2-pagini-web.html,2,1,propriu,24,9,11,24,2
C:\00\Projects\LearningHub\content\liceu\militar\cls11\m2-imagini-web\lectia2-pagini-web.html,3,1,propriu,18,6,7,18,3
C:\00\Projects\LearningHub\content\liceu\militar\cls11\m2-imagini-web\lectia2-pagini-web.html,4,1,propriu,16,6,4,16,4
C:\00\Projects\LearningHub\content\liceu\militar\cls11\m2-imagini-web\lectia2-pagini-web.html,5,1,propriu,22,5,8,22,5
C:\00\Projects\LearningHub\content\liceu\militar\cls11\m2-imagini-web\lectia2-pagini-web.html,6,1,propriu,15,,2,15,6
C:\00\Projects\LearningHub\content\liceu\militar\cls12\m1-competente-digitale\lectia1-calculator-fisiere.html,1,1,propriu,15,5,,15,1
C:\00\Projects\LearningHub\content\liceu\militar\cls12\m1-competente-digitale\lectia1-calculator-fisiere.html,2,1,propriu,14,5,8,14,2
C:\00\Projects\LearningHub\content\liceu\militar\cls12\m1-competente-digitale\lectia1-calculator-fisiere.html,3,1,decalat_inainte,4,6,3,6,4
C:\00\Projects\LearningHub\content\liceu\militar\cls12\m1-competente-digitale\lectia1-calculator-fisiere.html,4,1,propriu,9,6,1,9,4
C:\00\Projects\LearningHub\content\liceu\militar\cls12\m1-competente-digitale\lectia1-calculator-fisiere.html,5,1,propriu,11,,10,11,5
C:\00\Projects\LearningHub\content\liceu\militar\cls12\m1-competente-digitale\lectia2-procesare-text.html,1,1,propriu,20,11,,20,1
C:\00\Projects\LearningHub\content\liceu\militar\cls12\m1-competente-digitale\lectia2-procesare-text.html,2,1,propriu,15,11,6,15,2
C:\00\Projects\LearningHub\content\liceu\militar\cls12\m1-competente-digitale\lectia2-procesare-text.html,3,1,propriu,14,4,10,14,3
C:\00\Projects\LearningHub\content\liceu\militar\cls12\m1-competente-digitale\lectia2-procesare-text.html,4,1,propriu,14,9,12,14,4
C:\00\Projects\LearningHub\content\liceu\militar\cls12\m1-competente-digitale\lectia2-procesare-text.html,5,1,propriu,17,5,9,17,5
C:\00\Projects\LearningHub\content\liceu\militar\cls12\m1-competente-digitale\lectia2-procesare-text.html,6,1,decalat_inapoi,13,,23,23,5
C:\00\Projects\LearningHub\content\liceu\militar\cls12\m1-competente-digitale\lectia3-calcul-tabelar.html,1,1,propriu,8,4,,8,1
C:\00\Projects\LearningHub\content\liceu\militar\cls12\m1-competente-digitale\lectia3-calcul-tabelar.html,2,1,propriu,5,2,3,5,2
C:\00\Projects\LearningHub\content\liceu\militar\cls12\m1-competente-digitale\lectia3-calcul-tabelar.html,3,1,propriu,8,5,4,8,3
C:\00\Projects\LearningHub\content\liceu\militar\cls12\m1-competente-digitale\lectia3-calcul-tabelar.html,4,1,propriu,18,4,3,18,4
C:\00\Projects\LearningHub\content\liceu\militar\cls12\m1-competente-digitale\lectia3-calcul-tabelar.html,5,1,propriu,15,7,10,15,5
C:\00\Projects\LearningHub\content\liceu\militar\cls12\m1-competente-digitale\lectia3-calcul-tabelar.html,6,1,propriu,18,,2,18,6
C:\00\Projects\LearningHub\content\liceu\militar\cls12\m1-competente-digitale\lectia4-prezentari-internet.html,1,1,propriu,12,2,,12,1
C:\00\Projects\LearningHub\content\liceu\militar\cls12\m1-competente-digitale\lectia4-prezentari-internet.html,2,1,propriu,17,5,2,17,2
C:\00\Projects\LearningHub\content\liceu\militar\cls12\m1-competente-digitale\lectia4-prezentari-internet.html,3,1,propriu,21,9,3,21,3
C:\00\Projects\LearningHub\content\liceu\militar\cls12\m1-competente-digitale\lectia4-prezentari-internet.html,4,1,propriu,17,1,1,17,4
C:\00\Projects\LearningHub\content\liceu\militar\cls12\m1-competente-digitale\lectia4-prezentari-internet.html,5,1,propriu,14,,4,14,5
C:\00\Projects\LearningHub\content\liceu\militar\cls12\m1-competente-digitale\lectia5-editare-imagini.html,1,1,propriu,12,5,,12,1
C:\00\Projects\LearningHub\content\liceu\militar\cls12\m1-competente-digitale\lectia5-editare-imagini.html,2,1,propriu,15,4,8,15,2
C:\00\Projects\LearningHub\content\liceu\militar\cls12\m1-competente-digitale\lectia5-editare-imagini.html,3,1,propriu,14,5,2,14,3
C:\00\Projects\LearningHub\content\liceu\militar\cls12\m1-competente-digitale\lectia5-editare-imagini.html,4,1,propriu,9,3,3,9,4
C:\00\Projects\LearningHub\content\liceu\militar\cls12\m1-competente-digitale\lectia5-editare-imagini.html,5,1,altul,9,,2,11,1
C:\00\Projects\LearningHub\content\liceu\militar\cls12\m1-competente-digitale\lectia6-proiect-integrator.html,1,1,propriu,11,6,,11,1
C:\00\Projects\LearningHub\content\liceu\militar\cls12\m1-competente-digitale\lectia6-proiect-integrator.html,2,1,propriu,13,2,5,13,2
C:\00\Projects\LearningHub\content\liceu\militar\cls12\m1-competente-digitale\lectia6-proiect-integrator.html,3,1,propriu,13,4,1,13,3
C:\00\Projects\LearningHub\content\liceu\militar\cls12\m1-competente-digitale\lectia6-proiect-integrator.html,4,1,propriu,9,3,4,9,4
C:\00\Projects\LearningHub\content\liceu\militar\cls12\m1-competente-digitale\lectia6-proiect-integrator.html,5,1,propriu,10,,5,10,5
C:\00\Projects\LearningHub\content\liceu\militar\cls9\m1-sisteme-retele\lectia1-sisteme-calcul.html,1,1,propriu,8,7,,8,1
C:\00\Projects\LearningHub\content\liceu\militar\cls9\m1-sisteme-retele\lectia1-sisteme-calcul.html,2,1,propriu,23,1,5,23,2
C:\00\Projects\LearningHub\content\liceu\militar\cls9\m1-sisteme-retele\lectia1-sisteme-calcul.html,3,1,propriu,15,10,6,15,3
C:\00\Projects\LearningHub\content\liceu\militar\cls9\m1-sisteme-retele\lectia1-sisteme-calcul.html,4,1,propriu,17,4,11,17,4
C:\00\Projects\LearningHub\content\liceu\militar\cls9\m1-sisteme-retele\lectia1-sisteme-calcul.html,5,1,propriu,18,8,5,18,5
C:\00\Projects\LearningHub\content\liceu\militar\cls9\m1-sisteme-retele\lectia1-sisteme-calcul.html,6,1,propriu,14,,3,14,6
C:\00\Projects\LearningHub\content\liceu\militar\cls9\m1-sisteme-retele\lectia2-retele-internet.html,1,1,propriu,19,6,,19,1
C:\00\Projects\LearningHub\content\liceu\militar\cls9\m1-sisteme-retele\lectia2-retele-internet.html,2,1,propriu,22,11,7,22,2
C:\00\Projects\LearningHub\content\liceu\militar\cls9\m1-sisteme-retele\lectia2-retele-internet.html,3,1,propriu,24,12,10,24,3
C:\00\Projects\LearningHub\content\liceu\militar\cls9\m1-sisteme-retele\lectia2-retele-internet.html,4,1,propriu,19,6,6,19,4
C:\00\Projects\LearningHub\content\liceu\militar\cls9\m1-sisteme-retele\lectia2-retele-internet.html,5,1,propriu,23,8,7,23,5
C:\00\Projects\LearningHub\content\liceu\militar\cls9\m1-sisteme-retele\lectia2-retele-internet.html,6,1,propriu,9,,6,9,6
C:\00\Projects\LearningHub\content\liceu\militar\cls9\m2-societate-digitala\lectia1-identitate-siguranta.html,1,1,propriu,14,3,,14,1
C:\00\Projects\LearningHub\content\liceu\militar\cls9\m2-societate-digitala\lectia1-identitate-siguranta.html,2,1,propriu,14,2,4,14,2
C:\00\Projects\LearningHub\content\liceu\militar\cls9\m2-societate-digitala\lectia1-identitate-siguranta.html,3,1,propriu,15,6,5,15,3
C:\00\Projects\LearningHub\content\liceu\militar\cls9\m2-societate-digitala\lectia1-identitate-siguranta.html,4,1,propriu,17,4,4,17,4
C:\00\Projects\LearningHub\content\liceu\militar\cls9\m2-societate-digitala\lectia1-identitate-siguranta.html,5,1,propriu,8,0,2,8,5
C:\00\Projects\LearningHub\content\liceu\militar\cls9\m2-societate-digitala\lectia1-identitate-siguranta.html,6,1,propriu,7,,2,7,6
C:\00\Projects\LearningHub\content\liceu\militar\cls9\m2-societate-digitala\lectia2-drepturi-gdpr.html,1,1,propriu,11,5,,11,1
C:\00\Projects\LearningHub\content\liceu\militar\cls9\m2-societate-digitala\lectia2-drepturi-gdpr.html,2,1,propriu,10,4,9,10,2
C:\00\Projects\LearningHub\content\liceu\militar\cls9\m2-societate-digitala\lectia2-drepturi-gdpr.html,3,1,propriu,7,,1,7,3
C:\00\Projects\LearningHub\content\liceu\militar\cls9\m2-societate-digitala\lectia3-comunicare-ai.html,1,1,propriu,19,8,,19,1
C:\00\Projects\LearningHub\content\liceu\militar\cls9\m2-societate-digitala\lectia3-comunicare-ai.html,2,1,propriu,10,3,7,10,2
C:\00\Projects\LearningHub\content\liceu\militar\cls9\m2-societate-digitala\lectia3-comunicare-ai.html,3,1,propriu,11,5,1,11,3
C:\00\Projects\LearningHub\content\liceu\militar\cls9\m2-societate-digitala\lectia3-comunicare-ai.html,4,1,propriu,14,9,7,14,4
C:\00\Projects\LearningHub\content\liceu\militar\cls9\m2-societate-digitala\lectia3-comunicare-ai.html,5,1,propriu,16,,2,16,5
C:\00\Projects\LearningHub\content\liceu\pedagogic\cls10\m1-procesare-text\lectia1-documente-formatare.html,1,1,propriu,23,17,,23,1
C:\00\Projects\LearningHub\content\liceu\pedagogic\cls10\m1-procesare-text\lectia1-documente-formatare.html,2,1,propriu,25,10,11,25,2
C:\00\Projects\LearningHub\content\liceu\pedagogic\cls10\m1-procesare-text\lectia1-documente-formatare.html,3,1,propriu,16,7,7,16,3
C:\00\Projects\LearningHub\content\liceu\pedagogic\cls10\m1-procesare-text\lectia1-documente-formatare.html,4,1,propriu,14,2,5,14,4
C:\00\Projects\LearningHub\content\liceu\pedagogic\cls10\m1-procesare-text\lectia1-documente-formatare.html,5,1,propriu,13,,2,13,5
C:\00\Projects\LearningHub\content\liceu\pedagogic\cls10\m1-procesare-text\lectia2-stiluri-cuprins.html,1,1,propriu,13,8,,13,1
C:\00\Projects\LearningHub\content\liceu\pedagogic\cls10\m1-procesare-text\lectia2-stiluri-cuprins.html,2,1,propriu,13,13,10,13,2
C:\00\Projects\LearningHub\content\liceu\pedagogic\cls10\m1-procesare-text\lectia2-stiluri-cuprins.html,3,1,propriu,18,9,8,18,3
C:\00\Projects\LearningHub\content\liceu\pedagogic\cls10\m1-procesare-text\lectia2-stiluri-cuprins.html,4,1,propriu,13,8,5,13,4
C:\00\Projects\LearningHub\content\liceu\pedagogic\cls10\m1-procesare-text\lectia2-stiluri-cuprins.html,5,1,propriu,10,,2,10,5
C:\00\Projects\LearningHub\content\liceu\pedagogic\cls10\m1-procesare-text\lectia3-corespondenta-aplicatie.html,1,1,propriu,16,11,,16,1
C:\00\Projects\LearningHub\content\liceu\pedagogic\cls10\m1-procesare-text\lectia3-corespondenta-aplicatie.html,2,1,propriu,14,11,11,14,2
C:\00\Projects\LearningHub\content\liceu\pedagogic\cls10\m1-procesare-text\lectia3-corespondenta-aplicatie.html,3,1,propriu,20,8,5,20,3
C:\00\Projects\LearningHub\content\liceu\pedagogic\cls10\m1-procesare-text\lectia3-corespondenta-aplicatie.html,4,1,propriu,20,9,18,20,4
C:\00\Projects\LearningHub\content\liceu\pedagogic\cls10\m1-procesare-text\lectia3-corespondenta-aplicatie.html,5,1,propriu,11,5,5,11,5
C:\00\Projects\LearningHub\content\liceu\pedagogic\cls10\m1-procesare-text\lectia3-corespondenta-aplicatie.html,6,1,propriu,14,,3,14,6
C:\00\Projects\LearningHub\content\liceu\pedagogic\cls10\m1-procesare-text\lectia3-corespondenta-aplicatie.html,6,2,propriu,11,,3,11,6
C:\00\Projects\LearningHub\content\liceu\pedagogic\cls10\m2-calcul-tabelar\lectia1-tabel-formule.html,1,1,propriu,10,5,,10,1
C:\00\Projects\LearningHub\content\liceu\pedagogic\cls10\m2-calcul-tabelar\lectia1-tabel-formule.html,2,1,propriu,14,5,6,14,2
C:\00\Projects\LearningHub\content\liceu\pedagogic\cls10\m2-calcul-tabelar\lectia1-tabel-formule.html,3,1,propriu,9,6,8,9,3
C:\00\Projects\LearningHub\content\liceu\pedagogic\cls10\m2-calcul-tabelar\lectia1-tabel-formule.html,4,1,propriu,7,3,5,7,4
C:\00\Projects\LearningHub\content\liceu\pedagogic\cls10\m2-calcul-tabelar\lectia1-tabel-formule.html,5,1,propriu,13,,5,13,5
C:\00\Projects\LearningHub\content\liceu\pedagogic\cls10\m2-calcul-tabelar\lectia2-functii-diagrame.html,1,1,propriu,10,2,,10,1
C:\00\Projects\LearningHub\content\liceu\pedagogic\cls10\m2-calcul-tabelar\lectia2-functii-diagrame.html,2,1,propriu,8,7,4,8,2
C:\00\Projects\LearningHub\content\liceu\pedagogic\cls10\m2-calcul-tabelar\lectia2-functii-diagrame.html,3,1,propriu,15,6,8,15,3
C:\00\Projects\LearningHub\content\liceu\pedagogic\cls10\m2-calcul-tabelar\lectia2-functii-diagrame.html,4,1,propriu,12,2,7,12,4
C:\00\Projects\LearningHub\content\liceu\pedagogic\cls10\m2-calcul-tabelar\lectia2-functii-diagrame.html,5,1,propriu,18,4,4,18,5
C:\00\Projects\LearningHub\content\liceu\pedagogic\cls10\m2-calcul-tabelar\lectia2-functii-diagrame.html,6,1,propriu,15,,4,15,6
C:\00\Projects\LearningHub\content\liceu\pedagogic\cls10\m2-calcul-tabelar\lectia3-aplicatie.html,1,1,altul,7,6,,9,5
C:\00\Projects\LearningHub\content\liceu\pedagogic\cls10\m2-calcul-tabelar\lectia3-aplicatie.html,2,1,propriu,12,6,5,12,2
C:\00\Projects\LearningHub\content\liceu\pedagogic\cls10\m2-calcul-tabelar\lectia3-aplicatie.html,3,1,propriu,10,2,5,10,3
C:\00\Projects\LearningHub\content\liceu\pedagogic\cls10\m2-calcul-tabelar\lectia3-aplicatie.html,4,1,propriu,10,4,6,10,4
C:\00\Projects\LearningHub\content\liceu\pedagogic\cls10\m2-calcul-tabelar\lectia3-aplicatie.html,5,1,propriu,16,,3,16,5
C:\00\Projects\LearningHub\content\liceu\pedagogic\cls11\m1-prezentari-multimedia\lectia1-prezentare-eficienta.html,1,1,propriu,16,5,,16,1
C:\00\Projects\LearningHub\content\liceu\pedagogic\cls11\m1-prezentari-multimedia\lectia1-prezentare-eficienta.html,2,1,propriu,14,10,6,14,2
C:\00\Projects\LearningHub\content\liceu\pedagogic\cls11\m1-prezentari-multimedia\lectia1-prezentare-eficienta.html,3,1,propriu,16,10,9,16,3
C:\00\Projects\LearningHub\content\liceu\pedagogic\cls11\m1-prezentari-multimedia\lectia1-prezentare-eficienta.html,4,1,propriu,25,4,7,25,4
C:\00\Projects\LearningHub\content\liceu\pedagogic\cls11\m1-prezentari-multimedia\lectia1-prezentare-eficienta.html,5,1,propriu,17,,6,17,5
C:\00\Projects\LearningHub\content\liceu\pedagogic\cls11\m1-prezentari-multimedia\lectia2-audio-video.html,1,1,propriu,12,7,,12,1
C:\00\Projects\LearningHub\content\liceu\pedagogic\cls11\m1-prezentari-multimedia\lectia2-audio-video.html,2,1,propriu,11,2,3,11,2
C:\00\Projects\LearningHub\content\liceu\pedagogic\cls11\m1-prezentari-multimedia\lectia2-audio-video.html,3,1,propriu,21,2,6,21,3
C:\00\Projects\LearningHub\content\liceu\pedagogic\cls11\m1-prezentari-multimedia\lectia2-audio-video.html,4,1,propriu,20,8,3,20,4
C:\00\Projects\LearningHub\content\liceu\pedagogic\cls11\m1-prezentari-multimedia\lectia2-audio-video.html,5,1,propriu,12,4,1,12,5
C:\00\Projects\LearningHub\content\liceu\pedagogic\cls11\m1-prezentari-multimedia\lectia2-audio-video.html,6,1,propriu,17,,5,17,6
C:\00\Projects\LearningHub\content\liceu\pedagogic\cls11\m2-imagini-web\lectia1-imagine-digitala.html,1,1,propriu,28,10,,28,1
C:\00\Projects\LearningHub\content\liceu\pedagogic\cls11\m2-imagini-web\lectia1-imagine-digitala.html,2,1,propriu,9,3,9,9,2
C:\00\Projects\LearningHub\content\liceu\pedagogic\cls11\m2-imagini-web\lectia1-imagine-digitala.html,3,1,propriu,11,7,2,11,3
C:\00\Projects\LearningHub\content\liceu\pedagogic\cls11\m2-imagini-web\lectia1-imagine-digitala.html,4,1,propriu,22,4,9,22,4
C:\00\Projects\LearningHub\content\liceu\pedagogic\cls11\m2-imagini-web\lectia1-imagine-digitala.html,5,1,propriu,16,7,3,16,5
C:\00\Projects\LearningHub\content\liceu\pedagogic\cls11\m2-imagini-web\lectia1-imagine-digitala.html,6,1,propriu,12,,6,12,6
C:\00\Projects\LearningHub\content\liceu\pedagogic\cls11\m2-imagini-web\lectia2-pagini-web.html,1,1,propriu,15,7,,15,1
C:\00\Projects\LearningHub\content\liceu\pedagogic\cls11\m2-imagini-web\lectia2-pagini-web.html,2,1,propriu,18,7,6,18,2
C:\00\Projects\LearningHub\content\liceu\pedagogic\cls11\m2-imagini-web\lectia2-pagini-web.html,3,1,propriu,12,4,7,12,3
C:\00\Projects\LearningHub\content\liceu\pedagogic\cls11\m2-imagini-web\lectia2-pagini-web.html,4,1,propriu,13,4,2,13,4
C:\00\Projects\LearningHub\content\liceu\pedagogic\cls11\m2-imagini-web\lectia2-pagini-web.html,5,1,propriu,15,,10,15,5
C:\00\Projects\LearningHub\content\liceu\pedagogic\cls12\m1-competente-digitale\lectia1-calculator-fisiere.html,1,1,propriu,14,8,,14,1
C:\00\Projects\LearningHub\content\liceu\pedagogic\cls12\m1-competente-digitale\lectia1-calculator-fisiere.html,2,1,propriu,18,6,6,18,2
C:\00\Projects\LearningHub\content\liceu\pedagogic\cls12\m1-competente-digitale\lectia1-calculator-fisiere.html,3,1,propriu,16,10,7,16,3
C:\00\Projects\LearningHub\content\liceu\pedagogic\cls12\m1-competente-digitale\lectia1-calculator-fisiere.html,4,1,propriu,15,7,3,15,4
C:\00\Projects\LearningHub\content\liceu\pedagogic\cls12\m1-competente-digitale\lectia1-calculator-fisiere.html,5,1,propriu,10,7,6,10,5
C:\00\Projects\LearningHub\content\liceu\pedagogic\cls12\m1-competente-digitale\lectia1-calculator-fisiere.html,6,1,propriu,14,,5,14,6
C:\00\Projects\LearningHub\content\liceu\pedagogic\cls12\m1-competente-digitale\lectia2-procesare-text.html,1,1,propriu,12,6,,12,1
C:\00\Projects\LearningHub\content\liceu\pedagogic\cls12\m1-competente-digitale\lectia2-procesare-text.html,2,1,propriu,12,3,5,12,2
C:\00\Projects\LearningHub\content\liceu\pedagogic\cls12\m1-competente-digitale\lectia2-procesare-text.html,3,1,propriu,12,5,5,12,3
C:\00\Projects\LearningHub\content\liceu\pedagogic\cls12\m1-competente-digitale\lectia2-procesare-text.html,4,1,propriu,16,6,2,16,4
C:\00\Projects\LearningHub\content\liceu\pedagogic\cls12\m1-competente-digitale\lectia2-procesare-text.html,5,1,propriu,20,,6,20,5
C:\00\Projects\LearningHub\content\liceu\pedagogic\cls12\m1-competente-digitale\lectia3-calcul-tabelar.html,1,1,propriu,11,8,,11,1
C:\00\Projects\LearningHub\content\liceu\pedagogic\cls12\m1-competente-digitale\lectia3-calcul-tabelar.html,2,1,propriu,20,7,10,20,2
C:\00\Projects\LearningHub\content\liceu\pedagogic\cls12\m1-competente-digitale\lectia3-calcul-tabelar.html,3,1,propriu,20,13,6,20,3
C:\00\Projects\LearningHub\content\liceu\pedagogic\cls12\m1-competente-digitale\lectia3-calcul-tabelar.html,4,1,propriu,23,7,3,23,4
C:\00\Projects\LearningHub\content\liceu\pedagogic\cls12\m1-competente-digitale\lectia3-calcul-tabelar.html,5,1,propriu,17,,11,17,5
C:\00\Projects\LearningHub\content\liceu\pedagogic\cls12\m1-competente-digitale\lectia4-prezentari-internet.html,1,1,propriu,10,4,,10,1
C:\00\Projects\LearningHub\content\liceu\pedagogic\cls12\m1-competente-digitale\lectia4-prezentari-internet.html,2,1,propriu,20,8,6,20,2
C:\00\Projects\LearningHub\content\liceu\pedagogic\cls12\m1-competente-digitale\lectia4-prezentari-internet.html,3,1,propriu,21,6,10,21,3
C:\00\Projects\LearningHub\content\liceu\pedagogic\cls12\m1-competente-digitale\lectia4-prezentari-internet.html,4,1,propriu,17,2,5,17,4
C:\00\Projects\LearningHub\content\liceu\pedagogic\cls12\m1-competente-digitale\lectia4-prezentari-internet.html,5,1,propriu,17,5,0,17,5
C:\00\Projects\LearningHub\content\liceu\pedagogic\cls12\m1-competente-digitale\lectia4-prezentari-internet.html,6,1,propriu,21,,2,21,6
C:\00\Projects\LearningHub\content\liceu\pedagogic\cls12\m1-competente-digitale\lectia5-editare-imagini.html,1,1,propriu,13,6,,13,1
C:\00\Projects\LearningHub\content\liceu\pedagogic\cls12\m1-competente-digitale\lectia5-editare-imagini.html,2,1,propriu,8,8,7,8,2
C:\00\Projects\LearningHub\content\liceu\pedagogic\cls12\m1-competente-digitale\lectia5-editare-imagini.html,3,1,propriu,22,4,3,22,3
C:\00\Projects\LearningHub\content\liceu\pedagogic\cls12\m1-competente-digitale\lectia5-editare-imagini.html,4,1,propriu,18,5,11,18,4
C:\00\Projects\LearningHub\content\liceu\pedagogic\cls12\m1-competente-digitale\lectia5-editare-imagini.html,5,1,propriu,19,7,8,19,5
C:\00\Projects\LearningHub\content\liceu\pedagogic\cls12\m1-competente-digitale\lectia5-editare-imagini.html,6,1,propriu,14,,7,14,6
C:\00\Projects\LearningHub\content\liceu\pedagogic\cls12\m1-competente-digitale\lectia6-proiect-integrator.html,1,1,propriu,14,5,,14,1
C:\00\Projects\LearningHub\content\liceu\pedagogic\cls12\m1-competente-digitale\lectia6-proiect-integrator.html,2,1,propriu,15,3,6,15,2
C:\00\Projects\LearningHub\content\liceu\pedagogic\cls12\m1-competente-digitale\lectia6-proiect-integrator.html,3,1,propriu,10,3,7,10,3
C:\00\Projects\LearningHub\content\liceu\pedagogic\cls12\m1-competente-digitale\lectia6-proiect-integrator.html,4,1,propriu,15,6,6,15,4
C:\00\Projects\LearningHub\content\liceu\pedagogic\cls12\m1-competente-digitale\lectia6-proiect-integrator.html,5,1,propriu,12,,10,12,5
C:\00\Projects\LearningHub\content\liceu\pedagogic\cls9\m1-sisteme-retele\lectia1-sisteme-calcul.html,1,1,propriu,12,4,,12,1
C:\00\Projects\LearningHub\content\liceu\pedagogic\cls9\m1-sisteme-retele\lectia1-sisteme-calcul.html,2,1,decalat_inapoi,7,8,10,10,1
C:\00\Projects\LearningHub\content\liceu\pedagogic\cls9\m1-sisteme-retele\lectia1-sisteme-calcul.html,3,1,propriu,16,2,5,16,3
C:\00\Projects\LearningHub\content\liceu\pedagogic\cls9\m1-sisteme-retele\lectia1-sisteme-calcul.html,4,1,propriu,10,6,2,10,4
C:\00\Projects\LearningHub\content\liceu\pedagogic\cls9\m1-sisteme-retele\lectia1-sisteme-calcul.html,5,1,propriu,15,,14,15,5
C:\00\Projects\LearningHub\content\liceu\pedagogic\cls9\m1-sisteme-retele\lectia2-retele-internet.html,1,1,propriu,13,10,,13,1
C:\00\Projects\LearningHub\content\liceu\pedagogic\cls9\m1-sisteme-retele\lectia2-retele-internet.html,2,1,propriu,11,4,4,11,2
C:\00\Projects\LearningHub\content\liceu\pedagogic\cls9\m1-sisteme-retele\lectia2-retele-internet.html,3,1,propriu,18,8,13,18,3
C:\00\Projects\LearningHub\content\liceu\pedagogic\cls9\m1-sisteme-retele\lectia2-retele-internet.html,4,1,propriu,12,5,8,12,4
C:\00\Projects\LearningHub\content\liceu\pedagogic\cls9\m1-sisteme-retele\lectia2-retele-internet.html,5,1,propriu,19,6,10,19,5
C:\00\Projects\LearningHub\content\liceu\pedagogic\cls9\m1-sisteme-retele\lectia2-retele-internet.html,6,1,propriu,17,,10,17,6
C:\00\Projects\LearningHub\content\liceu\pedagogic\cls9\m2-societate-digitala\lectia1-identitate-siguranta.html,1,1,propriu,22,3,,22,1
C:\00\Projects\LearningHub\content\liceu\pedagogic\cls9\m2-societate-digitala\lectia1-identitate-siguranta.html,2,1,propriu,12,4,6,12,2
C:\00\Projects\LearningHub\content\liceu\pedagogic\cls9\m2-societate-digitala\lectia1-identitate-siguranta.html,3,1,propriu,13,5,3,13,3
C:\00\Projects\LearningHub\content\liceu\pedagogic\cls9\m2-societate-digitala\lectia1-identitate-siguranta.html,4,1,propriu,20,4,6,20,4
C:\00\Projects\LearningHub\content\liceu\pedagogic\cls9\m2-societate-digitala\lectia1-identitate-siguranta.html,5,1,propriu,19,,2,19,5
C:\00\Projects\LearningHub\content\liceu\pedagogic\cls9\m2-societate-digitala\lectia2-drepturi-gdpr.html,1,1,propriu,13,9,,13,1
C:\00\Projects\LearningHub\content\liceu\pedagogic\cls9\m2-societate-digitala\lectia2-drepturi-gdpr.html,2,1,propriu,20,5,8,20,2
C:\00\Projects\LearningHub\content\liceu\pedagogic\cls9\m2-societate-digitala\lectia2-drepturi-gdpr.html,3,1,altul,9,9,4,11,6
C:\00\Projects\LearningHub\content\liceu\pedagogic\cls9\m2-societate-digitala\lectia2-drepturi-gdpr.html,4,1,propriu,19,5,6,19,4
C:\00\Projects\LearningHub\content\liceu\pedagogic\cls9\m2-societate-digitala\lectia2-drepturi-gdpr.html,5,1,propriu,15,9,6,15,5
C:\00\Projects\LearningHub\content\liceu\pedagogic\cls9\m2-societate-digitala\lectia2-drepturi-gdpr.html,6,1,propriu,18,,6,18,6
C:\00\Projects\LearningHub\content\liceu\pedagogic\cls9\m2-societate-digitala\lectia3-comunicare-ai.html,1,1,propriu,10,8,,10,1
C:\00\Projects\LearningHub\content\liceu\pedagogic\cls9\m2-societate-digitala\lectia3-comunicare-ai.html,2,1,propriu,20,4,9,20,2
C:\00\Projects\LearningHub\content\liceu\pedagogic\cls9\m2-societate-digitala\lectia3-comunicare-ai.html,3,1,propriu,12,4,9,12,3
C:\00\Projects\LearningHub\content\liceu\pedagogic\cls9\m2-societate-digitala\lectia3-comunicare-ai.html,4,1,decalat_inainte,15,17,3,17,5
C:\00\Projects\LearningHub\content\liceu\pedagogic\cls9\m2-societate-digitala\lectia3-comunicare-ai.html,5,1,propriu,10,,10,10,5
C:\00\Projects\LearningHub\content\liceu\stiinte\cls10\m1-procesare-text\lectia1-documente-formatare.html,1,1,propriu,20,7,,20,1
C:\00\Projects\LearningHub\content\liceu\stiinte\cls10\m1-procesare-text\lectia1-documente-formatare.html,2,1,propriu,22,10,11,22,2
C:\00\Projects\LearningHub\content\liceu\stiinte\cls10\m1-procesare-text\lectia1-documente-formatare.html,3,1,propriu,17,6,8,17,3
C:\00\Projects\LearningHub\content\liceu\stiinte\cls10\m1-procesare-text\lectia1-documente-formatare.html,4,1,propriu,19,1,3,19,4
C:\00\Projects\LearningHub\content\liceu\stiinte\cls10\m1-procesare-text\lectia1-documente-formatare.html,5,1,propriu,16,,2,16,5
C:\00\Projects\LearningHub\content\liceu\stiinte\cls10\m1-procesare-text\lectia2-stiluri-cuprins.html,1,1,decalat_inainte,16,17,,17,2
C:\00\Projects\LearningHub\content\liceu\stiinte\cls10\m1-procesare-text\lectia2-stiluri-cuprins.html,2,1,propriu,16,8,7,16,2
C:\00\Projects\LearningHub\content\liceu\stiinte\cls10\m1-procesare-text\lectia2-stiluri-cuprins.html,3,1,propriu,12,4,7,12,3
C:\00\Projects\LearningHub\content\liceu\stiinte\cls10\m1-procesare-text\lectia2-stiluri-cuprins.html,4,1,propriu,23,8,7,23,4
C:\00\Projects\LearningHub\content\liceu\stiinte\cls10\m1-procesare-text\lectia2-stiluri-cuprins.html,5,1,propriu,12,,3,12,5
C:\00\Projects\LearningHub\content\liceu\stiinte\cls10\m1-procesare-text\lectia3-corespondenta-aplicatie.html,1,1,propriu,15,6,,15,1
C:\00\Projects\LearningHub\content\liceu\stiinte\cls10\m1-procesare-text\lectia3-corespondenta-aplicatie.html,2,1,propriu,14,6,10,14,2
C:\00\Projects\LearningHub\content\liceu\stiinte\cls10\m1-procesare-text\lectia3-corespondenta-aplicatie.html,3,1,propriu,14,6,7,14,3
C:\00\Projects\LearningHub\content\liceu\stiinte\cls10\m1-procesare-text\lectia3-corespondenta-aplicatie.html,4,1,altul,8,9,6,11,6
C:\00\Projects\LearningHub\content\liceu\stiinte\cls10\m1-procesare-text\lectia3-corespondenta-aplicatie.html,5,1,propriu,7,3,3,7,5
C:\00\Projects\LearningHub\content\liceu\stiinte\cls10\m1-procesare-text\lectia3-corespondenta-aplicatie.html,6,1,altul,8,,6,11,2
C:\00\Projects\LearningHub\content\liceu\stiinte\cls10\m2-calcul-tabelar\lectia1-tabel-formule.html,1,1,propriu,10,4,,10,1
C:\00\Projects\LearningHub\content\liceu\stiinte\cls10\m2-calcul-tabelar\lectia1-tabel-formule.html,2,1,propriu,13,4,4,13,2
C:\00\Projects\LearningHub\content\liceu\stiinte\cls10\m2-calcul-tabelar\lectia1-tabel-formule.html,3,1,propriu,19,4,4,19,3
C:\00\Projects\LearningHub\content\liceu\stiinte\cls10\m2-calcul-tabelar\lectia1-tabel-formule.html,4,1,propriu,10,3,2,10,4
C:\00\Projects\LearningHub\content\liceu\stiinte\cls10\m2-calcul-tabelar\lectia1-tabel-formule.html,5,1,propriu,16,7,9,16,5
C:\00\Projects\LearningHub\content\liceu\stiinte\cls10\m2-calcul-tabelar\lectia1-tabel-formule.html,6,1,altul,6,,2,10,3
C:\00\Projects\LearningHub\content\liceu\stiinte\cls10\m2-calcul-tabelar\lectia2-functii-diagrame.html,1,1,decalat_inainte,11,12,,12,2
C:\00\Projects\LearningHub\content\liceu\stiinte\cls10\m2-calcul-tabelar\lectia2-functii-diagrame.html,2,1,propriu,14,4,6,14,2
C:\00\Projects\LearningHub\content\liceu\stiinte\cls10\m2-calcul-tabelar\lectia2-functii-diagrame.html,3,1,propriu,15,4,2,15,3
C:\00\Projects\LearningHub\content\liceu\stiinte\cls10\m2-calcul-tabelar\lectia2-functii-diagrame.html,4,1,propriu,16,4,4,16,4
C:\00\Projects\LearningHub\content\liceu\stiinte\cls10\m2-calcul-tabelar\lectia2-functii-diagrame.html,5,1,propriu,19,,9,19,5
C:\00\Projects\LearningHub\content\liceu\stiinte\cls10\m2-calcul-tabelar\lectia3-aplicatie.html,1,1,propriu,15,5,,15,1
C:\00\Projects\LearningHub\content\liceu\stiinte\cls10\m2-calcul-tabelar\lectia3-aplicatie.html,2,1,propriu,11,3,5,11,2
C:\00\Projects\LearningHub\content\liceu\stiinte\cls10\m2-calcul-tabelar\lectia3-aplicatie.html,3,1,propriu,10,2,2,10,3
C:\00\Projects\LearningHub\content\liceu\stiinte\cls10\m2-calcul-tabelar\lectia3-aplicatie.html,4,1,propriu,16,4,2,16,4
C:\00\Projects\LearningHub\content\liceu\stiinte\cls10\m2-calcul-tabelar\lectia3-aplicatie.html,5,1,propriu,18,,4,18,5
C:\00\Projects\LearningHub\content\liceu\stiinte\cls10\m3-imagini-digitale\lectia1-imagine-digitala.html,1,1,propriu,15,4,,15,1
C:\00\Projects\LearningHub\content\liceu\stiinte\cls10\m3-imagini-digitale\lectia1-imagine-digitala.html,2,1,propriu,7,2,3,7,2
C:\00\Projects\LearningHub\content\liceu\stiinte\cls10\m3-imagini-digitale\lectia1-imagine-digitala.html,3,1,propriu,24,2,5,24,3
C:\00\Projects\LearningHub\content\liceu\stiinte\cls10\m3-imagini-digitale\lectia1-imagine-digitala.html,4,1,propriu,13,4,4,13,4
C:\00\Projects\LearningHub\content\liceu\stiinte\cls10\m3-imagini-digitale\lectia1-imagine-digitala.html,5,1,propriu,16,,13,16,5
C:\00\Projects\LearningHub\content\liceu\stiinte\cls10\m3-imagini-digitale\lectia2-editare-imagini.html,1,1,propriu,22,5,,22,1
C:\00\Projects\LearningHub\content\liceu\stiinte\cls10\m3-imagini-digitale\lectia2-editare-imagini.html,2,1,propriu,13,9,7,13,2
C:\00\Projects\LearningHub\content\liceu\stiinte\cls10\m3-imagini-digitale\lectia2-editare-imagini.html,3,1,propriu,13,3,2,13,3
C:\00\Projects\LearningHub\content\liceu\stiinte\cls10\m3-imagini-digitale\lectia2-editare-imagini.html,4,1,propriu,18,6,3,18,4
C:\00\Projects\LearningHub\content\liceu\stiinte\cls10\m3-imagini-digitale\lectia2-editare-imagini.html,5,1,altul,14,,5,18,1
C:\00\Projects\LearningHub\content\liceu\stiinte\cls11\m1-prezentari-multimedia\lectia1-prezentare-eficienta.html,1,1,propriu,13,4,,13,1
C:\00\Projects\LearningHub\content\liceu\stiinte\cls11\m1-prezentari-multimedia\lectia1-prezentare-eficienta.html,2,1,propriu,13,9,8,13,2
C:\00\Projects\LearningHub\content\liceu\stiinte\cls11\m1-prezentari-multimedia\lectia1-prezentare-eficienta.html,3,1,propriu,12,6,4,12,3
C:\00\Projects\LearningHub\content\liceu\stiinte\cls11\m1-prezentari-multimedia\lectia1-prezentare-eficienta.html,4,1,propriu,15,1,2,15,4
C:\00\Projects\LearningHub\content\liceu\stiinte\cls11\m1-prezentari-multimedia\lectia1-prezentare-eficienta.html,5,1,propriu,14,5,7,14,5
C:\00\Projects\LearningHub\content\liceu\stiinte\cls11\m1-prezentari-multimedia\lectia1-prezentare-eficienta.html,6,1,propriu,13,,9,13,6
C:\00\Projects\LearningHub\content\liceu\stiinte\cls11\m1-prezentari-multimedia\lectia2-audio-video.html,1,1,propriu,14,2,,14,1
C:\00\Projects\LearningHub\content\liceu\stiinte\cls11\m1-prezentari-multimedia\lectia2-audio-video.html,2,1,propriu,13,3,5,13,2
C:\00\Projects\LearningHub\content\liceu\stiinte\cls11\m1-prezentari-multimedia\lectia2-audio-video.html,3,1,propriu,19,6,3,19,3
C:\00\Projects\LearningHub\content\liceu\stiinte\cls11\m1-prezentari-multimedia\lectia2-audio-video.html,4,1,propriu,24,8,3,24,4
C:\00\Projects\LearningHub\content\liceu\stiinte\cls11\m1-prezentari-multimedia\lectia2-audio-video.html,5,1,propriu,13,,5,13,5
C:\00\Projects\LearningHub\content\liceu\stiinte\cls11\m2-imagini-web\lectia1-imagine-digitala.html,1,1,propriu,11,5,,11,1
C:\00\Projects\LearningHub\content\liceu\stiinte\cls11\m2-imagini-web\lectia1-imagine-digitala.html,2,1,propriu,8,2,6,8,2
C:\00\Projects\LearningHub\content\liceu\stiinte\cls11\m2-imagini-web\lectia1-imagine-digitala.html,3,1,propriu,15,5,1,15,3
C:\00\Projects\LearningHub\content\liceu\stiinte\cls11\m2-imagini-web\lectia1-imagine-digitala.html,4,1,propriu,19,12,3,19,4
C:\00\Projects\LearningHub\content\liceu\stiinte\cls11\m2-imagini-web\lectia1-imagine-digitala.html,5,1,propriu,16,4,6,16,5
C:\00\Projects\LearningHub\content\liceu\stiinte\cls11\m2-imagini-web\lectia1-imagine-digitala.html,6,1,propriu,17,,12,17,6
C:\00\Projects\LearningHub\content\liceu\stiinte\cls11\m2-imagini-web\lectia2-pagini-web.html,1,1,propriu,10,4,,10,1
C:\00\Projects\LearningHub\content\liceu\stiinte\cls11\m2-imagini-web\lectia2-pagini-web.html,2,1,propriu,7,1,4,7,2
C:\00\Projects\LearningHub\content\liceu\stiinte\cls11\m2-imagini-web\lectia2-pagini-web.html,3,1,propriu,12,5,2,12,3
C:\00\Projects\LearningHub\content\liceu\stiinte\cls11\m2-imagini-web\lectia2-pagini-web.html,4,1,propriu,10,4,5,10,4
C:\00\Projects\LearningHub\content\liceu\stiinte\cls11\m2-imagini-web\lectia2-pagini-web.html,5,1,propriu,3,,0,3,5
C:\00\Projects\LearningHub\content\liceu\stiinte\cls12\m1-competente-digitale\lectia1-calculator-fisiere.html,1,1,propriu,21,7,,21,1
C:\00\Projects\LearningHub\content\liceu\stiinte\cls12\m1-competente-digitale\lectia1-calculator-fisiere.html,2,1,propriu,21,8,14,21,2
C:\00\Projects\LearningHub\content\liceu\stiinte\cls12\m1-competente-digitale\lectia1-calculator-fisiere.html,3,1,propriu,19,5,6,19,3
C:\00\Projects\LearningHub\content\liceu\stiinte\cls12\m1-competente-digitale\lectia1-calculator-fisiere.html,4,1,propriu,15,9,6,15,4
C:\00\Projects\LearningHub\content\liceu\stiinte\cls12\m1-competente-digitale\lectia1-calculator-fisiere.html,5,1,propriu,13,5,6,13,5
C:\00\Projects\LearningHub\content\liceu\stiinte\cls12\m1-competente-digitale\lectia1-calculator-fisiere.html,6,1,propriu,12,,9,12,6
C:\00\Projects\LearningHub\content\liceu\stiinte\cls12\m1-competente-digitale\lectia2-procesare-text.html,1,1,propriu,12,4,,12,1
C:\00\Projects\LearningHub\content\liceu\stiinte\cls12\m1-competente-digitale\lectia2-procesare-text.html,2,1,propriu,18,11,6,18,2
C:\00\Projects\LearningHub\content\liceu\stiinte\cls12\m1-competente-digitale\lectia2-procesare-text.html,3,1,propriu,20,4,6,20,3
C:\00\Projects\LearningHub\content\liceu\stiinte\cls12\m1-competente-digitale\lectia2-procesare-text.html,4,1,propriu,14,4,5,14,4
C:\00\Projects\LearningHub\content\liceu\stiinte\cls12\m1-competente-digitale\lectia2-procesare-text.html,5,1,propriu,19,,8,19,5
C:\00\Projects\LearningHub\content\liceu\stiinte\cls12\m1-competente-digitale\lectia3-calcul-tabelar.html,1,1,propriu,6,4,,6,1
C:\00\Projects\LearningHub\content\liceu\stiinte\cls12\m1-competente-digitale\lectia3-calcul-tabelar.html,2,1,propriu,11,2,3,11,2
C:\00\Projects\LearningHub\content\liceu\stiinte\cls12\m1-competente-digitale\lectia3-calcul-tabelar.html,3,1,propriu,18,5,10,18,3
C:\00\Projects\LearningHub\content\liceu\stiinte\cls12\m1-competente-digitale\lectia3-calcul-tabelar.html,4,1,propriu,25,5,2,25,4
C:\00\Projects\LearningHub\content\liceu\stiinte\cls12\m1-competente-digitale\lectia3-calcul-tabelar.html,5,1,propriu,24,,3,24,5
C:\00\Projects\LearningHub\content\liceu\stiinte\cls12\m1-competente-digitale\lectia4-prezentari-internet.html,1,1,propriu,17,6,,17,1
C:\00\Projects\LearningHub\content\liceu\stiinte\cls12\m1-competente-digitale\lectia4-prezentari-internet.html,1,2,propriu,17,9,,17,1
C:\00\Projects\LearningHub\content\liceu\stiinte\cls12\m1-competente-digitale\lectia4-prezentari-internet.html,2,1,propriu,18,12,9,18,2
C:\00\Projects\LearningHub\content\liceu\stiinte\cls12\m1-competente-digitale\lectia4-prezentari-internet.html,3,1,propriu,19,7,12,19,3
C:\00\Projects\LearningHub\content\liceu\stiinte\cls12\m1-competente-digitale\lectia4-prezentari-internet.html,3,2,propriu,17,4,8,17,3
C:\00\Projects\LearningHub\content\liceu\stiinte\cls12\m1-competente-digitale\lectia4-prezentari-internet.html,4,1,propriu,19,0,4,19,4
C:\00\Projects\LearningHub\content\liceu\stiinte\cls12\m1-competente-digitale\lectia4-prezentari-internet.html,4,2,propriu,9,3,6,9,4
C:\00\Projects\LearningHub\content\liceu\stiinte\cls12\m1-competente-digitale\lectia4-prezentari-internet.html,5,1,propriu,12,3,1,12,5
C:\00\Projects\LearningHub\content\liceu\stiinte\cls12\m1-competente-digitale\lectia4-prezentari-internet.html,5,2,propriu,16,10,2,16,5
C:\00\Projects\LearningHub\content\liceu\stiinte\cls12\m1-competente-digitale\lectia4-prezentari-internet.html,6,1,propriu,9,,4,9,6
C:\00\Projects\LearningHub\content\liceu\stiinte\cls12\m1-competente-digitale\lectia5-editare-imagini.html,1,1,propriu,19,7,,19,1
C:\00\Projects\LearningHub\content\liceu\stiinte\cls12\m1-competente-digitale\lectia5-editare-imagini.html,2,1,propriu,13,8,7,13,2
C:\00\Projects\LearningHub\content\liceu\stiinte\cls12\m1-competente-digitale\lectia5-editare-imagini.html,3,1,propriu,17,8,13,17,3
C:\00\Projects\LearningHub\content\liceu\stiinte\cls12\m1-competente-digitale\lectia5-editare-imagini.html,4,1,altul,8,8,7,12,6
C:\00\Projects\LearningHub\content\liceu\stiinte\cls12\m1-competente-digitale\lectia5-editare-imagini.html,5,1,propriu,21,17,11,21,5
C:\00\Projects\LearningHub\content\liceu\stiinte\cls12\m1-competente-digitale\lectia5-editare-imagini.html,6,1,altul,14,,10,16,1
C:\00\Projects\LearningHub\content\liceu\stiinte\cls12\m1-competente-digitale\lectia6-proiect-integrator.html,1,1,propriu,13,7,,13,1
C:\00\Projects\LearningHub\content\liceu\stiinte\cls12\m1-competente-digitale\lectia6-proiect-integrator.html,2,1,propriu,10,5,6,10,2
C:\00\Projects\LearningHub\content\liceu\stiinte\cls12\m1-competente-digitale\lectia6-proiect-integrator.html,3,1,propriu,13,10,5,13,3
C:\00\Projects\LearningHub\content\liceu\stiinte\cls12\m1-competente-digitale\lectia6-proiect-integrator.html,4,1,propriu,12,5,1,12,4
C:\00\Projects\LearningHub\content\liceu\stiinte\cls12\m1-competente-digitale\lectia6-proiect-integrator.html,5,1,propriu,19,,6,19,5
C:\00\Projects\LearningHub\content\liceu\stiinte\cls9\m1-sisteme-retele\lectia1-sisteme-calcul.html,1,1,propriu,12,7,,12,1
C:\00\Projects\LearningHub\content\liceu\stiinte\cls9\m1-sisteme-retele\lectia1-sisteme-calcul.html,2,1,propriu,16,8,11,16,2
C:\00\Projects\LearningHub\content\liceu\stiinte\cls9\m1-sisteme-retele\lectia1-sisteme-calcul.html,3,1,propriu,25,4,3,25,3
C:\00\Projects\LearningHub\content\liceu\stiinte\cls9\m1-sisteme-retele\lectia1-sisteme-calcul.html,4,1,propriu,14,5,6,14,4
C:\00\Projects\LearningHub\content\liceu\stiinte\cls9\m1-sisteme-retele\lectia1-sisteme-calcul.html,5,1,propriu,14,4,4,14,5
C:\00\Projects\LearningHub\content\liceu\stiinte\cls9\m1-sisteme-retele\lectia1-sisteme-calcul.html,6,1,propriu,22,5,8,22,6
C:\00\Projects\LearningHub\content\liceu\stiinte\cls9\m1-sisteme-retele\lectia1-sisteme-calcul.html,7,1,propriu,9,1,2,9,7
C:\00\Projects\LearningHub\content\liceu\stiinte\cls9\m1-sisteme-retele\lectia1-sisteme-calcul.html,8,1,propriu,20,,3,20,8
C:\00\Projects\LearningHub\content\liceu\stiinte\cls9\m1-sisteme-retele\lectia2-retele-internet.html,1,1,propriu,13,3,,13,1
C:\00\Projects\LearningHub\content\liceu\stiinte\cls9\m1-sisteme-retele\lectia2-retele-internet.html,2,1,propriu,17,6,3,17,2
C:\00\Projects\LearningHub\content\liceu\stiinte\cls9\m1-sisteme-retele\lectia2-retele-internet.html,3,1,decalat_inainte,19,20,9,20,4
C:\00\Projects\LearningHub\content\liceu\stiinte\cls9\m1-sisteme-retele\lectia2-retele-internet.html,4,1,propriu,14,7,12,14,4
C:\00\Projects\LearningHub\content\liceu\stiinte\cls9\m1-sisteme-retele\lectia2-retele-internet.html,5,1,propriu,15,10,11,15,5
C:\00\Projects\LearningHub\content\liceu\stiinte\cls9\m1-sisteme-retele\lectia2-retele-internet.html,6,1,propriu,23,,14,23,6
C:\00\Projects\LearningHub\content\liceu\stiinte\cls9\m2-societate-digitala\lectia1-identitate-siguranta.html,1,1,propriu,13,10,,13,1
C:\00\Projects\LearningHub\content\liceu\stiinte\cls9\m2-societate-digitala\lectia1-identitate-siguranta.html,2,1,propriu,14,4,12,14,2
C:\00\Projects\LearningHub\content\liceu\stiinte\cls9\m2-societate-digitala\lectia1-identitate-siguranta.html,3,1,propriu,15,8,5,15,3
C:\00\Projects\LearningHub\content\liceu\stiinte\cls9\m2-societate-digitala\lectia1-identitate-siguranta.html,4,1,propriu,16,7,11,16,4
C:\00\Projects\LearningHub\content\liceu\stiinte\cls9\m2-societate-digitala\lectia1-identitate-siguranta.html,5,1,propriu,16,,4,16,5
C:\00\Projects\LearningHub\content\liceu\stiinte\cls9\m2-societate-digitala\lectia2-drepturi-gdpr.html,1,1,propriu,14,7,,14,1
C:\00\Projects\LearningHub\content\liceu\stiinte\cls9\m2-societate-digitala\lectia2-drepturi-gdpr.html,2,1,propriu,11,9,4,11,2
C:\00\Projects\LearningHub\content\liceu\stiinte\cls9\m2-societate-digitala\lectia2-drepturi-gdpr.html,3,1,propriu,21,,8,21,3
C:\00\Projects\LearningHub\content\liceu\stiinte\cls9\m2-societate-digitala\lectia3-comunicare-ai.html,1,1,propriu,17,9,,17,1
C:\00\Projects\LearningHub\content\liceu\stiinte\cls9\m2-societate-digitala\lectia3-comunicare-ai.html,2,1,propriu,12,4,8,12,2
C:\00\Projects\LearningHub\content\liceu\stiinte\cls9\m2-societate-digitala\lectia3-comunicare-ai.html,3,1,propriu,23,2,4,23,3
C:\00\Projects\LearningHub\content\liceu\stiinte\cls9\m2-societate-digitala\lectia3-comunicare-ai.html,4,1,propriu,18,3,3,18,4
C:\00\Projects\LearningHub\content\liceu\stiinte\cls9\m2-societate-digitala\lectia3-comunicare-ai.html,5,1,propriu,14,,10,14,5
C:\00\Projects\LearningHub\content\liceu\tehnologic\cls10\m1-procesare-text\lectia1-documente-formatare.html,1,1,propriu,12,4,,12,1
C:\00\Projects\LearningHub\content\liceu\tehnologic\cls10\m1-procesare-text\lectia1-documente-formatare.html,2,1,propriu,12,8,6,12,2
C:\00\Projects\LearningHub\content\liceu\tehnologic\cls10\m1-procesare-text\lectia1-documente-formatare.html,3,1,propriu,17,1,2,17,3
C:\00\Projects\LearningHub\content\liceu\tehnologic\cls10\m1-procesare-text\lectia1-documente-formatare.html,4,1,propriu,20,0,3,20,4
C:\00\Projects\LearningHub\content\liceu\tehnologic\cls10\m1-procesare-text\lectia1-documente-formatare.html,5,1,propriu,18,,7,18,5
C:\00\Projects\LearningHub\content\liceu\tehnologic\cls10\m1-procesare-text\lectia2-stiluri-cuprins.html,1,1,decalat_inainte,8,9,,9,2
C:\00\Projects\LearningHub\content\liceu\tehnologic\cls10\m1-procesare-text\lectia2-stiluri-cuprins.html,2,1,propriu,15,9,7,15,2
C:\00\Projects\LearningHub\content\liceu\tehnologic\cls10\m1-procesare-text\lectia2-stiluri-cuprins.html,3,1,propriu,15,6,9,15,3
C:\00\Projects\LearningHub\content\liceu\tehnologic\cls10\m1-procesare-text\lectia2-stiluri-cuprins.html,4,1,propriu,11,5,2,11,4
C:\00\Projects\LearningHub\content\liceu\tehnologic\cls10\m1-procesare-text\lectia2-stiluri-cuprins.html,5,1,propriu,18,,5,18,5
C:\00\Projects\LearningHub\content\liceu\tehnologic\cls10\m1-procesare-text\lectia3-corespondenta-aplicatie.html,1,1,altul,13,11,,15,6
C:\00\Projects\LearningHub\content\liceu\tehnologic\cls10\m1-procesare-text\lectia3-corespondenta-aplicatie.html,2,1,propriu,17,8,12,17,2
C:\00\Projects\LearningHub\content\liceu\tehnologic\cls10\m1-procesare-text\lectia3-corespondenta-aplicatie.html,3,1,altul,10,7,10,13,6
C:\00\Projects\LearningHub\content\liceu\tehnologic\cls10\m1-procesare-text\lectia3-corespondenta-aplicatie.html,4,1,propriu,17,4,9,17,4
C:\00\Projects\LearningHub\content\liceu\tehnologic\cls10\m1-procesare-text\lectia3-corespondenta-aplicatie.html,5,1,propriu,15,10,8,15,5
C:\00\Projects\LearningHub\content\liceu\tehnologic\cls10\m1-procesare-text\lectia3-corespondenta-aplicatie.html,6,1,altul,13,,5,18,3
C:\00\Projects\LearningHub\content\liceu\tehnologic\cls10\m2-calcul-tabelar\lectia1-tabel-formule.html,1,1,propriu,9,6,,9,1
C:\00\Projects\LearningHub\content\liceu\tehnologic\cls10\m2-calcul-tabelar\lectia1-tabel-formule.html,2,1,propriu,14,5,4,14,2
C:\00\Projects\LearningHub\content\liceu\tehnologic\cls10\m2-calcul-tabelar\lectia1-tabel-formule.html,3,1,decalat_inainte,7,9,4,9,4
C:\00\Projects\LearningHub\content\liceu\tehnologic\cls10\m2-calcul-tabelar\lectia1-tabel-formule.html,4,1,propriu,10,5,3,10,4
C:\00\Projects\LearningHub\content\liceu\tehnologic\cls10\m2-calcul-tabelar\lectia1-tabel-formule.html,5,1,propriu,22,,5,22,5
C:\00\Projects\LearningHub\content\liceu\tehnologic\cls10\m2-calcul-tabelar\lectia2-functii-diagrame.html,1,1,propriu,11,2,,11,1
C:\00\Projects\LearningHub\content\liceu\tehnologic\cls10\m2-calcul-tabelar\lectia2-functii-diagrame.html,2,1,propriu,9,2,3,9,2
C:\00\Projects\LearningHub\content\liceu\tehnologic\cls10\m2-calcul-tabelar\lectia2-functii-diagrame.html,3,1,propriu,9,5,3,9,3
C:\00\Projects\LearningHub\content\liceu\tehnologic\cls10\m2-calcul-tabelar\lectia2-functii-diagrame.html,4,1,propriu,16,6,5,16,4
C:\00\Projects\LearningHub\content\liceu\tehnologic\cls10\m2-calcul-tabelar\lectia2-functii-diagrame.html,5,1,propriu,16,,6,16,5
C:\00\Projects\LearningHub\content\liceu\tehnologic\cls10\m2-calcul-tabelar\lectia3-aplicatie.html,1,1,decalat_inainte,14,16,,16,2
C:\00\Projects\LearningHub\content\liceu\tehnologic\cls10\m2-calcul-tabelar\lectia3-aplicatie.html,2,1,propriu,19,9,10,19,2
C:\00\Projects\LearningHub\content\liceu\tehnologic\cls10\m2-calcul-tabelar\lectia3-aplicatie.html,3,1,propriu,25,15,13,25,3
C:\00\Projects\LearningHub\content\liceu\tehnologic\cls10\m2-calcul-tabelar\lectia3-aplicatie.html,4,1,propriu,15,5,7,15,4
C:\00\Projects\LearningHub\content\liceu\tehnologic\cls10\m2-calcul-tabelar\lectia3-aplicatie.html,5,1,propriu,21,,7,21,5
C:\00\Projects\LearningHub\content\liceu\tehnologic\cls10\m3-calcul-tabelar-avansat\lectia1-formule-functii.html,1,1,altul,6,5,,7,6
C:\00\Projects\LearningHub\content\liceu\tehnologic\cls10\m3-calcul-tabelar-avansat\lectia1-formule-functii.html,2,1,propriu,13,2,5,13,2
C:\00\Projects\LearningHub\content\liceu\tehnologic\cls10\m3-calcul-tabelar-avansat\lectia1-formule-functii.html,3,1,propriu,12,3,11,12,3
C:\00\Projects\LearningHub\content\liceu\tehnologic\cls10\m3-calcul-tabelar-avansat\lectia1-formule-functii.html,4,1,propriu,16,5,6,16,4
C:\00\Projects\LearningHub\content\liceu\tehnologic\cls10\m3-calcul-tabelar-avansat\lectia1-formule-functii.html,5,1,propriu,15,11,4,15,5
C:\00\Projects\LearningHub\content\liceu\tehnologic\cls10\m3-calcul-tabelar-avansat\lectia1-formule-functii.html,6,1,propriu,15,,8,15,6
C:\00\Projects\LearningHub\content\liceu\tehnologic\cls10\m3-calcul-tabelar-avansat\lectia2-referinte.html,1,1,propriu,19,10,,19,1
C:\00\Projects\LearningHub\content\liceu\tehnologic\cls10\m3-calcul-tabelar-avansat\lectia2-referinte.html,2,1,propriu,20,9,12,20,2
C:\00\Projects\LearningHub\content\liceu\tehnologic\cls10\m3-calcul-tabelar-avansat\lectia2-referinte.html,3,1,decalat_inapoi,10,5,14,14,2
C:\00\Projects\LearningHub\content\liceu\tehnologic\cls10\m3-calcul-tabelar-avansat\lectia2-referinte.html,4,1,propriu,20,11,7,20,4
C:\00\Projects\LearningHub\content\liceu\tehnologic\cls10\m3-calcul-tabelar-avansat\lectia2-referinte.html,5,1,propriu,10,7,8,10,5
C:\00\Projects\LearningHub\content\liceu\tehnologic\cls10\m3-calcul-tabelar-avansat\lectia2-referinte.html,6,1,propriu,12,,7,12,6
C:\00\Projects\LearningHub\content\liceu\tehnologic\cls10\m3-calcul-tabelar-avansat\lectia3-grafice-diagrame.html,1,1,propriu,14,8,,14,1
C:\00\Projects\LearningHub\content\liceu\tehnologic\cls10\m3-calcul-tabelar-avansat\lectia3-grafice-diagrame.html,2,1,propriu,17,6,8,17,2
C:\00\Projects\LearningHub\content\liceu\tehnologic\cls10\m3-calcul-tabelar-avansat\lectia3-grafice-diagrame.html,3,1,propriu,28,20,7,28,3
C:\00\Projects\LearningHub\content\liceu\tehnologic\cls10\m3-calcul-tabelar-avansat\lectia3-grafice-diagrame.html,4,1,propriu,12,5,12,12,4
C:\00\Projects\LearningHub\content\liceu\tehnologic\cls10\m3-calcul-tabelar-avansat\lectia3-grafice-diagrame.html,5,1,propriu,21,19,11,21,5
C:\00\Projects\LearningHub\content\liceu\tehnologic\cls10\m3-calcul-tabelar-avansat\lectia3-grafice-diagrame.html,6,1,propriu,34,,13,34,6
C:\00\Projects\LearningHub\content\liceu\tehnologic\cls10\m3-calcul-tabelar-avansat\lectia4-tiparire-import.html,1,1,propriu,29,16,,29,1
C:\00\Projects\LearningHub\content\liceu\tehnologic\cls10\m3-calcul-tabelar-avansat\lectia4-tiparire-import.html,2,1,propriu,17,10,10,17,2
C:\00\Projects\LearningHub\content\liceu\tehnologic\cls10\m3-calcul-tabelar-avansat\lectia4-tiparire-import.html,3,1,propriu,18,8,11,18,3
C:\00\Projects\LearningHub\content\liceu\tehnologic\cls10\m3-calcul-tabelar-avansat\lectia4-tiparire-import.html,4,1,propriu,17,8,11,17,4
C:\00\Projects\LearningHub\content\liceu\tehnologic\cls10\m3-calcul-tabelar-avansat\lectia4-tiparire-import.html,5,1,propriu,26,13,13,26,5
C:\00\Projects\LearningHub\content\liceu\tehnologic\cls10\m3-calcul-tabelar-avansat\lectia4-tiparire-import.html,6,1,propriu,27,,5,27,6
C:\00\Projects\LearningHub\content\liceu\tehnologic\cls10\m4-baze-de-date\lectia1-concepte-tabele.html,1,1,propriu,15,10,,15,1
C:\00\Projects\LearningHub\content\liceu\tehnologic\cls10\m4-baze-de-date\lectia1-concepte-tabele.html,2,1,altul,15,9,10,16,4
C:\00\Projects\LearningHub\content\liceu\tehnologic\cls10\m4-baze-de-date\lectia1-concepte-tabele.html,3,1,decalat_inainte,16,17,10,17,4
C:\00\Projects\LearningHub\content\liceu\tehnologic\cls10\m4-baze-de-date\lectia1-concepte-tabele.html,4,1,propriu,23,12,9,23,4
C:\00\Projects\LearningHub\content\liceu\tehnologic\cls10\m4-baze-de-date\lectia1-concepte-tabele.html,5,1,propriu,23,,15,23,5
C:\00\Projects\LearningHub\content\liceu\tehnologic\cls10\m4-baze-de-date\lectia2-chei-relatii.html,1,1,propriu,14,12,,14,1
C:\00\Projects\LearningHub\content\liceu\tehnologic\cls10\m4-baze-de-date\lectia2-chei-relatii.html,2,1,propriu,13,6,10,13,2
C:\00\Projects\LearningHub\content\liceu\tehnologic\cls10\m4-baze-de-date\lectia2-chei-relatii.html,3,1,propriu,15,7,8,15,3
C:\00\Projects\LearningHub\content\liceu\tehnologic\cls10\m4-baze-de-date\lectia2-chei-relatii.html,4,1,propriu,22,8,11,22,4
C:\00\Projects\LearningHub\content\liceu\tehnologic\cls10\m4-baze-de-date\lectia2-chei-relatii.html,5,1,propriu,8,6,8,8,5
C:\00\Projects\LearningHub\content\liceu\tehnologic\cls10\m4-baze-de-date\lectia2-chei-relatii.html,6,1,propriu,20,,9,20,6
C:\00\Projects\LearningHub\content\liceu\tehnologic\cls10\m4-baze-de-date\lectia3-formulare.html,1,1,propriu,22,10,,22,1
C:\00\Projects\LearningHub\content\liceu\tehnologic\cls10\m4-baze-de-date\lectia3-formulare.html,2,1,altul,10,4,3,14,6
C:\00\Projects\LearningHub\content\liceu\tehnologic\cls10\m4-baze-de-date\lectia3-formulare.html,3,1,propriu,23,19,17,23,3
C:\00\Projects\LearningHub\content\liceu\tehnologic\cls10\m4-baze-de-date\lectia3-formulare.html,4,1,propriu,15,5,6,15,4
C:\00\Projects\LearningHub\content\liceu\tehnologic\cls10\m4-baze-de-date\lectia3-formulare.html,5,1,propriu,16,10,8,16,5
C:\00\Projects\LearningHub\content\liceu\tehnologic\cls10\m4-baze-de-date\lectia3-formulare.html,6,1,propriu,15,,10,15,6
C:\00\Projects\LearningHub\content\liceu\tehnologic\cls10\m4-baze-de-date\lectia4-interogari-filtre.html,1,1,propriu,16,11,,16,1
C:\00\Projects\LearningHub\content\liceu\tehnologic\cls10\m4-baze-de-date\lectia4-interogari-filtre.html,2,1,propriu,23,7,19,23,2
C:\00\Projects\LearningHub\content\liceu\tehnologic\cls10\m4-baze-de-date\lectia4-interogari-filtre.html,3,1,propriu,13,9,9,13,3
C:\00\Projects\LearningHub\content\liceu\tehnologic\cls10\m4-baze-de-date\lectia4-interogari-filtre.html,4,1,propriu,19,6,10,19,4
C:\00\Projects\LearningHub\content\liceu\tehnologic\cls10\m4-baze-de-date\lectia4-interogari-filtre.html,5,1,propriu,19,10,7,19,5
C:\00\Projects\LearningHub\content\liceu\tehnologic\cls10\m4-baze-de-date\lectia4-interogari-filtre.html,6,1,propriu,19,4,5,19,6
C:\00\Projects\LearningHub\content\liceu\tehnologic\cls10\m4-baze-de-date\lectia4-interogari-filtre.html,7,1,propriu,16,6,2,16,7
C:\00\Projects\LearningHub\content\liceu\tehnologic\cls10\m4-baze-de-date\lectia4-interogari-filtre.html,8,1,propriu,26,,5,26,8
C:\00\Projects\LearningHub\content\liceu\tehnologic\cls10\m4-baze-de-date\lectia5-rapoarte-aplicatie.html,1,1,propriu,13,8,,13,1
C:\00\Projects\LearningHub\content\liceu\tehnologic\cls10\m4-baze-de-date\lectia5-rapoarte-aplicatie.html,2,1,propriu,13,10,8,13,2
C:\00\Projects\LearningHub\content\liceu\tehnologic\cls10\m4-baze-de-date\lectia5-rapoarte-aplicatie.html,3,1,propriu,18,12,10,18,3
C:\00\Projects\LearningHub\content\liceu\tehnologic\cls10\m4-baze-de-date\lectia5-rapoarte-aplicatie.html,4,1,propriu,23,17,9,23,4
C:\00\Projects\LearningHub\content\liceu\tehnologic\cls10\m4-baze-de-date\lectia5-rapoarte-aplicatie.html,5,1,propriu,11,6,9,11,5
C:\00\Projects\LearningHub\content\liceu\tehnologic\cls10\m4-baze-de-date\lectia5-rapoarte-aplicatie.html,6,1,propriu,18,,13,18,6
C:\00\Projects\LearningHub\content\liceu\tehnologic\cls10\m5-prezentari-digitale\lectia1-creare-formatare.html,1,1,propriu,11,7,,11,1
C:\00\Projects\LearningHub\content\liceu\tehnologic\cls10\m5-prezentari-digitale\lectia1-creare-formatare.html,2,1,propriu,19,9,14,19,2
C:\00\Projects\LearningHub\content\liceu\tehnologic\cls10\m5-prezentari-digitale\lectia1-creare-formatare.html,3,1,propriu,16,5,9,16,3
C:\00\Projects\LearningHub\content\liceu\tehnologic\cls10\m5-prezentari-digitale\lectia1-creare-formatare.html,4,1,propriu,17,5,8,17,4
C:\00\Projects\LearningHub\content\liceu\tehnologic\cls10\m5-prezentari-digitale\lectia1-creare-formatare.html,5,1,propriu,26,9,11,26,5
C:\00\Projects\LearningHub\content\liceu\tehnologic\cls10\m5-prezentari-digitale\lectia1-creare-formatare.html,6,1,propriu,13,,5,13,6
C:\00\Projects\LearningHub\content\liceu\tehnologic\cls10\m5-prezentari-digitale\lectia2-obiecte-diagrame.html,1,1,decalat_inainte,16,18,,18,2
C:\00\Projects\LearningHub\content\liceu\tehnologic\cls10\m5-prezentari-digitale\lectia2-obiecte-diagrame.html,2,1,propriu,16,6,9,16,2
C:\00\Projects\LearningHub\content\liceu\tehnologic\cls10\m5-prezentari-digitale\lectia2-obiecte-diagrame.html,3,1,propriu,16,9,7,16,3
C:\00\Projects\LearningHub\content\liceu\tehnologic\cls10\m5-prezentari-digitale\lectia2-obiecte-diagrame.html,4,1,propriu,21,8,11,21,4
C:\00\Projects\LearningHub\content\liceu\tehnologic\cls10\m5-prezentari-digitale\lectia2-obiecte-diagrame.html,5,1,propriu,22,9,6,22,5
C:\00\Projects\LearningHub\content\liceu\tehnologic\cls10\m5-prezentari-digitale\lectia2-obiecte-diagrame.html,6,1,propriu,22,,9,22,6
C:\00\Projects\LearningHub\content\liceu\tehnologic\cls10\m5-prezentari-digitale\lectia3-animatie-tranzitii.html,1,1,propriu,12,8,,12,1
C:\00\Projects\LearningHub\content\liceu\tehnologic\cls10\m5-prezentari-digitale\lectia3-animatie-tranzitii.html,2,1,propriu,20,10,7,20,2
C:\00\Projects\LearningHub\content\liceu\tehnologic\cls10\m5-prezentari-digitale\lectia3-animatie-tranzitii.html,3,1,propriu,15,8,10,15,3
C:\00\Projects\LearningHub\content\liceu\tehnologic\cls10\m5-prezentari-digitale\lectia3-animatie-tranzitii.html,4,1,propriu,27,10,13,27,4
C:\00\Projects\LearningHub\content\liceu\tehnologic\cls10\m5-prezentari-digitale\lectia3-animatie-tranzitii.html,5,1,propriu,17,6,14,17,5
C:\00\Projects\LearningHub\content\liceu\tehnologic\cls10\m5-prezentari-digitale\lectia3-animatie-tranzitii.html,6,1,propriu,18,,8,18,6
C:\00\Projects\LearningHub\content\liceu\tehnologic\cls10\m5-prezentari-digitale\lectia4-tiparire-aplicatie.html,1,1,decalat_inainte,27,30,,30,2
C:\00\Projects\LearningHub\content\liceu\tehnologic\cls10\m5-prezentari-digitale\lectia4-tiparire-aplicatie.html,2,1,propriu,15,8,13,15,2
C:\00\Projects\LearningHub\content\liceu\tehnologic\cls10\m5-prezentari-digitale\lectia4-tiparire-aplicatie.html,3,1,altul,22,9,21,23,1
C:\00\Projects\LearningHub\content\liceu\tehnologic\cls10\m5-prezentari-digitale\lectia4-tiparire-aplicatie.html,4,1,propriu,19,13,12,19,4
C:\00\Projects\LearningHub\content\liceu\tehnologic\cls10\m5-prezentari-digitale\lectia4-tiparire-aplicatie.html,5,1,propriu,16,8,10,16,5
C:\00\Projects\LearningHub\content\liceu\tehnologic\cls10\m5-prezentari-digitale\lectia4-tiparire-aplicatie.html,6,1,propriu,15,,9,15,6
C:\00\Projects\LearningHub\content\liceu\tehnologic\cls11\m1-prezentari-multimedia\lectia1-prezentare-eficienta.html,1,1,propriu,7,4,,7,1
C:\00\Projects\LearningHub\content\liceu\tehnologic\cls11\m1-prezentari-multimedia\lectia1-prezentare-eficienta.html,2,1,propriu,26,7,5,26,2
C:\00\Projects\LearningHub\content\liceu\tehnologic\cls11\m1-prezentari-multimedia\lectia1-prezentare-eficienta.html,3,1,propriu,16,4,7,16,3
C:\00\Projects\LearningHub\content\liceu\tehnologic\cls11\m1-prezentari-multimedia\lectia1-prezentare-eficienta.html,4,1,propriu,9,3,5,9,4
C:\00\Projects\LearningHub\content\liceu\tehnologic\cls11\m1-prezentari-multimedia\lectia1-prezentare-eficienta.html,5,1,propriu,15,6,4,15,5
C:\00\Projects\LearningHub\content\liceu\tehnologic\cls11\m1-prezentari-multimedia\lectia1-prezentare-eficienta.html,6,1,propriu,19,,10,19,6
C:\00\Projects\LearningHub\content\liceu\tehnologic\cls11\m1-prezentari-multimedia\lectia2-audio-video.html,1,1,propriu,13,4,,13,1
C:\00\Projects\LearningHub\content\liceu\tehnologic\cls11\m1-prezentari-multimedia\lectia2-audio-video.html,2,1,decalat_inapoi,10,6,11,11,1
C:\00\Projects\LearningHub\content\liceu\tehnologic\cls11\m1-prezentari-multimedia\lectia2-audio-video.html,3,1,decalat_inainte,7,8,2,8,4
C:\00\Projects\LearningHub\content\liceu\tehnologic\cls11\m1-prezentari-multimedia\lectia2-audio-video.html,4,1,propriu,19,3,6,19,4
C:\00\Projects\LearningHub\content\liceu\tehnologic\cls11\m1-prezentari-multimedia\lectia2-audio-video.html,5,1,propriu,22,6,10,22,5
C:\00\Projects\LearningHub\content\liceu\tehnologic\cls11\m1-prezentari-multimedia\lectia2-audio-video.html,6,1,altul,8,,8,17,3
C:\00\Projects\LearningHub\content\liceu\tehnologic\cls11\m2-imagini-web\lectia1-imagine-digitala.html,1,1,propriu,17,7,,17,1
C:\00\Projects\LearningHub\content\liceu\tehnologic\cls11\m2-imagini-web\lectia1-imagine-digitala.html,2,1,propriu,16,2,6,16,2
C:\00\Projects\LearningHub\content\liceu\tehnologic\cls11\m2-imagini-web\lectia1-imagine-digitala.html,3,1,propriu,10,7,2,10,3
C:\00\Projects\LearningHub\content\liceu\tehnologic\cls11\m2-imagini-web\lectia1-imagine-digitala.html,4,1,propriu,16,2,6,16,4
C:\00\Projects\LearningHub\content\liceu\tehnologic\cls11\m2-imagini-web\lectia1-imagine-digitala.html,5,1,propriu,16,16,2,16,5
C:\00\Projects\LearningHub\content\liceu\tehnologic\cls11\m2-imagini-web\lectia1-imagine-digitala.html,6,1,propriu,19,,9,19,6
C:\00\Projects\LearningHub\content\liceu\tehnologic\cls11\m2-imagini-web\lectia2-pagini-web.html,1,1,propriu,15,6,,15,1
C:\00\Projects\LearningHub\content\liceu\tehnologic\cls11\m2-imagini-web\lectia2-pagini-web.html,2,1,propriu,14,8,9,14,2
C:\00\Projects\LearningHub\content\liceu\tehnologic\cls11\m2-imagini-web\lectia2-pagini-web.html,3,1,propriu,12,2,2,12,3
C:\00\Projects\LearningHub\content\liceu\tehnologic\cls11\m2-imagini-web\lectia2-pagini-web.html,4,1,propriu,15,5,1,15,4
C:\00\Projects\LearningHub\content\liceu\tehnologic\cls11\m2-imagini-web\lectia2-pagini-web.html,5,1,propriu,14,5,7,14,5
C:\00\Projects\LearningHub\content\liceu\tehnologic\cls11\m2-imagini-web\lectia2-pagini-web.html,6,1,propriu,11,4,3,11,6
C:\00\Projects\LearningHub\content\liceu\tehnologic\cls11\m2-imagini-web\lectia2-pagini-web.html,7,1,propriu,10,,8,10,7
C:\00\Projects\LearningHub\content\liceu\tehnologic\cls11\m3-date-si-informatii\lectia1-date-informatii.html,1,1,decalat_inainte,7,9,,9,2
C:\00\Projects\LearningHub\content\liceu\tehnologic\cls11\m3-date-si-informatii\lectia1-date-informatii.html,2,1,propriu,15,5,5,15,2
C:\00\Projects\LearningHub\content\liceu\tehnologic\cls11\m3-date-si-informatii\lectia1-date-informatii.html,3,1,propriu,16,6,5,16,3
C:\00\Projects\LearningHub\content\liceu\tehnologic\cls11\m3-date-si-informatii\lectia1-date-informatii.html,4,1,propriu,14,11,2,14,4
C:\00\Projects\LearningHub\content\liceu\tehnologic\cls11\m3-date-si-informatii\lectia1-date-informatii.html,5,1,propriu,24,,7,24,5
C:\00\Projects\LearningHub\content\liceu\tehnologic\cls11\m3-date-si-informatii\lectia2-flux-informational.html,1,1,propriu,12,7,,12,1
C:\00\Projects\LearningHub\content\liceu\tehnologic\cls11\m3-date-si-informatii\lectia2-flux-informational.html,2,1,propriu,20,4,3,20,2
C:\00\Projects\LearningHub\content\liceu\tehnologic\cls11\m3-date-si-informatii\lectia2-flux-informational.html,3,1,propriu,16,14,13,16,3
C:\00\Projects\LearningHub\content\liceu\tehnologic\cls11\m3-date-si-informatii\lectia2-flux-informational.html,4,1,propriu,21,6,7,21,4
C:\00\Projects\LearningHub\content\liceu\tehnologic\cls11\m3-date-si-informatii\lectia2-flux-informational.html,5,1,propriu,23,4,5,23,5
C:\00\Projects\LearningHub\content\liceu\tehnologic\cls11\m3-date-si-informatii\lectia2-flux-informational.html,6,1,propriu,19,,10,19,6
C:\00\Projects\LearningHub\content\liceu\tehnologic\cls11\m3-date-si-informatii\lectia3-sistem-informatic.html,1,1,propriu,18,13,,18,1
C:\00\Projects\LearningHub\content\liceu\tehnologic\cls11\m3-date-si-informatii\lectia3-sistem-informatic.html,2,1,propriu,13,4,7,13,2
C:\00\Projects\LearningHub\content\liceu\tehnologic\cls11\m3-date-si-informatii\lectia3-sistem-informatic.html,3,1,propriu,19,13,7,19,3
C:\00\Projects\LearningHub\content\liceu\tehnologic\cls11\m3-date-si-informatii\lectia3-sistem-informatic.html,4,1,propriu,18,13,11,18,4
C:\00\Projects\LearningHub\content\liceu\tehnologic\cls11\m3-date-si-informatii\lectia3-sistem-informatic.html,5,1,decalat_inainte,10,12,4,12,6
C:\00\Projects\LearningHub\content\liceu\tehnologic\cls11\m3-date-si-informatii\lectia3-sistem-informatic.html,6,1,propriu,27,,14,27,6
C:\00\Projects\LearningHub\content\liceu\tehnologic\cls11\m4-surse-si-cautare\lectia1-surse-informatie.html,1,1,propriu,11,3,,11,1
C:\00\Projects\LearningHub\content\liceu\tehnologic\cls11\m4-surse-si-cautare\lectia1-surse-informatie.html,2,1,propriu,21,9,7,21,2
C:\00\Projects\LearningHub\content\liceu\tehnologic\cls11\m4-surse-si-cautare\lectia1-surse-informatie.html,3,1,propriu,17,9,7,17,3
C:\00\Projects\LearningHub\content\liceu\tehnologic\cls11\m4-surse-si-cautare\lectia1-surse-informatie.html,4,1,propriu,23,4,6,23,4
C:\00\Projects\LearningHub\content\liceu\tehnologic\cls11\m4-surse-si-cautare\lectia1-surse-informatie.html,5,1,propriu,17,11,9,17,5
C:\00\Projects\LearningHub\content\liceu\tehnologic\cls11\m4-surse-si-cautare\lectia1-surse-informatie.html,6,1,propriu,21,,4,21,6
C:\00\Projects\LearningHub\content\liceu\tehnologic\cls11\m4-surse-si-cautare\lectia2-tehnici-cautare.html,1,1,propriu,23,11,,23,1
C:\00\Projects\LearningHub\content\liceu\tehnologic\cls11\m4-surse-si-cautare\lectia2-tehnici-cautare.html,2,1,propriu,25,8,5,25,2
C:\00\Projects\LearningHub\content\liceu\tehnologic\cls11\m4-surse-si-cautare\lectia2-tehnici-cautare.html,3,1,decalat_inapoi,16,8,18,18,2
C:\00\Projects\LearningHub\content\liceu\tehnologic\cls11\m4-surse-si-cautare\lectia2-tehnici-cautare.html,4,1,propriu,17,7,4,17,4
C:\00\Projects\LearningHub\content\liceu\tehnologic\cls11\m4-surse-si-cautare\lectia2-tehnici-cautare.html,5,1,propriu,11,7,7,11,5
C:\00\Projects\LearningHub\content\liceu\tehnologic\cls11\m4-surse-si-cautare\lectia2-tehnici-cautare.html,6,1,propriu,20,9,4,20,6
C:\00\Projects\LearningHub\content\liceu\tehnologic\cls11\m4-surse-si-cautare\lectia2-tehnici-cautare.html,7,1,propriu,23,,6,23,7
C:\00\Projects\LearningHub\content\liceu\tehnologic\cls11\m4-surse-si-cautare\lectia3-evaluarea-surselor.html,1,1,propriu,16,6,,16,1
C:\00\Projects\LearningHub\content\liceu\tehnologic\cls11\m4-surse-si-cautare\lectia3-evaluarea-surselor.html,2,1,propriu,16,6,6,16,2
C:\00\Projects\LearningHub\content\liceu\tehnologic\cls11\m4-surse-si-cautare\lectia3-evaluarea-surselor.html,3,1,propriu,13,5,7,13,3
C:\00\Projects\LearningHub\content\liceu\tehnologic\cls11\m4-surse-si-cautare\lectia3-evaluarea-surselor.html,4,1,propriu,20,5,6,20,4
C:\00\Projects\LearningHub\content\liceu\tehnologic\cls11\m4-surse-si-cautare\lectia3-evaluarea-surselor.html,5,1,propriu,20,7,6,20,5
C:\00\Projects\LearningHub\content\liceu\tehnologic\cls11\m4-surse-si-cautare\lectia3-evaluarea-surselor.html,6,1,propriu,21,14,13,21,6
C:\00\Projects\LearningHub\content\liceu\tehnologic\cls11\m4-surse-si-cautare\lectia3-evaluarea-surselor.html,7,1,propriu,34,,8,34,7
C:\00\Projects\LearningHub\content\liceu\tehnologic\cls11\m5-organizarea-datelor\lectia1-tipuri-de-date.html,1,1,altul,13,12,,14,5
C:\00\Projects\LearningHub\content\liceu\tehnologic\cls11\m5-organizarea-datelor\lectia1-tipuri-de-date.html,2,1,propriu,12,9,5,12,2
C:\00\Projects\LearningHub\content\liceu\tehnologic\cls11\m5-organizarea-datelor\lectia1-tipuri-de-date.html,3,1,propriu,11,3,3,11,3
C:\00\Projects\LearningHub\content\liceu\tehnologic\cls11\m5-organizarea-datelor\lectia1-tipuri-de-date.html,4,1,propriu,12,6,10,12,4
C:\00\Projects\LearningHub\content\liceu\tehnologic\cls11\m5-organizarea-datelor\lectia1-tipuri-de-date.html,5,1,propriu,30,8,11,30,5
C:\00\Projects\LearningHub\content\liceu\tehnologic\cls11\m5-organizarea-datelor\lectia1-tipuri-de-date.html,6,1,propriu,16,,5,16,6
C:\00\Projects\LearningHub\content\liceu\tehnologic\cls11\m5-organizarea-datelor\lectia2-structuri-de-date.html,1,1,propriu,15,8,,15,1
C:\00\Projects\LearningHub\content\liceu\tehnologic\cls11\m5-organizarea-datelor\lectia2-structuri-de-date.html,2,1,propriu,20,3,3,20,2
C:\00\Projects\LearningHub\content\liceu\tehnologic\cls11\m5-organizarea-datelor\lectia2-structuri-de-date.html,3,1,propriu,7,5,1,7,3
C:\00\Projects\LearningHub\content\liceu\tehnologic\cls11\m5-organizarea-datelor\lectia2-structuri-de-date.html,4,1,propriu,26,7,13,26,4
C:\00\Projects\LearningHub\content\liceu\tehnologic\cls11\m5-organizarea-datelor\lectia2-structuri-de-date.html,5,1,propriu,27,9,8,27,5
C:\00\Projects\LearningHub\content\liceu\tehnologic\cls11\m5-organizarea-datelor\lectia2-structuri-de-date.html,6,1,propriu,21,,8,21,6
C:\00\Projects\LearningHub\content\liceu\tehnologic\cls11\m5-organizarea-datelor\lectia3-aplicatie-organizare.html,1,1,altul,12,3,,21,4
C:\00\Projects\LearningHub\content\liceu\tehnologic\cls11\m5-organizarea-datelor\lectia3-aplicatie-organizare.html,2,1,decalat_inainte,13,14,8,14,3
C:\00\Projects\LearningHub\content\liceu\tehnologic\cls11\m5-organizarea-datelor\lectia3-aplicatie-organizare.html,3,1,propriu,22,13,8,22,3
C:\00\Projects\LearningHub\content\liceu\tehnologic\cls11\m5-organizarea-datelor\lectia3-aplicatie-organizare.html,4,1,propriu,22,9,12,22,4
C:\00\Projects\LearningHub\content\liceu\tehnologic\cls11\m5-organizarea-datelor\lectia3-aplicatie-organizare.html,5,1,decalat_inapoi,11,15,18,18,4
C:\00\Projects\LearningHub\content\liceu\tehnologic\cls11\m5-organizarea-datelor\lectia3-aplicatie-organizare.html,6,1,propriu,19,,10,19,6
C:\00\Projects\LearningHub\content\liceu\tehnologic\cls11\m6-prelucrarea-datelor\lectia1-operatori-aritmetici.html,1,1,propriu,6,5,,6,1
C:\00\Projects\LearningHub\content\liceu\tehnologic\cls11\m6-prelucrarea-datelor\lectia1-operatori-aritmetici.html,2,1,propriu,15,11,8,15,2
C:\00\Projects\LearningHub\content\liceu\tehnologic\cls11\m6-prelucrarea-datelor\lectia1-operatori-aritmetici.html,3,1,propriu,11,3,7,11,3
C:\00\Projects\LearningHub\content\liceu\tehnologic\cls11\m6-prelucrarea-datelor\lectia1-operatori-aritmetici.html,4,1,propriu,12,8,5,12,4
C:\00\Projects\LearningHub\content\liceu\tehnologic\cls11\m6-prelucrarea-datelor\lectia1-operatori-aritmetici.html,5,1,propriu,23,,9,23,5
C:\00\Projects\LearningHub\content\liceu\tehnologic\cls11\m6-prelucrarea-datelor\lectia2-operatori-relationali-logici.html,1,1,altul,16,10,,19,6
C:\00\Projects\LearningHub\content\liceu\tehnologic\cls11\m6-prelucrarea-datelor\lectia2-operatori-relationali-logici.html,2,1,propriu,5,5,4,5,2
C:\00\Projects\LearningHub\content\liceu\tehnologic\cls11\m6-prelucrarea-datelor\lectia2-operatori-relationali-logici.html,3,1,propriu,19,11,11,19,3
C:\00\Projects\LearningHub\content\liceu\tehnologic\cls11\m6-prelucrarea-datelor\lectia2-operatori-relationali-logici.html,4,1,altul,8,8,6,11,6
C:\00\Projects\LearningHub\content\liceu\tehnologic\cls11\m6-prelucrarea-datelor\lectia2-operatori-relationali-logici.html,5,1,propriu,16,9,11,16,5
C:\00\Projects\LearningHub\content\liceu\tehnologic\cls11\m6-prelucrarea-datelor\lectia2-operatori-relationali-logici.html,6,1,propriu,17,,8,17,6
C:\00\Projects\LearningHub\content\liceu\tehnologic\cls11\m6-prelucrarea-datelor\lectia3-expresii-compuse.html,1,1,altul,11,5,,12,6
C:\00\Projects\LearningHub\content\liceu\tehnologic\cls11\m6-prelucrarea-datelor\lectia3-expresii-compuse.html,2,1,decalat_inapoi,7,8,10,10,1
C:\00\Projects\LearningHub\content\liceu\tehnologic\cls11\m6-prelucrarea-datelor\lectia3-expresii-compuse.html,3,1,decalat_inapoi,7,5,8,8,2
C:\00\Projects\LearningHub\content\liceu\tehnologic\cls11\m6-prelucrarea-datelor\lectia3-expresii-compuse.html,4,1,propriu,18,5,5,18,4
C:\00\Projects\LearningHub\content\liceu\tehnologic\cls11\m6-prelucrarea-datelor\lectia3-expresii-compuse.html,5,1,altul,8,10,8,12,1
C:\00\Projects\LearningHub\content\liceu\tehnologic\cls11\m6-prelucrarea-datelor\lectia3-expresii-compuse.html,6,1,propriu,30,,14,30,6
C:\00\Projects\LearningHub\content\liceu\tehnologic\cls11\m7-functii\lectia1-functii-aritmetice-statistice.html,1,1,propriu,13,7,,13,1
C:\00\Projects\LearningHub\content\liceu\tehnologic\cls11\m7-functii\lectia1-functii-aritmetice-statistice.html,2,1,decalat_inapoi,15,13,16,16,1
C:\00\Projects\LearningHub\content\liceu\tehnologic\cls11\m7-functii\lectia1-functii-aritmetice-statistice.html,3,1,propriu,26,13,9,26,3
C:\00\Projects\LearningHub\content\liceu\tehnologic\cls11\m7-functii\lectia1-functii-aritmetice-statistice.html,4,1,propriu,22,14,17,22,4
C:\00\Projects\LearningHub\content\liceu\tehnologic\cls11\m7-functii\lectia1-functii-aritmetice-statistice.html,5,1,propriu,18,7,10,18,5
C:\00\Projects\LearningHub\content\liceu\tehnologic\cls11\m7-functii\lectia1-functii-aritmetice-statistice.html,6,1,propriu,19,,6,19,6
C:\00\Projects\LearningHub\content\liceu\tehnologic\cls11\m7-functii\lectia2-functii-logice.html,1,1,propriu,13,9,,13,1
C:\00\Projects\LearningHub\content\liceu\tehnologic\cls11\m7-functii\lectia2-functii-logice.html,2,1,propriu,16,8,6,16,2
C:\00\Projects\LearningHub\content\liceu\tehnologic\cls11\m7-functii\lectia2-functii-logice.html,3,1,propriu,8,7,4,8,3
C:\00\Projects\LearningHub\content\liceu\tehnologic\cls11\m7-functii\lectia2-functii-logice.html,4,1,propriu,19,13,8,19,4
C:\00\Projects\LearningHub\content\liceu\tehnologic\cls11\m7-functii\lectia2-functii-logice.html,5,1,propriu,10,6,10,10,5
C:\00\Projects\LearningHub\content\liceu\tehnologic\cls11\m7-functii\lectia2-functii-logice.html,6,1,propriu,19,,4,19,6
C:\00\Projects\LearningHub\content\liceu\tehnologic\cls11\m7-functii\lectia3-functii-cautare-referinta.html,1,1,decalat_inainte,11,12,,12,2
C:\00\Projects\LearningHub\content\liceu\tehnologic\cls11\m7-functii\lectia3-functii-cautare-referinta.html,2,1,propriu,19,8,11,19,2
C:\00\Projects\LearningHub\content\liceu\tehnologic\cls11\m7-functii\lectia3-functii-cautare-referinta.html,3,1,propriu,23,11,13,23,3
C:\00\Projects\LearningHub\content\liceu\tehnologic\cls11\m7-functii\lectia3-functii-cautare-referinta.html,4,1,propriu,11,9,7,11,4
C:\00\Projects\LearningHub\content\liceu\tehnologic\cls11\m7-functii\lectia3-functii-cautare-referinta.html,5,1,propriu,11,9,7,11,5
C:\00\Projects\LearningHub\content\liceu\tehnologic\cls11\m7-functii\lectia3-functii-cautare-referinta.html,6,1,propriu,24,11,12,24,6
C:\00\Projects\LearningHub\content\liceu\tehnologic\cls11\m7-functii\lectia3-functii-cautare-referinta.html,7,1,propriu,23,,8,23,7
C:\00\Projects\LearningHub\content\liceu\tehnologic\cls11\m7-functii\lectia4-siruri-financiare-utilizator.html,1,1,propriu,10,8,,10,1
C:\00\Projects\LearningHub\content\liceu\tehnologic\cls11\m7-functii\lectia4-siruri-financiare-utilizator.html,2,1,propriu,9,2,5,9,2
C:\00\Projects\LearningHub\content\liceu\tehnologic\cls11\m7-functii\lectia4-siruri-financiare-utilizator.html,3,1,propriu,19,7,8,19,3
C:\00\Projects\LearningHub\content\liceu\tehnologic\cls11\m7-functii\lectia4-siruri-financiare-utilizator.html,4,1,propriu,20,10,9,20,4
C:\00\Projects\LearningHub\content\liceu\tehnologic\cls11\m7-functii\lectia4-siruri-financiare-utilizator.html,5,1,propriu,17,4,6,17,5
C:\00\Projects\LearningHub\content\liceu\tehnologic\cls11\m7-functii\lectia4-siruri-financiare-utilizator.html,6,1,propriu,17,6,5,17,6
C:\00\Projects\LearningHub\content\liceu\tehnologic\cls11\m7-functii\lectia4-siruri-financiare-utilizator.html,7,1,propriu,22,,3,22,7
C:\00\Projects\LearningHub\content\liceu\tehnologic\cls11\m8-instrumente-si-studii-de-caz\lectia1-schite-grafice-sabloane.html,1,1,propriu,12,5,,12,1
C:\00\Projects\LearningHub\content\liceu\tehnologic\cls11\m8-instrumente-si-studii-de-caz\lectia1-schite-grafice-sabloane.html,2,1,propriu,17,4,3,17,2
C:\00\Projects\LearningHub\content\liceu\tehnologic\cls11\m8-instrumente-si-studii-de-caz\lectia1-schite-grafice-sabloane.html,3,1,propriu,18,5,3,18,3
C:\00\Projects\LearningHub\content\liceu\tehnologic\cls11\m8-instrumente-si-studii-de-caz\lectia1-schite-grafice-sabloane.html,4,1,propriu,17,0,8,17,4
C:\00\Projects\LearningHub\content\liceu\tehnologic\cls11\m8-instrumente-si-studii-de-caz\lectia1-schite-grafice-sabloane.html,5,1,propriu,15,9,2,15,5
C:\00\Projects\LearningHub\content\liceu\tehnologic\cls11\m8-instrumente-si-studii-de-caz\lectia1-schite-grafice-sabloane.html,6,1,propriu,14,,4,14,6
C:\00\Projects\LearningHub\content\liceu\tehnologic\cls11\m8-instrumente-si-studii-de-caz\lectia2-rapoarte.html,1,1,propriu,11,4,,11,1
C:\00\Projects\LearningHub\content\liceu\tehnologic\cls11\m8-instrumente-si-studii-de-caz\lectia2-rapoarte.html,2,1,propriu,14,3,5,14,2
C:\00\Projects\LearningHub\content\liceu\tehnologic\cls11\m8-instrumente-si-studii-de-caz\lectia2-rapoarte.html,3,1,propriu,17,7,7,17,3
C:\00\Projects\LearningHub\content\liceu\tehnologic\cls11\m8-instrumente-si-studii-de-caz\lectia2-rapoarte.html,4,1,propriu,15,13,4,15,4
C:\00\Projects\LearningHub\content\liceu\tehnologic\cls11\m8-instrumente-si-studii-de-caz\lectia2-rapoarte.html,5,1,propriu,15,7,8,15,5
C:\00\Projects\LearningHub\content\liceu\tehnologic\cls11\m8-instrumente-si-studii-de-caz\lectia2-rapoarte.html,6,1,propriu,19,,11,19,6
C:\00\Projects\LearningHub\content\liceu\tehnologic\cls11\m8-instrumente-si-studii-de-caz\lectia3-documente-reale.html,1,1,propriu,15,14,,15,1
C:\00\Projects\LearningHub\content\liceu\tehnologic\cls11\m8-instrumente-si-studii-de-caz\lectia3-documente-reale.html,2,1,propriu,18,9,14,18,2
C:\00\Projects\LearningHub\content\liceu\tehnologic\cls11\m8-instrumente-si-studii-de-caz\lectia3-documente-reale.html,3,1,propriu,12,0,0,12,3
C:\00\Projects\LearningHub\content\liceu\tehnologic\cls11\m8-instrumente-si-studii-de-caz\lectia3-documente-reale.html,4,1,propriu,22,6,7,22,4
C:\00\Projects\LearningHub\content\liceu\tehnologic\cls11\m8-instrumente-si-studii-de-caz\lectia3-documente-reale.html,5,1,propriu,20,1,3,20,5
C:\00\Projects\LearningHub\content\liceu\tehnologic\cls11\m8-instrumente-si-studii-de-caz\lectia3-documente-reale.html,6,1,propriu,21,,7,21,6
C:\00\Projects\LearningHub\content\liceu\tehnologic\cls12\m1-competente-digitale\lectia1-calculator-fisiere.html,1,1,propriu,22,7,,22,1
C:\00\Projects\LearningHub\content\liceu\tehnologic\cls12\m1-competente-digitale\lectia1-calculator-fisiere.html,2,1,propriu,15,6,7,15,2
C:\00\Projects\LearningHub\content\liceu\tehnologic\cls12\m1-competente-digitale\lectia1-calculator-fisiere.html,3,1,propriu,24,7,6,24,3
C:\00\Projects\LearningHub\content\liceu\tehnologic\cls12\m1-competente-digitale\lectia1-calculator-fisiere.html,4,1,propriu,17,3,2,17,4
C:\00\Projects\LearningHub\content\liceu\tehnologic\cls12\m1-competente-digitale\lectia1-calculator-fisiere.html,5,1,propriu,18,8,7,18,5
C:\00\Projects\LearningHub\content\liceu\tehnologic\cls12\m1-competente-digitale\lectia1-calculator-fisiere.html,6,1,propriu,8,,7,8,6
C:\00\Projects\LearningHub\content\liceu\tehnologic\cls12\m1-competente-digitale\lectia2-procesare-text.html,1,1,propriu,15,10,,15,1
C:\00\Projects\LearningHub\content\liceu\tehnologic\cls12\m1-competente-digitale\lectia2-procesare-text.html,2,1,propriu,14,8,7,14,2
C:\00\Projects\LearningHub\content\liceu\tehnologic\cls12\m1-competente-digitale\lectia2-procesare-text.html,3,1,propriu,18,4,4,18,3
C:\00\Projects\LearningHub\content\liceu\tehnologic\cls12\m1-competente-digitale\lectia2-procesare-text.html,4,1,propriu,22,6,5,22,4
C:\00\Projects\LearningHub\content\liceu\tehnologic\cls12\m1-competente-digitale\lectia2-procesare-text.html,5,1,propriu,21,,8,21,5
C:\00\Projects\LearningHub\content\liceu\tehnologic\cls12\m1-competente-digitale\lectia3-calcul-tabelar.html,1,1,propriu,15,11,,15,1
C:\00\Projects\LearningHub\content\liceu\tehnologic\cls12\m1-competente-digitale\lectia3-calcul-tabelar.html,2,1,propriu,16,6,9,16,2
C:\00\Projects\LearningHub\content\liceu\tehnologic\cls12\m1-competente-digitale\lectia3-calcul-tabelar.html,3,1,altul,11,4,9,14,5
C:\00\Projects\LearningHub\content\liceu\tehnologic\cls12\m1-competente-digitale\lectia3-calcul-tabelar.html,4,1,propriu,24,10,8,24,4
C:\00\Projects\LearningHub\content\liceu\tehnologic\cls12\m1-competente-digitale\lectia3-calcul-tabelar.html,5,1,propriu,23,,8,23,5
C:\00\Projects\LearningHub\content\liceu\tehnologic\cls12\m1-competente-digitale\lectia4-prezentari-internet.html,1,1,propriu,18,4,,18,1
C:\00\Projects\LearningHub\content\liceu\tehnologic\cls12\m1-competente-digitale\lectia4-prezentari-internet.html,2,1,propriu,19,8,8,19,2
C:\00\Projects\LearningHub\content\liceu\tehnologic\cls12\m1-competente-digitale\lectia4-prezentari-internet.html,3,1,propriu,22,21,8,22,3
C:\00\Projects\LearningHub\content\liceu\tehnologic\cls12\m1-competente-digitale\lectia4-prezentari-internet.html,4,1,propriu,24,6,11,24,4
C:\00\Projects\LearningHub\content\liceu\tehnologic\cls12\m1-competente-digitale\lectia4-prezentari-internet.html,5,1,propriu,19,5,2,19,5
C:\00\Projects\LearningHub\content\liceu\tehnologic\cls12\m1-competente-digitale\lectia4-prezentari-internet.html,6,1,propriu,21,,8,21,6
C:\00\Projects\LearningHub\content\liceu\tehnologic\cls12\m1-competente-digitale\lectia5-editare-imagini.html,1,1,propriu,18,9,,18,1
C:\00\Projects\LearningHub\content\liceu\tehnologic\cls12\m1-competente-digitale\lectia5-editare-imagini.html,2,1,propriu,6,1,4,6,2
C:\00\Projects\LearningHub\content\liceu\tehnologic\cls12\m1-competente-digitale\lectia5-editare-imagini.html,3,1,propriu,15,7,2,15,3
C:\00\Projects\LearningHub\content\liceu\tehnologic\cls12\m1-competente-digitale\lectia5-editare-imagini.html,4,1,propriu,15,3,2,15,4
C:\00\Projects\LearningHub\content\liceu\tehnologic\cls12\m1-competente-digitale\lectia5-editare-imagini.html,5,1,propriu,10,,4,10,5
C:\00\Projects\LearningHub\content\liceu\tehnologic\cls12\m1-competente-digitale\lectia6-proiect-integrator.html,1,1,propriu,13,8,,13,1
C:\00\Projects\LearningHub\content\liceu\tehnologic\cls12\m1-competente-digitale\lectia6-proiect-integrator.html,2,1,propriu,13,9,6,13,2
C:\00\Projects\LearningHub\content\liceu\tehnologic\cls12\m1-competente-digitale\lectia6-proiect-integrator.html,3,1,propriu,10,9,4,10,3
C:\00\Projects\LearningHub\content\liceu\tehnologic\cls12\m1-competente-digitale\lectia6-proiect-integrator.html,4,1,decalat_inapoi,9,9,15,15,3
C:\00\Projects\LearningHub\content\liceu\tehnologic\cls12\m1-competente-digitale\lectia6-proiect-integrator.html,5,1,propriu,17,8,8,17,5
C:\00\Projects\LearningHub\content\liceu\tehnologic\cls12\m1-competente-digitale\lectia6-proiect-integrator.html,6,1,propriu,16,,10,16,6
C:\00\Projects\LearningHub\content\liceu\tehnologic\cls12\m2-web-creare-site\lectia1-instrumente-web.html,1,1,propriu,12,4,,12,1
C:\00\Projects\LearningHub\content\liceu\tehnologic\cls12\m2-web-creare-site\lectia1-instrumente-web.html,2,1,propriu,22,13,12,22,2
C:\00\Projects\LearningHub\content\liceu\tehnologic\cls12\m2-web-creare-site\lectia1-instrumente-web.html,3,1,propriu,33,13,13,33,3
C:\00\Projects\LearningHub\content\liceu\tehnologic\cls12\m2-web-creare-site\lectia1-instrumente-web.html,4,1,propriu,39,22,14,39,4
C:\00\Projects\LearningHub\content\liceu\tehnologic\cls12\m2-web-creare-site\lectia1-instrumente-web.html,5,1,propriu,14,3,8,14,5
C:\00\Projects\LearningHub\content\liceu\tehnologic\cls12\m2-web-creare-site\lectia1-instrumente-web.html,6,1,propriu,16,,5,16,6
C:\00\Projects\LearningHub\content\liceu\tehnologic\cls12\m2-web-creare-site\lectia2-structura-paginii.html,1,1,propriu,16,8,,16,1
C:\00\Projects\LearningHub\content\liceu\tehnologic\cls12\m2-web-creare-site\lectia2-structura-paginii.html,2,1,altul,9,9,8,12,5
C:\00\Projects\LearningHub\content\liceu\tehnologic\cls12\m2-web-creare-site\lectia2-structura-paginii.html,3,1,propriu,18,8,4,18,3
C:\00\Projects\LearningHub\content\liceu\tehnologic\cls12\m2-web-creare-site\lectia2-structura-paginii.html,4,1,propriu,21,8,8,21,4
C:\00\Projects\LearningHub\content\liceu\tehnologic\cls12\m2-web-creare-site\lectia2-structura-paginii.html,5,1,propriu,21,8,6,21,5
C:\00\Projects\LearningHub\content\liceu\tehnologic\cls12\m2-web-creare-site\lectia2-structura-paginii.html,6,1,propriu,30,,10,30,6
C:\00\Projects\LearningHub\content\liceu\tehnologic\cls12\m2-web-creare-site\lectia3-elemente-continut.html,1,1,propriu,16,2,,16,1
C:\00\Projects\LearningHub\content\liceu\tehnologic\cls12\m2-web-creare-site\lectia3-elemente-continut.html,2,1,propriu,14,6,8,14,2
C:\00\Projects\LearningHub\content\liceu\tehnologic\cls12\m2-web-creare-site\lectia3-elemente-continut.html,3,1,propriu,22,10,3,22,3
C:\00\Projects\LearningHub\content\liceu\tehnologic\cls12\m2-web-creare-site\lectia3-elemente-continut.html,4,1,propriu,17,8,6,17,4
C:\00\Projects\LearningHub\content\liceu\tehnologic\cls12\m2-web-creare-site\lectia3-elemente-continut.html,5,1,propriu,21,5,5,21,5
C:\00\Projects\LearningHub\content\liceu\tehnologic\cls12\m2-web-creare-site\lectia3-elemente-continut.html,6,1,propriu,26,,7,26,6
C:\00\Projects\LearningHub\content\liceu\tehnologic\cls12\m2-web-creare-site\lectia4-navigare-linkuri.html,1,1,propriu,19,8,,19,1
C:\00\Projects\LearningHub\content\liceu\tehnologic\cls12\m2-web-creare-site\lectia4-navigare-linkuri.html,2,1,propriu,21,16,14,21,2
C:\00\Projects\LearningHub\content\liceu\tehnologic\cls12\m2-web-creare-site\lectia4-navigare-linkuri.html,3,1,propriu,23,11,12,23,3
C:\00\Projects\LearningHub\content\liceu\tehnologic\cls12\m2-web-creare-site\lectia4-navigare-linkuri.html,4,1,propriu,15,7,11,15,4
C:\00\Projects\LearningHub\content\liceu\tehnologic\cls12\m2-web-creare-site\lectia4-navigare-linkuri.html,5,1,propriu,28,14,12,28,5
C:\00\Projects\LearningHub\content\liceu\tehnologic\cls12\m2-web-creare-site\lectia4-navigare-linkuri.html,6,1,propriu,33,,13,33,6
C:\00\Projects\LearningHub\content\liceu\tehnologic\cls12\m2-web-creare-site\lectia5-criterii-publicare.html,1,1,propriu,18,8,,18,1
C:\00\Projects\LearningHub\content\liceu\tehnologic\cls12\m2-web-creare-site\lectia5-criterii-publicare.html,2,1,propriu,16,11,11,16,2
C:\00\Projects\LearningHub\content\liceu\tehnologic\cls12\m2-web-creare-site\lectia5-criterii-publicare.html,3,1,propriu,23,5,6,23,3
C:\00\Projects\LearningHub\content\liceu\tehnologic\cls12\m2-web-creare-site\lectia5-criterii-publicare.html,4,1,propriu,25,11,8,25,4
C:\00\Projects\LearningHub\content\liceu\tehnologic\cls12\m2-web-creare-site\lectia5-criterii-publicare.html,5,1,propriu,27,12,10,27,5
C:\00\Projects\LearningHub\content\liceu\tehnologic\cls12\m2-web-creare-site\lectia5-criterii-publicare.html,6,1,propriu,19,,3,19,6
C:\00\Projects\LearningHub\content\liceu\tehnologic\cls12\m3-management-proiect\lectia1-notiunea-de-proiect.html,1,1,decalat_inainte,7,12,,12,2
C:\00\Projects\LearningHub\content\liceu\tehnologic\cls12\m3-management-proiect\lectia1-notiunea-de-proiect.html,2,1,propriu,14,7,10,14,2
C:\00\Projects\LearningHub\content\liceu\tehnologic\cls12\m3-management-proiect\lectia1-notiunea-de-proiect.html,3,1,propriu,18,5,7,18,3
C:\00\Projects\LearningHub\content\liceu\tehnologic\cls12\m3-management-proiect\lectia1-notiunea-de-proiect.html,4,1,propriu,16,11,2,16,4
C:\00\Projects\LearningHub\content\liceu\tehnologic\cls12\m3-management-proiect\lectia1-notiunea-de-proiect.html,5,1,propriu,16,4,7,16,5
C:\00\Projects\LearningHub\content\liceu\tehnologic\cls12\m3-management-proiect\lectia1-notiunea-de-proiect.html,6,1,propriu,12,,5,12,6
C:\00\Projects\LearningHub\content\liceu\tehnologic\cls12\m3-management-proiect\lectia2-manager-echipa.html,1,1,propriu,13,4,,13,1
C:\00\Projects\LearningHub\content\liceu\tehnologic\cls12\m3-management-proiect\lectia2-manager-echipa.html,2,1,propriu,18,7,8,18,2
C:\00\Projects\LearningHub\content\liceu\tehnologic\cls12\m3-management-proiect\lectia2-manager-echipa.html,3,1,propriu,15,5,6,15,3
C:\00\Projects\LearningHub\content\liceu\tehnologic\cls12\m3-management-proiect\lectia2-manager-echipa.html,4,1,propriu,18,10,5,18,4
C:\00\Projects\LearningHub\content\liceu\tehnologic\cls12\m3-management-proiect\lectia2-manager-echipa.html,5,1,propriu,18,13,11,18,5
C:\00\Projects\LearningHub\content\liceu\tehnologic\cls12\m3-management-proiect\lectia2-manager-echipa.html,6,1,propriu,18,,18,18,6
C:\00\Projects\LearningHub\content\liceu\tehnologic\cls12\m3-management-proiect\lectia3-plan-wbs.html,1,1,propriu,13,9,,13,1
C:\00\Projects\LearningHub\content\liceu\tehnologic\cls12\m3-management-proiect\lectia3-plan-wbs.html,2,1,propriu,16,6,3,16,2
C:\00\Projects\LearningHub\content\liceu\tehnologic\cls12\m3-management-proiect\lectia3-plan-wbs.html,3,1,propriu,16,7,5,16,3
C:\00\Projects\LearningHub\content\liceu\tehnologic\cls12\m3-management-proiect\lectia3-plan-wbs.html,4,1,propriu,10,10,5,10,4
C:\00\Projects\LearningHub\content\liceu\tehnologic\cls12\m3-management-proiect\lectia3-plan-wbs.html,5,1,propriu,18,16,12,18,5
C:\00\Projects\LearningHub\content\liceu\tehnologic\cls12\m3-management-proiect\lectia3-plan-wbs.html,6,1,propriu,29,,18,29,6
C:\00\Projects\LearningHub\content\liceu\tehnologic\cls12\m3-management-proiect\lectia4-grafic-traiectorie-critica.html,1,1,propriu,14,4,,14,1
C:\00\Projects\LearningHub\content\liceu\tehnologic\cls12\m3-management-proiect\lectia4-grafic-traiectorie-critica.html,2,1,propriu,10,6,7,10,2
C:\00\Projects\LearningHub\content\liceu\tehnologic\cls12\m3-management-proiect\lectia4-grafic-traiectorie-critica.html,3,1,propriu,6,5,3,6,3
C:\00\Projects\LearningHub\content\liceu\tehnologic\cls12\m3-management-proiect\lectia4-grafic-traiectorie-critica.html,4,1,propriu,16,15,5,16,4
C:\00\Projects\LearningHub\content\liceu\tehnologic\cls12\m3-management-proiect\lectia4-grafic-traiectorie-critica.html,5,1,propriu,14,8,9,14,5
C:\00\Projects\LearningHub\content\liceu\tehnologic\cls12\m3-management-proiect\lectia4-grafic-traiectorie-critica.html,6,1,propriu,25,,6,25,6
C:\00\Projects\LearningHub\content\liceu\tehnologic\cls12\m3-management-proiect\lectia5-monitorizare-evaluare.html,1,1,propriu,13,3,,13,1
C:\00\Projects\LearningHub\content\liceu\tehnologic\cls12\m3-management-proiect\lectia5-monitorizare-evaluare.html,2,1,propriu,15,11,6,15,2
C:\00\Projects\LearningHub\content\liceu\tehnologic\cls12\m3-management-proiect\lectia5-monitorizare-evaluare.html,3,1,propriu,12,5,3,12,3
C:\00\Projects\LearningHub\content\liceu\tehnologic\cls12\m3-management-proiect\lectia5-monitorizare-evaluare.html,4,1,propriu,21,7,7,21,4
C:\00\Projects\LearningHub\content\liceu\tehnologic\cls12\m3-management-proiect\lectia5-monitorizare-evaluare.html,5,1,propriu,23,6,6,23,5
C:\00\Projects\LearningHub\content\liceu\tehnologic\cls12\m3-management-proiect\lectia5-monitorizare-evaluare.html,6,1,propriu,21,,7,21,6
C:\00\Projects\LearningHub\content\liceu\tehnologic\cls12\m4-instrumente-proiect\lectia1-instrumente-software.html,1,1,propriu,22,14,,22,1
C:\00\Projects\LearningHub\content\liceu\tehnologic\cls12\m4-instrumente-proiect\lectia1-instrumente-software.html,2,1,propriu,21,9,8,21,2
C:\00\Projects\LearningHub\content\liceu\tehnologic\cls12\m4-instrumente-proiect\lectia1-instrumente-software.html,3,1,propriu,13,7,11,13,3
C:\00\Projects\LearningHub\content\liceu\tehnologic\cls12\m4-instrumente-proiect\lectia1-instrumente-software.html,4,1,propriu,16,7,3,16,4
C:\00\Projects\LearningHub\content\liceu\tehnologic\cls12\m4-instrumente-proiect\lectia1-instrumente-software.html,5,1,propriu,19,14,6,19,5
C:\00\Projects\LearningHub\content\liceu\tehnologic\cls12\m4-instrumente-proiect\lectia1-instrumente-software.html,6,1,propriu,22,,9,22,6
C:\00\Projects\LearningHub\content\liceu\tehnologic\cls12\m4-instrumente-proiect\lectia2-proiect-integrator.html,1,1,propriu,17,4,,17,1
C:\00\Projects\LearningHub\content\liceu\tehnologic\cls12\m4-instrumente-proiect\lectia2-proiect-integrator.html,2,1,propriu,15,4,3,15,2
C:\00\Projects\LearningHub\content\liceu\tehnologic\cls12\m4-instrumente-proiect\lectia2-proiect-integrator.html,3,1,propriu,20,7,4,20,3
C:\00\Projects\LearningHub\content\liceu\tehnologic\cls12\m4-instrumente-proiect\lectia2-proiect-integrator.html,4,1,propriu,18,16,15,18,4
C:\00\Projects\LearningHub\content\liceu\tehnologic\cls12\m4-instrumente-proiect\lectia2-proiect-integrator.html,5,1,propriu,12,1,2,12,5
C:\00\Projects\LearningHub\content\liceu\tehnologic\cls12\m4-instrumente-proiect\lectia2-proiect-integrator.html,6,1,propriu,23,,10,23,6
C:\00\Projects\LearningHub\content\liceu\tehnologic\cls9\m1-sisteme-retele\lectia1-sisteme-calcul.html,1,1,propriu,9,5,,9,1
C:\00\Projects\LearningHub\content\liceu\tehnologic\cls9\m1-sisteme-retele\lectia1-sisteme-calcul.html,2,1,propriu,15,3,6,15,2
C:\00\Projects\LearningHub\content\liceu\tehnologic\cls9\m1-sisteme-retele\lectia1-sisteme-calcul.html,3,1,propriu,4,3,4,4,3
C:\00\Projects\LearningHub\content\liceu\tehnologic\cls9\m1-sisteme-retele\lectia1-sisteme-calcul.html,4,1,propriu,15,8,2,15,4
C:\00\Projects\LearningHub\content\liceu\tehnologic\cls9\m1-sisteme-retele\lectia1-sisteme-calcul.html,5,1,propriu,29,9,5,29,5
C:\00\Projects\LearningHub\content\liceu\tehnologic\cls9\m1-sisteme-retele\lectia1-sisteme-calcul.html,6,1,propriu,15,,5,15,6
C:\00\Projects\LearningHub\content\liceu\tehnologic\cls9\m1-sisteme-retele\lectia2-retele-internet.html,1,1,propriu,13,5,,13,1
C:\00\Projects\LearningHub\content\liceu\tehnologic\cls9\m1-sisteme-retele\lectia2-retele-internet.html,2,1,propriu,17,4,3,17,2
C:\00\Projects\LearningHub\content\liceu\tehnologic\cls9\m1-sisteme-retele\lectia2-retele-internet.html,3,1,propriu,14,8,7,14,3
C:\00\Projects\LearningHub\content\liceu\tehnologic\cls9\m1-sisteme-retele\lectia2-retele-internet.html,4,1,decalat_inapoi,7,4,9,9,3
C:\00\Projects\LearningHub\content\liceu\tehnologic\cls9\m1-sisteme-retele\lectia2-retele-internet.html,5,1,propriu,14,4,1,14,5
C:\00\Projects\LearningHub\content\liceu\tehnologic\cls9\m1-sisteme-retele\lectia2-retele-internet.html,6,1,propriu,15,,3,15,6
C:\00\Projects\LearningHub\content\liceu\tehnologic\cls9\m2-societate-digitala\lectia1-identitate-siguranta.html,1,1,propriu,13,4,,13,1
C:\00\Projects\LearningHub\content\liceu\tehnologic\cls9\m2-societate-digitala\lectia1-identitate-siguranta.html,2,1,propriu,15,2,2,15,2
C:\00\Projects\LearningHub\content\liceu\tehnologic\cls9\m2-societate-digitala\lectia1-identitate-siguranta.html,3,1,propriu,17,1,4,17,3
C:\00\Projects\LearningHub\content\liceu\tehnologic\cls9\m2-societate-digitala\lectia1-identitate-siguranta.html,4,1,propriu,15,5,6,15,4
C:\00\Projects\LearningHub\content\liceu\tehnologic\cls9\m2-societate-digitala\lectia1-identitate-siguranta.html,5,1,propriu,9,,5,9,5
C:\00\Projects\LearningHub\content\liceu\tehnologic\cls9\m2-societate-digitala\lectia2-drepturi-gdpr.html,1,1,propriu,9,7,,9,1
C:\00\Projects\LearningHub\content\liceu\tehnologic\cls9\m2-societate-digitala\lectia2-drepturi-gdpr.html,2,1,altul,5,4,2,6,6
C:\00\Projects\LearningHub\content\liceu\tehnologic\cls9\m2-societate-digitala\lectia2-drepturi-gdpr.html,3,1,propriu,12,4,7,12,3
C:\00\Projects\LearningHub\content\liceu\tehnologic\cls9\m2-societate-digitala\lectia2-drepturi-gdpr.html,4,1,propriu,10,5,2,10,4
C:\00\Projects\LearningHub\content\liceu\tehnologic\cls9\m2-societate-digitala\lectia2-drepturi-gdpr.html,5,1,propriu,20,5,4,20,5
C:\00\Projects\LearningHub\content\liceu\tehnologic\cls9\m2-societate-digitala\lectia2-drepturi-gdpr.html,6,1,altul,13,,5,14,3
C:\00\Projects\LearningHub\content\liceu\tehnologic\cls9\m2-societate-digitala\lectia3-comunicare-ai.html,1,1,propriu,16,11,,16,1
C:\00\Projects\LearningHub\content\liceu\tehnologic\cls9\m2-societate-digitala\lectia3-comunicare-ai.html,2,1,propriu,10,6,6,10,2
C:\00\Projects\LearningHub\content\liceu\tehnologic\cls9\m2-societate-digitala\lectia3-comunicare-ai.html,3,1,propriu,9,2,6,9,3
C:\00\Projects\LearningHub\content\liceu\tehnologic\cls9\m2-societate-digitala\lectia3-comunicare-ai.html,4,1,propriu,14,5,2,14,4
C:\00\Projects\LearningHub\content\liceu\tehnologic\cls9\m2-societate-digitala\lectia3-comunicare-ai.html,5,1,propriu,20,5,2,20,5
C:\00\Projects\LearningHub\content\liceu\tehnologic\cls9\m2-societate-digitala\lectia3-comunicare-ai.html,6,1,propriu,11,,3,11,6
C:\00\Projects\LearningHub\content\liceu\umanist\cls10\m1-procesare-text\lectia1-documente-formatare.html,1,1,propriu,9,2,,9,1
C:\00\Projects\LearningHub\content\liceu\umanist\cls10\m1-procesare-text\lectia1-documente-formatare.html,2,1,propriu,23,8,6,23,2
C:\00\Projects\LearningHub\content\liceu\umanist\cls10\m1-procesare-text\lectia1-documente-formatare.html,3,1,propriu,17,2,7,17,3
C:\00\Projects\LearningHub\content\liceu\umanist\cls10\m1-procesare-text\lectia1-documente-formatare.html,4,1,propriu,10,1,0,10,4
C:\00\Projects\LearningHub\content\liceu\umanist\cls10\m1-procesare-text\lectia1-documente-formatare.html,5,1,propriu,9,,2,9,5
C:\00\Projects\LearningHub\content\liceu\umanist\cls10\m1-procesare-text\lectia2-stiluri-cuprins.html,1,1,propriu,15,14,,15,1
C:\00\Projects\LearningHub\content\liceu\umanist\cls10\m1-procesare-text\lectia2-stiluri-cuprins.html,2,1,propriu,15,7,6,15,2
C:\00\Projects\LearningHub\content\liceu\umanist\cls10\m1-procesare-text\lectia2-stiluri-cuprins.html,3,1,propriu,12,6,9,12,3
C:\00\Projects\LearningHub\content\liceu\umanist\cls10\m1-procesare-text\lectia2-stiluri-cuprins.html,4,1,propriu,15,6,2,15,4
C:\00\Projects\LearningHub\content\liceu\umanist\cls10\m1-procesare-text\lectia2-stiluri-cuprins.html,5,1,propriu,12,,4,12,5
C:\00\Projects\LearningHub\content\liceu\umanist\cls10\m1-procesare-text\lectia3-corespondenta-aplicatie.html,1,1,propriu,15,8,,15,1
C:\00\Projects\LearningHub\content\liceu\umanist\cls10\m1-procesare-text\lectia3-corespondenta-aplicatie.html,2,1,propriu,15,12,14,15,2
C:\00\Projects\LearningHub\content\liceu\umanist\cls10\m1-procesare-text\lectia3-corespondenta-aplicatie.html,3,1,propriu,18,7,6,18,3
C:\00\Projects\LearningHub\content\liceu\umanist\cls10\m1-procesare-text\lectia3-corespondenta-aplicatie.html,4,1,propriu,12,7,8,12,4
C:\00\Projects\LearningHub\content\liceu\umanist\cls10\m1-procesare-text\lectia3-corespondenta-aplicatie.html,5,1,altul,9,2,5,11,1
C:\00\Projects\LearningHub\content\liceu\umanist\cls10\m1-procesare-text\lectia3-corespondenta-aplicatie.html,6,1,propriu,11,2,4,11,6
C:\00\Projects\LearningHub\content\liceu\umanist\cls10\m1-procesare-text\lectia3-corespondenta-aplicatie.html,7,1,propriu,13,1,0,13,7
C:\00\Projects\LearningHub\content\liceu\umanist\cls10\m1-procesare-text\lectia3-corespondenta-aplicatie.html,8,1,propriu,11,4,2,11,8
C:\00\Projects\LearningHub\content\liceu\umanist\cls10\m1-procesare-text\lectia3-corespondenta-aplicatie.html,9,1,propriu,14,4,3,14,9
C:\00\Projects\LearningHub\content\liceu\umanist\cls10\m1-procesare-text\lectia3-corespondenta-aplicatie.html,10,1,propriu,19,,3,19,10
C:\00\Projects\LearningHub\content\liceu\umanist\cls10\m2-calcul-tabelar\lectia1-tabel-formule.html,1,1,propriu,13,4,,13,1
C:\00\Projects\LearningHub\content\liceu\umanist\cls10\m2-calcul-tabelar\lectia1-tabel-formule.html,2,1,propriu,13,3,5,13,2
C:\00\Projects\LearningHub\content\liceu\umanist\cls10\m2-calcul-tabelar\lectia1-tabel-formule.html,3,1,propriu,7,6,5,7,3
C:\00\Projects\LearningHub\content\liceu\umanist\cls10\m2-calcul-tabelar\lectia1-tabel-formule.html,4,1,propriu,10,3,6,10,4
C:\00\Projects\LearningHub\content\liceu\umanist\cls10\m2-calcul-tabelar\lectia1-tabel-formule.html,5,1,propriu,15,,3,15,5
C:\00\Projects\LearningHub\content\liceu\umanist\cls10\m2-calcul-tabelar\lectia2-functii-diagrame.html,1,1,propriu,9,8,,9,1
C:\00\Projects\LearningHub\content\liceu\umanist\cls10\m2-calcul-tabelar\lectia2-functii-diagrame.html,2,1,propriu,7,1,2,7,2
C:\00\Projects\LearningHub\content\liceu\umanist\cls10\m2-calcul-tabelar\lectia2-functii-diagrame.html,3,1,propriu,15,5,4,15,3
C:\00\Projects\LearningHub\content\liceu\umanist\cls10\m2-calcul-tabelar\lectia2-functii-diagrame.html,4,1,propriu,17,5,5,17,4
C:\00\Projects\LearningHub\content\liceu\umanist\cls10\m2-calcul-tabelar\lectia2-functii-diagrame.html,5,1,propriu,21,,5,21,5
C:\00\Projects\LearningHub\content\liceu\umanist\cls10\m2-calcul-tabelar\lectia3-aplicatie.html,1,1,decalat_inainte,10,11,,11,2
C:\00\Projects\LearningHub\content\liceu\umanist\cls10\m2-calcul-tabelar\lectia3-aplicatie.html,2,1,decalat_inapoi,8,9,9,9,1
C:\00\Projects\LearningHub\content\liceu\umanist\cls10\m2-calcul-tabelar\lectia3-aplicatie.html,3,1,propriu,12,6,6,12,3
C:\00\Projects\LearningHub\content\liceu\umanist\cls10\m2-calcul-tabelar\lectia3-aplicatie.html,4,1,propriu,18,10,10,18,4
C:\00\Projects\LearningHub\content\liceu\umanist\cls10\m2-calcul-tabelar\lectia3-aplicatie.html,5,1,propriu,16,,11,16,5
C:\00\Projects\LearningHub\content\liceu\umanist\cls11\m1-prezentari-multimedia\lectia1-prezentare-eficienta.html,1,1,propriu,5,2,,5,1
C:\00\Projects\LearningHub\content\liceu\umanist\cls11\m1-prezentari-multimedia\lectia1-prezentare-eficienta.html,2,1,propriu,7,5,2,7,2
C:\00\Projects\LearningHub\content\liceu\umanist\cls11\m1-prezentari-multimedia\lectia1-prezentare-eficienta.html,3,1,propriu,10,5,1,10,3
C:\00\Projects\LearningHub\content\liceu\umanist\cls11\m1-prezentari-multimedia\lectia1-prezentare-eficienta.html,4,1,propriu,9,2,6,9,4
C:\00\Projects\LearningHub\content\liceu\umanist\cls11\m1-prezentari-multimedia\lectia1-prezentare-eficienta.html,5,1,propriu,14,,2,14,5
C:\00\Projects\LearningHub\content\liceu\umanist\cls11\m2-imagini-web\lectia1-imagine-digitala.html,1,1,propriu,13,5,,13,1
C:\00\Projects\LearningHub\content\liceu\umanist\cls11\m2-imagini-web\lectia1-imagine-digitala.html,2,1,propriu,16,2,3,16,2
C:\00\Projects\LearningHub\content\liceu\umanist\cls11\m2-imagini-web\lectia1-imagine-digitala.html,3,1,propriu,9,6,1,9,3
C:\00\Projects\LearningHub\content\liceu\umanist\cls11\m2-imagini-web\lectia1-imagine-digitala.html,4,1,propriu,19,7,5,19,4
C:\00\Projects\LearningHub\content\liceu\umanist\cls11\m2-imagini-web\lectia1-imagine-digitala.html,5,1,propriu,18,6,5,18,5
C:\00\Projects\LearningHub\content\liceu\umanist\cls11\m2-imagini-web\lectia1-imagine-digitala.html,6,1,propriu,14,,12,14,6
C:\00\Projects\LearningHub\content\liceu\umanist\cls11\m2-imagini-web\lectia2-pagini-web.html,1,1,propriu,12,3,,12,1
C:\00\Projects\LearningHub\content\liceu\umanist\cls11\m2-imagini-web\lectia2-pagini-web.html,2,1,propriu,7,1,6,7,2
C:\00\Projects\LearningHub\content\liceu\umanist\cls11\m2-imagini-web\lectia2-pagini-web.html,3,1,propriu,14,4,1,14,3
C:\00\Projects\LearningHub\content\liceu\umanist\cls11\m2-imagini-web\lectia2-pagini-web.html,4,1,propriu,10,1,5,10,4
C:\00\Projects\LearningHub\content\liceu\umanist\cls11\m2-imagini-web\lectia2-pagini-web.html,5,1,propriu,4,2,4,4,5
C:\00\Projects\LearningHub\content\liceu\umanist\cls11\m2-imagini-web\lectia2-pagini-web.html,6,1,propriu,8,,2,8,6
C:\00\Projects\LearningHub\content\liceu\umanist\cls12\m1-competente-digitale\lectia1-calculator-fisiere.html,1,1,propriu,13,5,,13,1
C:\00\Projects\LearningHub\content\liceu\umanist\cls12\m1-competente-digitale\lectia1-calculator-fisiere.html,2,1,propriu,15,4,11,15,2
C:\00\Projects\LearningHub\content\liceu\umanist\cls12\m1-competente-digitale\lectia1-calculator-fisiere.html,3,1,propriu,9,6,5,9,3
C:\00\Projects\LearningHub\content\liceu\umanist\cls12\m1-competente-digitale\lectia1-calculator-fisiere.html,4,1,propriu,10,2,4,10,4
C:\00\Projects\LearningHub\content\liceu\umanist\cls12\m1-competente-digitale\lectia1-calculator-fisiere.html,5,1,propriu,7,4,3,7,5
C:\00\Projects\LearningHub\content\liceu\umanist\cls12\m1-competente-digitale\lectia1-calculator-fisiere.html,6,1,propriu,15,,6,15,6
C:\00\Projects\LearningHub\content\liceu\umanist\cls12\m1-competente-digitale\lectia2-procesare-text.html,1,1,propriu,20,13,,20,1
C:\00\Projects\LearningHub\content\liceu\umanist\cls12\m1-competente-digitale\lectia2-procesare-text.html,2,1,propriu,26,8,5,26,2
C:\00\Projects\LearningHub\content\liceu\umanist\cls12\m1-competente-digitale\lectia2-procesare-text.html,3,1,propriu,25,12,9,25,3
C:\00\Projects\LearningHub\content\liceu\umanist\cls12\m1-competente-digitale\lectia2-procesare-text.html,4,1,propriu,25,4,7,25,4
C:\00\Projects\LearningHub\content\liceu\umanist\cls12\m1-competente-digitale\lectia2-procesare-text.html,5,1,propriu,20,12,15,20,5
C:\00\Projects\LearningHub\content\liceu\umanist\cls12\m1-competente-digitale\lectia2-procesare-text.html,6,1,propriu,16,,7,16,6
C:\00\Projects\LearningHub\content\liceu\umanist\cls12\m1-competente-digitale\lectia3-calcul-tabelar.html,1,1,propriu,12,5,,12,1
C:\00\Projects\LearningHub\content\liceu\umanist\cls12\m1-competente-digitale\lectia3-calcul-tabelar.html,2,1,decalat_inainte,8,11,10,11,3
C:\00\Projects\LearningHub\content\liceu\umanist\cls12\m1-competente-digitale\lectia3-calcul-tabelar.html,3,1,propriu,19,4,4,19,3
C:\00\Projects\LearningHub\content\liceu\umanist\cls12\m1-competente-digitale\lectia3-calcul-tabelar.html,4,1,propriu,21,5,3,21,4
C:\00\Projects\LearningHub\content\liceu\umanist\cls12\m1-competente-digitale\lectia3-calcul-tabelar.html,5,1,propriu,12,,3,12,5
C:\00\Projects\LearningHub\content\liceu\umanist\cls12\m1-competente-digitale\lectia4-prezentari-internet.html,1,1,propriu,11,7,,11,1
C:\00\Projects\LearningHub\content\liceu\umanist\cls12\m1-competente-digitale\lectia4-prezentari-internet.html,2,1,propriu,16,5,6,16,2
C:\00\Projects\LearningHub\content\liceu\umanist\cls12\m1-competente-digitale\lectia4-prezentari-internet.html,3,1,propriu,12,1,4,12,3
C:\00\Projects\LearningHub\content\liceu\umanist\cls12\m1-competente-digitale\lectia4-prezentari-internet.html,4,1,propriu,8,7,0,8,4
C:\00\Projects\LearningHub\content\liceu\umanist\cls12\m1-competente-digitale\lectia4-prezentari-internet.html,5,1,propriu,12,1,4,12,5
C:\00\Projects\LearningHub\content\liceu\umanist\cls12\m1-competente-digitale\lectia4-prezentari-internet.html,6,1,decalat_inapoi,2,,9,9,5
C:\00\Projects\LearningHub\content\liceu\umanist\cls12\m1-competente-digitale\lectia5-editare-imagini.html,1,1,propriu,12,3,,12,1
C:\00\Projects\LearningHub\content\liceu\umanist\cls12\m1-competente-digitale\lectia5-editare-imagini.html,2,1,propriu,17,4,7,17,2
C:\00\Projects\LearningHub\content\liceu\umanist\cls12\m1-competente-digitale\lectia5-editare-imagini.html,3,1,propriu,29,11,6,29,3
C:\00\Projects\LearningHub\content\liceu\umanist\cls12\m1-competente-digitale\lectia5-editare-imagini.html,4,1,propriu,32,13,8,32,4
C:\00\Projects\LearningHub\content\liceu\umanist\cls12\m1-competente-digitale\lectia5-editare-imagini.html,5,1,altul,11,,6,14,2
C:\00\Projects\LearningHub\content\liceu\umanist\cls12\m1-competente-digitale\lectia6-proiect-integrator.html,1,1,altul,8,7,,10,6
C:\00\Projects\LearningHub\content\liceu\umanist\cls12\m1-competente-digitale\lectia6-proiect-integrator.html,2,1,propriu,15,2,4,15,2
C:\00\Projects\LearningHub\content\liceu\umanist\cls12\m1-competente-digitale\lectia6-proiect-integrator.html,3,1,propriu,13,7,4,13,3
C:\00\Projects\LearningHub\content\liceu\umanist\cls12\m1-competente-digitale\lectia6-proiect-integrator.html,4,1,propriu,10,6,4,10,4
C:\00\Projects\LearningHub\content\liceu\umanist\cls12\m1-competente-digitale\lectia6-proiect-integrator.html,5,1,propriu,18,11,12,18,5
C:\00\Projects\LearningHub\content\liceu\umanist\cls12\m1-competente-digitale\lectia6-proiect-integrator.html,6,1,propriu,24,,6,24,6
C:\00\Projects\LearningHub\content\liceu\umanist\cls9\m1-sisteme-retele\lectia1-sisteme-calcul.html,1,1,propriu,12,7,,12,1
C:\00\Projects\LearningHub\content\liceu\umanist\cls9\m1-sisteme-retele\lectia1-sisteme-calcul.html,2,1,propriu,16,9,8,16,2
C:\00\Projects\LearningHub\content\liceu\umanist\cls9\m1-sisteme-retele\lectia1-sisteme-calcul.html,3,1,propriu,12,8,5,12,3
C:\00\Projects\LearningHub\content\liceu\umanist\cls9\m1-sisteme-retele\lectia1-sisteme-calcul.html,4,1,propriu,15,2,2,15,4
C:\00\Projects\LearningHub\content\liceu\umanist\cls9\m1-sisteme-retele\lectia1-sisteme-calcul.html,5,1,propriu,11,,2,11,5
C:\00\Projects\LearningHub\content\liceu\umanist\cls9\m1-sisteme-retele\lectia2-retele-internet.html,1,1,propriu,12,6,,12,1
C:\00\Projects\LearningHub\content\liceu\umanist\cls9\m1-sisteme-retele\lectia2-retele-internet.html,2,1,propriu,12,4,4,12,2
C:\00\Projects\LearningHub\content\liceu\umanist\cls9\m1-sisteme-retele\lectia2-retele-internet.html,3,1,propriu,11,9,2,11,3
C:\00\Projects\LearningHub\content\liceu\umanist\cls9\m1-sisteme-retele\lectia2-retele-internet.html,4,1,decalat_inapoi,11,3,14,14,3
C:\00\Projects\LearningHub\content\liceu\umanist\cls9\m1-sisteme-retele\lectia2-retele-internet.html,5,1,propriu,16,7,6,16,5
C:\00\Projects\LearningHub\content\liceu\umanist\cls9\m1-sisteme-retele\lectia2-retele-internet.html,6,1,propriu,16,,10,16,6
C:\00\Projects\LearningHub\content\liceu\umanist\cls9\m2-societate-digitala\lectia1-identitate-siguranta.html,1,1,altul,8,2,,11,5
C:\00\Projects\LearningHub\content\liceu\umanist\cls9\m2-societate-digitala\lectia1-identitate-siguranta.html,2,1,propriu,14,0,1,14,2
C:\00\Projects\LearningHub\content\liceu\umanist\cls9\m2-societate-digitala\lectia1-identitate-siguranta.html,3,1,propriu,17,6,2,17,3
C:\00\Projects\LearningHub\content\liceu\umanist\cls9\m2-societate-digitala\lectia1-identitate-siguranta.html,4,1,propriu,13,6,8,13,4
C:\00\Projects\LearningHub\content\liceu\umanist\cls9\m2-societate-digitala\lectia1-identitate-siguranta.html,5,1,propriu,12,,12,12,5
C:\00\Projects\LearningHub\content\liceu\umanist\cls9\m2-societate-digitala\lectia2-drepturi-gdpr.html,1,1,propriu,14,7,,14,1
C:\00\Projects\LearningHub\content\liceu\umanist\cls9\m2-societate-digitala\lectia2-drepturi-gdpr.html,2,1,propriu,17,6,8,17,2
C:\00\Projects\LearningHub\content\liceu\umanist\cls9\m2-societate-digitala\lectia2-drepturi-gdpr.html,3,1,altul,16,9,8,17,1
C:\00\Projects\LearningHub\content\liceu\umanist\cls9\m2-societate-digitala\lectia2-drepturi-gdpr.html,4,1,propriu,18,9,4,18,4
C:\00\Projects\LearningHub\content\liceu\umanist\cls9\m2-societate-digitala\lectia2-drepturi-gdpr.html,5,1,altul,13,,4,17,3
C:\00\Projects\LearningHub\content\liceu\umanist\cls9\m2-societate-digitala\lectia3-comunicare-ai.html,1,1,propriu,27,14,,27,1
C:\00\Projects\LearningHub\content\liceu\umanist\cls9\m2-societate-digitala\lectia3-comunicare-ai.html,2,1,propriu,14,9,9,14,2
C:\00\Projects\LearningHub\content\liceu\umanist\cls9\m2-societate-digitala\lectia3-comunicare-ai.html,3,1,propriu,22,6,7,22,3
C:\00\Projects\LearningHub\content\liceu\umanist\cls9\m2-societate-digitala\lectia3-comunicare-ai.html,4,1,propriu,25,11,3,25,4
C:\00\Projects\LearningHub\content\liceu\umanist\cls9\m2-societate-digitala\lectia3-comunicare-ai.html,5,1,propriu,20,,7,20,5
C:\00\Projects\LearningHub\content\profesional\maistri\an1\c1-aplicatii-software\lectia1-structura-tabelului.html,1,1,propriu,13,4,,13,1
C:\00\Projects\LearningHub\content\profesional\maistri\an1\c1-aplicatii-software\lectia1-structura-tabelului.html,2,1,propriu,15,6,5,15,2
C:\00\Projects\LearningHub\content\profesional\maistri\an1\c1-aplicatii-software\lectia1-structura-tabelului.html,3,1,propriu,12,2,6,12,3
C:\00\Projects\LearningHub\content\profesional\maistri\an1\c1-aplicatii-software\lectia1-structura-tabelului.html,4,1,propriu,23,17,4,23,4
C:\00\Projects\LearningHub\content\profesional\maistri\an1\c1-aplicatii-software\lectia1-structura-tabelului.html,5,1,propriu,27,15,16,27,5
C:\00\Projects\LearningHub\content\profesional\maistri\an1\c1-aplicatii-software\lectia1-structura-tabelului.html,6,1,propriu,29,,18,29,6
C:\00\Projects\LearningHub\content\profesional\maistri\an1\c1-aplicatii-software\lectia2-formatare.html,1,1,propriu,19,14,,19,1
C:\00\Projects\LearningHub\content\profesional\maistri\an1\c1-aplicatii-software\lectia2-formatare.html,2,1,propriu,9,3,7,9,2
C:\00\Projects\LearningHub\content\profesional\maistri\an1\c1-aplicatii-software\lectia2-formatare.html,3,1,propriu,36,11,7,36,3
C:\00\Projects\LearningHub\content\profesional\maistri\an1\c1-aplicatii-software\lectia2-formatare.html,4,1,propriu,21,5,12,21,4
C:\00\Projects\LearningHub\content\profesional\maistri\an1\c1-aplicatii-software\lectia2-formatare.html,5,1,propriu,23,5,5,23,5
C:\00\Projects\LearningHub\content\profesional\maistri\an1\c1-aplicatii-software\lectia2-formatare.html,6,1,propriu,20,,7,20,6
C:\00\Projects\LearningHub\content\profesional\maistri\an1\c1-aplicatii-software\lectia3-prelucrarea-informatiilor.html,1,1,altul,15,4,,17,6
C:\00\Projects\LearningHub\content\profesional\maistri\an1\c1-aplicatii-software\lectia3-prelucrarea-informatiilor.html,2,1,propriu,14,9,7,14,2
C:\00\Projects\LearningHub\content\profesional\maistri\an1\c1-aplicatii-software\lectia3-prelucrarea-informatiilor.html,3,1,propriu,15,9,4,15,3
C:\00\Projects\LearningHub\content\profesional\maistri\an1\c1-aplicatii-software\lectia3-prelucrarea-informatiilor.html,4,1,propriu,18,5,12,18,4
C:\00\Projects\LearningHub\content\profesional\maistri\an1\c1-aplicatii-software\lectia3-prelucrarea-informatiilor.html,5,1,propriu,14,5,1,14,5
C:\00\Projects\LearningHub\content\profesional\maistri\an1\c1-aplicatii-software\lectia3-prelucrarea-informatiilor.html,6,1,propriu,22,,5,22,6
C:\00\Projects\LearningHub\content\profesional\maistri\an1\c1-aplicatii-software\lectia4-diagrame.html,1,1,decalat_inainte,10,13,,13,2
C:\00\Projects\LearningHub\content\profesional\maistri\an1\c1-aplicatii-software\lectia4-diagrame.html,2,1,propriu,26,8,9,26,2
C:\00\Projects\LearningHub\content\profesional\maistri\an1\c1-aplicatii-software\lectia4-diagrame.html,3,1,decalat_inainte,11,21,10,21,4
C:\00\Projects\LearningHub\content\profesional\maistri\an1\c1-aplicatii-software\lectia4-diagrame.html,4,1,propriu,20,7,9,20,4
C:\00\Projects\LearningHub\content\profesional\maistri\an1\c1-aplicatii-software\lectia4-diagrame.html,5,1,propriu,23,9,8,23,5
C:\00\Projects\LearningHub\content\profesional\maistri\an1\c1-aplicatii-software\lectia4-diagrame.html,6,1,altul,14,,10,21,2
C:\00\Projects\LearningHub\content\profesional\maistri\an1\c1-aplicatii-software\lectia5-inserare-obiecte.html,1,1,propriu,27,9,,27,1
C:\00\Projects\LearningHub\content\profesional\maistri\an1\c1-aplicatii-software\lectia5-inserare-obiecte.html,2,1,propriu,19,7,15,19,2
C:\00\Projects\LearningHub\content\profesional\maistri\an1\c1-aplicatii-software\lectia5-inserare-obiecte.html,3,1,decalat_inainte,23,24,10,24,4
C:\00\Projects\LearningHub\content\profesional\maistri\an1\c1-aplicatii-software\lectia5-inserare-obiecte.html,4,1,propriu,33,8,12,33,4
C:\00\Projects\LearningHub\content\profesional\maistri\an1\c1-aplicatii-software\lectia5-inserare-obiecte.html,5,1,propriu,42,9,14,42,5
C:\00\Projects\LearningHub\content\profesional\maistri\an1\c1-aplicatii-software\lectia5-inserare-obiecte.html,6,1,propriu,19,,8,19,6
C:\00\Projects\LearningHub\content\profesional\maistri\an1\c1-aplicatii-software\lectia6-evaluare-c1.html,1,1,propriu,20,15,,20,1
C:\00\Projects\LearningHub\content\profesional\maistri\an1\c1-aplicatii-software\lectia6-evaluare-c1.html,2,1,propriu,14,9,13,14,2
C:\00\Projects\LearningHub\content\profesional\maistri\an1\c1-aplicatii-software\lectia6-evaluare-c1.html,3,1,propriu,21,11,11,21,3
C:\00\Projects\LearningHub\content\profesional\maistri\an1\c1-aplicatii-software\lectia6-evaluare-c1.html,4,1,propriu,23,2,9,23,4
C:\00\Projects\LearningHub\content\profesional\maistri\an1\c1-aplicatii-software\lectia6-evaluare-c1.html,5,1,altul,12,13,10,14,2
C:\00\Projects\LearningHub\content\profesional\maistri\an1\c1-aplicatii-software\lectia6-evaluare-c1.html,6,1,propriu,14,,4,14,6
C:\00\Projects\LearningHub\content\profesional\maistri\an1\c2-baze-de-date\lectia1-tipuri-de-date.html,1,1,propriu,18,4,,18,1
C:\00\Projects\LearningHub\content\profesional\maistri\an1\c2-baze-de-date\lectia1-tipuri-de-date.html,2,1,propriu,16,7,9,16,2
C:\00\Projects\LearningHub\content\profesional\maistri\an1\c2-baze-de-date\lectia1-tipuri-de-date.html,3,1,propriu,15,6,8,15,3
C:\00\Projects\LearningHub\content\profesional\maistri\an1\c2-baze-de-date\lectia1-tipuri-de-date.html,4,1,propriu,23,6,8,23,4
C:\00\Projects\LearningHub\content\profesional\maistri\an1\c2-baze-de-date\lectia1-tipuri-de-date.html,5,1,propriu,16,5,5,16,5
C:\00\Projects\LearningHub\content\profesional\maistri\an1\c2-baze-de-date\lectia1-tipuri-de-date.html,6,1,propriu,29,,5,29,6
C:\00\Projects\LearningHub\content\profesional\maistri\an1\c2-baze-de-date\lectia2-structura-bazei.html,1,1,propriu,18,13,,18,1
C:\00\Projects\LearningHub\content\profesional\maistri\an1\c2-baze-de-date\lectia2-structura-bazei.html,2,1,decalat_inapoi,10,10,15,15,1
C:\00\Projects\LearningHub\content\profesional\maistri\an1\c2-baze-de-date\lectia2-structura-bazei.html,3,1,propriu,13,7,6,13,3
C:\00\Projects\LearningHub\content\profesional\maistri\an1\c2-baze-de-date\lectia2-structura-bazei.html,4,1,propriu,10,9,7,10,4
C:\00\Projects\LearningHub\content\profesional\maistri\an1\c2-baze-de-date\lectia2-structura-bazei.html,5,1,propriu,13,7,8,13,5
C:\00\Projects\LearningHub\content\profesional\maistri\an1\c2-baze-de-date\lectia2-structura-bazei.html,6,1,propriu,23,,10,23,6
C:\00\Projects\LearningHub\content\profesional\maistri\an1\c2-baze-de-date\lectia3-operatii-pe-tabel.html,1,1,propriu,18,10,,18,1
C:\00\Projects\LearningHub\content\profesional\maistri\an1\c2-baze-de-date\lectia3-operatii-pe-tabel.html,2,1,propriu,15,6,9,15,2
C:\00\Projects\LearningHub\content\profesional\maistri\an1\c2-baze-de-date\lectia3-operatii-pe-tabel.html,3,1,propriu,21,12,6,21,3
C:\00\Projects\LearningHub\content\profesional\maistri\an1\c2-baze-de-date\lectia3-operatii-pe-tabel.html,4,1,propriu,14,5,9,14,4
C:\00\Projects\LearningHub\content\profesional\maistri\an1\c2-baze-de-date\lectia3-operatii-pe-tabel.html,5,1,propriu,14,14,8,14,5
C:\00\Projects\LearningHub\content\profesional\maistri\an1\c2-baze-de-date\lectia3-operatii-pe-tabel.html,6,1,propriu,21,,5,21,6
C:\00\Projects\LearningHub\content\profesional\maistri\an1\c2-baze-de-date\lectia4-incarcarea-bazei.html,1,1,propriu,15,11,,15,1
C:\00\Projects\LearningHub\content\profesional\maistri\an1\c2-baze-de-date\lectia4-incarcarea-bazei.html,2,1,propriu,20,17,6,20,2
C:\00\Projects\LearningHub\content\profesional\maistri\an1\c2-baze-de-date\lectia4-incarcarea-bazei.html,3,1,propriu,27,14,14,27,3
C:\00\Projects\LearningHub\content\profesional\maistri\an1\c2-baze-de-date\lectia4-incarcarea-bazei.html,4,1,propriu,24,12,21,24,4
C:\00\Projects\LearningHub\content\profesional\maistri\an1\c2-baze-de-date\lectia4-incarcarea-bazei.html,5,1,propriu,16,9,8,16,5
C:\00\Projects\LearningHub\content\profesional\maistri\an1\c2-baze-de-date\lectia4-incarcarea-bazei.html,6,1,propriu,24,,5,24,6
C:\00\Projects\LearningHub\content\profesional\maistri\an1\c2-baze-de-date\lectia5-exploatarea-bazei.html,1,1,propriu,17,4,,17,1
C:\00\Projects\LearningHub\content\profesional\maistri\an1\c2-baze-de-date\lectia5-exploatarea-bazei.html,2,1,propriu,23,11,13,23,2
C:\00\Projects\LearningHub\content\profesional\maistri\an1\c2-baze-de-date\lectia5-exploatarea-bazei.html,3,1,propriu,24,19,10,24,3
C:\00\Projects\LearningHub\content\profesional\maistri\an1\c2-baze-de-date\lectia5-exploatarea-bazei.html,4,1,propriu,24,8,11,24,4
C:\00\Projects\LearningHub\content\profesional\maistri\an1\c2-baze-de-date\lectia5-exploatarea-bazei.html,5,1,propriu,29,12,16,29,5
C:\00\Projects\LearningHub\content\profesional\maistri\an1\c2-baze-de-date\lectia5-exploatarea-bazei.html,6,1,propriu,26,,5,26,6
C:\00\Projects\LearningHub\content\profesional\maistri\an1\c2-baze-de-date\lectia6-evaluare-c2.html,1,1,propriu,17,17,,17,1
C:\00\Projects\LearningHub\content\profesional\maistri\an1\c2-baze-de-date\lectia6-evaluare-c2.html,2,1,propriu,15,10,10,15,2
C:\00\Projects\LearningHub\content\profesional\maistri\an1\c2-baze-de-date\lectia6-evaluare-c2.html,3,1,propriu,18,11,9,18,3
C:\00\Projects\LearningHub\content\profesional\maistri\an1\c2-baze-de-date\lectia6-evaluare-c2.html,4,1,propriu,19,10,13,19,4
C:\00\Projects\LearningHub\content\profesional\maistri\an1\c2-baze-de-date\lectia6-evaluare-c2.html,5,1,propriu,10,7,5,10,5
C:\00\Projects\LearningHub\content\profesional\maistri\an1\c2-baze-de-date\lectia6-evaluare-c2.html,6,1,propriu,27,,21,27,6
C:\00\Projects\LearningHub\content\profesional\maistri\an1\c3-internet\lectia1-cautare-documentatie.html,1,1,altul,11,8,,16,4
C:\00\Projects\LearningHub\content\profesional\maistri\an1\c3-internet\lectia1-cautare-documentatie.html,2,1,propriu,18,9,7,18,2
C:\00\Projects\LearningHub\content\profesional\maistri\an1\c3-internet\lectia1-cautare-documentatie.html,3,1,propriu,27,13,6,27,3
C:\00\Projects\LearningHub\content\profesional\maistri\an1\c3-internet\lectia1-cautare-documentatie.html,4,1,propriu,25,8,7,25,4
C:\00\Projects\LearningHub\content\profesional\maistri\an1\c3-internet\lectia1-cautare-documentatie.html,5,1,propriu,21,3,10,21,5
C:\00\Projects\LearningHub\content\profesional\maistri\an1\c3-internet\lectia1-cautare-documentatie.html,6,1,propriu,25,,5,25,6
C:\00\Projects\LearningHub\content\profesional\maistri\an1\c3-internet\lectia2-surse-de-incredere.html,1,1,altul,11,11,,17,3
C:\00\Projects\LearningHub\content\profesional\maistri\an1\c3-internet\lectia2-surse-de-incredere.html,2,1,propriu,19,7,4,19,2
C:\00\Projects\LearningHub\content\profesional\maistri\an1\c3-internet\lectia2-surse-de-incredere.html,3,1,propriu,19,2,6,19,3
C:\00\Projects\LearningHub\content\profesional\maistri\an1\c3-internet\lectia2-surse-de-incredere.html,4,1,propriu,13,9,8,13,4
C:\00\Projects\LearningHub\content\profesional\maistri\an1\c3-internet\lectia2-surse-de-incredere.html,5,1,propriu,13,6,4,13,5
C:\00\Projects\LearningHub\content\profesional\maistri\an1\c3-internet\lectia2-surse-de-incredere.html,6,1,propriu,20,,12,20,6
C:\00\Projects\LearningHub\content\profesional\maistri\an1\c3-internet\lectia3-transmitere-schimb.html,1,1,propriu,25,7,,25,1
C:\00\Projects\LearningHub\content\profesional\maistri\an1\c3-internet\lectia3-transmitere-schimb.html,2,1,decalat_inainte,11,12,4,12,3
C:\00\Projects\LearningHub\content\profesional\maistri\an1\c3-internet\lectia3-transmitere-schimb.html,3,1,propriu,18,10,11,18,3
C:\00\Projects\LearningHub\content\profesional\maistri\an1\c3-internet\lectia3-transmitere-schimb.html,4,1,propriu,20,4,8,20,4
C:\00\Projects\LearningHub\content\profesional\maistri\an1\c3-internet\lectia3-transmitere-schimb.html,5,1,propriu,16,2,7,16,5
C:\00\Projects\LearningHub\content\profesional\maistri\an1\c3-internet\lectia3-transmitere-schimb.html,6,1,propriu,16,,2,16,6
C:\00\Projects\LearningHub\content\profesional\maistri\an1\c3-internet\lectia4-evaluare-c3.html,1,1,propriu,16,9,,16,1
C:\00\Projects\LearningHub\content\profesional\maistri\an1\c3-internet\lectia4-evaluare-c3.html,2,1,propriu,15,6,7,15,2
C:\00\Projects\LearningHub\content\profesional\maistri\an1\c3-internet\lectia4-evaluare-c3.html,3,1,propriu,23,12,8,23,3
C:\00\Projects\LearningHub\content\profesional\maistri\an1\c3-internet\lectia4-evaluare-c3.html,4,1,propriu,41,17,9,41,4
C:\00\Projects\LearningHub\content\profesional\maistri\an1\c3-internet\lectia4-evaluare-c3.html,5,1,decalat_inainte,13,14,10,14,6
C:\00\Projects\LearningHub\content\profesional\maistri\an1\c3-internet\lectia4-evaluare-c3.html,6,1,propriu,22,,12,22,6
C:\00\Projects\LearningHub\content\profesional\sanitar\an1-medicina\c1-sistem-de-operare\lectia1-interfata-windows.html,1,1,propriu,25,14,,25,1
C:\00\Projects\LearningHub\content\profesional\sanitar\an1-medicina\c1-sistem-de-operare\lectia1-interfata-windows.html,2,1,propriu,21,7,14,21,2
C:\00\Projects\LearningHub\content\profesional\sanitar\an1-medicina\c1-sistem-de-operare\lectia1-interfata-windows.html,3,1,propriu,17,11,6,17,3
C:\00\Projects\LearningHub\content\profesional\sanitar\an1-medicina\c1-sistem-de-operare\lectia1-interfata-windows.html,4,1,propriu,23,11,14,23,4
C:\00\Projects\LearningHub\content\profesional\sanitar\an1-medicina\c1-sistem-de-operare\lectia1-interfata-windows.html,5,1,propriu,21,11,10,21,5
C:\00\Projects\LearningHub\content\profesional\sanitar\an1-medicina\c1-sistem-de-operare\lectia1-interfata-windows.html,6,1,propriu,19,,6,19,6
C:\00\Projects\LearningHub\content\profesional\sanitar\an1-medicina\c1-sistem-de-operare\lectia2-organizarea-informatiilor.html,1,1,propriu,11,7,,11,1
C:\00\Projects\LearningHub\content\profesional\sanitar\an1-medicina\c1-sistem-de-operare\lectia2-organizarea-informatiilor.html,2,1,propriu,19,5,16,19,2
C:\00\Projects\LearningHub\content\profesional\sanitar\an1-medicina\c1-sistem-de-operare\lectia2-organizarea-informatiilor.html,3,1,propriu,16,6,5,16,3
C:\00\Projects\LearningHub\content\profesional\sanitar\an1-medicina\c1-sistem-de-operare\lectia2-organizarea-informatiilor.html,4,1,altul,9,8,7,11,6
C:\00\Projects\LearningHub\content\profesional\sanitar\an1-medicina\c1-sistem-de-operare\lectia2-organizarea-informatiilor.html,5,1,propriu,18,7,4,18,5
C:\00\Projects\LearningHub\content\profesional\sanitar\an1-medicina\c1-sistem-de-operare\lectia2-organizarea-informatiilor.html,6,1,propriu,27,,16,27,6
C:\00\Projects\LearningHub\content\profesional\sanitar\an1-medicina\c1-sistem-de-operare\lectia3-securitate-copii.html,1,1,propriu,21,5,,21,1
C:\00\Projects\LearningHub\content\profesional\sanitar\an1-medicina\c1-sistem-de-operare\lectia3-securitate-copii.html,2,1,propriu,15,9,12,15,2
C:\00\Projects\LearningHub\content\profesional\sanitar\an1-medicina\c1-sistem-de-operare\lectia3-securitate-copii.html,3,1,propriu,15,6,8,15,3
C:\00\Projects\LearningHub\content\profesional\sanitar\an1-medicina\c1-sistem-de-operare\lectia3-securitate-copii.html,4,1,propriu,20,6,9,20,4
C:\00\Projects\LearningHub\content\profesional\sanitar\an1-medicina\c1-sistem-de-operare\lectia3-securitate-copii.html,5,1,propriu,14,3,1,14,5
C:\00\Projects\LearningHub\content\profesional\sanitar\an1-medicina\c1-sistem-de-operare\lectia3-securitate-copii.html,6,1,propriu,29,,7,29,6
C:\00\Projects\LearningHub\content\profesional\sanitar\an1-medicina\c2-word-excel\lectia1-procesor-texte.html,1,1,propriu,23,11,,23,1
C:\00\Projects\LearningHub\content\profesional\sanitar\an1-medicina\c2-word-excel\lectia1-procesor-texte.html,2,1,decalat_inainte,10,15,11,15,3
C:\00\Projects\LearningHub\content\profesional\sanitar\an1-medicina\c2-word-excel\lectia1-procesor-texte.html,3,1,propriu,21,3,9,21,3
C:\00\Projects\LearningHub\content\profesional\sanitar\an1-medicina\c2-word-excel\lectia1-procesor-texte.html,4,1,propriu,23,8,5,23,4
C:\00\Projects\LearningHub\content\profesional\sanitar\an1-medicina\c2-word-excel\lectia1-procesor-texte.html,5,1,propriu,20,9,8,20,5
C:\00\Projects\LearningHub\content\profesional\sanitar\an1-medicina\c2-word-excel\lectia1-procesor-texte.html,6,1,propriu,17,9,6,17,6
C:\00\Projects\LearningHub\content\profesional\sanitar\an1-medicina\c2-word-excel\lectia1-procesor-texte.html,7,1,propriu,21,,2,21,7
C:\00\Projects\LearningHub\content\profesional\sanitar\an1-medicina\c2-word-excel\lectia2-calcul-tabelar-structura.html,1,1,propriu,12,6,,12,1
C:\00\Projects\LearningHub\content\profesional\sanitar\an1-medicina\c2-word-excel\lectia2-calcul-tabelar-structura.html,2,1,propriu,12,5,2,12,2
C:\00\Projects\LearningHub\content\profesional\sanitar\an1-medicina\c2-word-excel\lectia2-calcul-tabelar-structura.html,3,1,decalat_inainte,18,19,9,19,4
C:\00\Projects\LearningHub\content\profesional\sanitar\an1-medicina\c2-word-excel\lectia2-calcul-tabelar-structura.html,4,1,propriu,21,13,17,21,4
C:\00\Projects\LearningHub\content\profesional\sanitar\an1-medicina\c2-word-excel\lectia2-calcul-tabelar-structura.html,5,1,propriu,21,21,15,21,5
C:\00\Projects\LearningHub\content\profesional\sanitar\an1-medicina\c2-word-excel\lectia2-calcul-tabelar-structura.html,6,1,propriu,26,,10,26,6
C:\00\Projects\LearningHub\content\profesional\sanitar\an1-medicina\c2-word-excel\lectia3-prelucrarea-informatiilor.html,1,1,propriu,8,4,,8,1
C:\00\Projects\LearningHub\content\profesional\sanitar\an1-medicina\c2-word-excel\lectia3-prelucrarea-informatiilor.html,2,1,propriu,16,9,8,16,2
C:\00\Projects\LearningHub\content\profesional\sanitar\an1-medicina\c2-word-excel\lectia3-prelucrarea-informatiilor.html,3,1,decalat_inapoi,13,13,14,14,2
C:\00\Projects\LearningHub\content\profesional\sanitar\an1-medicina\c2-word-excel\lectia3-prelucrarea-informatiilor.html,4,1,propriu,20,10,10,20,4
C:\00\Projects\LearningHub\content\profesional\sanitar\an1-medicina\c2-word-excel\lectia3-prelucrarea-informatiilor.html,5,1,propriu,15,5,9,15,5
C:\00\Projects\LearningHub\content\profesional\sanitar\an1-medicina\c2-word-excel\lectia3-prelucrarea-informatiilor.html,6,1,propriu,14,,7,14,6
C:\00\Projects\LearningHub\content\profesional\sanitar\an1-medicina\c2-word-excel\lectia4-reprezentari-grafice.html,1,1,decalat_inainte,11,14,,14,2
C:\00\Projects\LearningHub\content\profesional\sanitar\an1-medicina\c2-word-excel\lectia4-reprezentari-grafice.html,2,1,altul,10,1,13,14,4
C:\00\Projects\LearningHub\content\profesional\sanitar\an1-medicina\c2-word-excel\lectia4-reprezentari-grafice.html,3,1,propriu,12,12,4,12,3
C:\00\Projects\LearningHub\content\profesional\sanitar\an1-medicina\c2-word-excel\lectia4-reprezentari-grafice.html,4,1,propriu,12,0,0,12,4
C:\00\Projects\LearningHub\content\profesional\sanitar\an1-medicina\c2-word-excel\lectia4-reprezentari-grafice.html,5,1,propriu,25,9,6,25,5
C:\00\Projects\LearningHub\content\profesional\sanitar\an1-medicina\c2-word-excel\lectia4-reprezentari-grafice.html,6,1,propriu,13,,12,13,6
C:\00\Projects\LearningHub\content\profesional\sanitar\an1-medicina\c2-word-excel\lectia5-word-vs-excel.html,1,1,propriu,18,9,,18,1
C:\00\Projects\LearningHub\content\profesional\sanitar\an1-medicina\c2-word-excel\lectia5-word-vs-excel.html,2,1,propriu,18,16,16,18,2
C:\00\Projects\LearningHub\content\profesional\sanitar\an1-medicina\c2-word-excel\lectia5-word-vs-excel.html,3,1,propriu,17,11,11,17,3
C:\00\Projects\LearningHub\content\profesional\sanitar\an1-medicina\c2-word-excel\lectia5-word-vs-excel.html,4,1,propriu,19,8,10,19,4
C:\00\Projects\LearningHub\content\profesional\sanitar\an1-medicina\c2-word-excel\lectia5-word-vs-excel.html,5,1,propriu,30,9,8,30,5
C:\00\Projects\LearningHub\content\profesional\sanitar\an1-medicina\c2-word-excel\lectia5-word-vs-excel.html,6,1,propriu,28,,10,28,6
C:\00\Projects\LearningHub\content\profesional\sanitar\an1-medicina\c3-baze-de-date\lectia1-tipuri-structura.html,1,1,propriu,24,5,,24,1
C:\00\Projects\LearningHub\content\profesional\sanitar\an1-medicina\c3-baze-de-date\lectia1-tipuri-structura.html,2,1,propriu,17,13,9,17,2
C:\00\Projects\LearningHub\content\profesional\sanitar\an1-medicina\c3-baze-de-date\lectia1-tipuri-structura.html,3,1,propriu,13,5,7,13,3
C:\00\Projects\LearningHub\content\profesional\sanitar\an1-medicina\c3-baze-de-date\lectia1-tipuri-structura.html,4,1,propriu,11,11,10,11,4
C:\00\Projects\LearningHub\content\profesional\sanitar\an1-medicina\c3-baze-de-date\lectia1-tipuri-structura.html,5,1,decalat_inapoi,7,8,13,13,4
C:\00\Projects\LearningHub\content\profesional\sanitar\an1-medicina\c3-baze-de-date\lectia1-tipuri-structura.html,6,1,propriu,12,,2,12,6
C:\00\Projects\LearningHub\content\profesional\sanitar\an1-medicina\c3-baze-de-date\lectia2-operatii-incarcare.html,1,1,altul,16,14,,19,3
C:\00\Projects\LearningHub\content\profesional\sanitar\an1-medicina\c3-baze-de-date\lectia2-operatii-incarcare.html,2,1,propriu,23,17,10,23,2
C:\00\Projects\LearningHub\content\profesional\sanitar\an1-medicina\c3-baze-de-date\lectia2-operatii-incarcare.html,3,1,propriu,22,6,7,22,3
C:\00\Projects\LearningHub\content\profesional\sanitar\an1-medicina\c3-baze-de-date\lectia2-operatii-incarcare.html,4,1,propriu,29,18,18,29,4
C:\00\Projects\LearningHub\content\profesional\sanitar\an1-medicina\c3-baze-de-date\lectia2-operatii-incarcare.html,5,1,propriu,22,11,22,22,5
C:\00\Projects\LearningHub\content\profesional\sanitar\an1-medicina\c3-baze-de-date\lectia2-operatii-incarcare.html,6,1,propriu,15,,8,15,6
C:\00\Projects\LearningHub\content\profesional\sanitar\an1-medicina\c3-baze-de-date\lectia3-exploatare.html,1,1,propriu,17,12,,17,1
C:\00\Projects\LearningHub\content\profesional\sanitar\an1-medicina\c3-baze-de-date\lectia3-exploatare.html,2,1,propriu,19,19,9,19,2
C:\00\Projects\LearningHub\content\profesional\sanitar\an1-medicina\c3-baze-de-date\lectia3-exploatare.html,3,1,propriu,15,7,12,15,3
C:\00\Projects\LearningHub\content\profesional\sanitar\an1-medicina\c3-baze-de-date\lectia3-exploatare.html,4,1,propriu,25,17,8,25,4
C:\00\Projects\LearningHub\content\profesional\sanitar\an1-medicina\c3-baze-de-date\lectia3-exploatare.html,5,1,propriu,33,7,13,33,5
C:\00\Projects\LearningHub\content\profesional\sanitar\an1-medicina\c3-baze-de-date\lectia3-exploatare.html,6,1,propriu,33,,11,33,6
C:\00\Projects\LearningHub\content\profesional\sanitar\an1-medicina\c4-internet-si-date\lectia1-cautare-surse-medicale.html,1,1,altul,10,6,,13,6
C:\00\Projects\LearningHub\content\profesional\sanitar\an1-medicina\c4-internet-si-date\lectia1-cautare-surse-medicale.html,2,1,propriu,17,2,5,17,2
C:\00\Projects\LearningHub\content\profesional\sanitar\an1-medicina\c4-internet-si-date\lectia1-cautare-surse-medicale.html,3,1,propriu,19,9,9,19,3
C:\00\Projects\LearningHub\content\profesional\sanitar\an1-medicina\c4-internet-si-date\lectia1-cautare-surse-medicale.html,4,1,propriu,19,7,6,19,4
C:\00\Projects\LearningHub\content\profesional\sanitar\an1-medicina\c4-internet-si-date\lectia1-cautare-surse-medicale.html,4,2,propriu,17,9,6,17,4
C:\00\Projects\LearningHub\content\profesional\sanitar\an1-medicina\c4-internet-si-date\lectia1-cautare-surse-medicale.html,5,1,propriu,15,12,5,15,5
C:\00\Projects\LearningHub\content\profesional\sanitar\an1-medicina\c4-internet-si-date\lectia1-cautare-surse-medicale.html,6,1,propriu,20,,10,20,6
C:\00\Projects\LearningHub\content\profesional\sanitar\an1-medicina\c4-internet-si-date\lectia2-transmitere-comunicare.html,1,1,propriu,20,11,,20,1
C:\00\Projects\LearningHub\content\profesional\sanitar\an1-medicina\c4-internet-si-date\lectia2-transmitere-comunicare.html,2,1,propriu,23,15,8,23,2
C:\00\Projects\LearningHub\content\profesional\sanitar\an1-medicina\c4-internet-si-date\lectia2-transmitere-comunicare.html,3,1,propriu,29,6,12,29,3
C:\00\Projects\LearningHub\content\profesional\sanitar\an1-medicina\c4-internet-si-date\lectia2-transmitere-comunicare.html,4,1,propriu,27,11,7,27,4
C:\00\Projects\LearningHub\content\profesional\sanitar\an1-medicina\c4-internet-si-date\lectia2-transmitere-comunicare.html,5,1,propriu,29,4,5,29,5
C:\00\Projects\LearningHub\content\profesional\sanitar\an1-medicina\c4-internet-si-date\lectia2-transmitere-comunicare.html,6,1,propriu,17,,11,17,6
C:\00\Projects\LearningHub\content\profesional\sanitar\an1-medicina\c4-internet-si-date\lectia3-protectia-datelor.html,1,1,propriu,24,4,,24,1
C:\00\Projects\LearningHub\content\profesional\sanitar\an1-medicina\c4-internet-si-date\lectia3-protectia-datelor.html,2,1,propriu,18,10,16,18,2
C:\00\Projects\LearningHub\content\profesional\sanitar\an1-medicina\c4-internet-si-date\lectia3-protectia-datelor.html,3,1,propriu,44,13,17,44,3
C:\00\Projects\LearningHub\content\profesional\sanitar\an1-medicina\c4-internet-si-date\lectia3-protectia-datelor.html,4,1,propriu,25,8,18,25,4
C:\00\Projects\LearningHub\content\profesional\sanitar\an1-medicina\c4-internet-si-date\lectia3-protectia-datelor.html,5,1,propriu,17,10,2,17,5
C:\00\Projects\LearningHub\content\profesional\sanitar\an1-medicina\c4-internet-si-date\lectia3-protectia-datelor.html,6,1,propriu,28,,8,28,6
C:\00\Projects\LearningHub\content\profesional\sanitar\an1-medicina\c5-prezentare\lectia1-structurarea-informatiei.html,1,1,propriu,18,5,,18,1
C:\00\Projects\LearningHub\content\profesional\sanitar\an1-medicina\c5-prezentare\lectia1-structurarea-informatiei.html,2,1,propriu,22,14,11,22,2
C:\00\Projects\LearningHub\content\profesional\sanitar\an1-medicina\c5-prezentare\lectia1-structurarea-informatiei.html,3,1,propriu,12,3,3,12,3
C:\00\Projects\LearningHub\content\profesional\sanitar\an1-medicina\c5-prezentare\lectia1-structurarea-informatiei.html,4,1,propriu,20,10,15,20,4
C:\00\Projects\LearningHub\content\profesional\sanitar\an1-medicina\c5-prezentare\lectia1-structurarea-informatiei.html,5,1,propriu,15,11,5,15,5
C:\00\Projects\LearningHub\content\profesional\sanitar\an1-medicina\c5-prezentare\lectia1-structurarea-informatiei.html,6,1,propriu,7,,4,7,6
C:\00\Projects\LearningHub\content\profesional\sanitar\an1-medicina\c5-prezentare\lectia2-prezentare-eficienta.html,1,1,propriu,10,5,,10,1
C:\00\Projects\LearningHub\content\profesional\sanitar\an1-medicina\c5-prezentare\lectia2-prezentare-eficienta.html,2,1,propriu,14,5,5,14,2
C:\00\Projects\LearningHub\content\profesional\sanitar\an1-medicina\c5-prezentare\lectia2-prezentare-eficienta.html,3,1,propriu,16,2,4,16,3
C:\00\Projects\LearningHub\content\profesional\sanitar\an1-medicina\c5-prezentare\lectia2-prezentare-eficienta.html,4,1,propriu,18,4,1,18,4
C:\00\Projects\LearningHub\content\profesional\sanitar\an1-medicina\c5-prezentare\lectia2-prezentare-eficienta.html,5,1,propriu,18,9,2,18,5
C:\00\Projects\LearningHub\content\profesional\sanitar\an1-medicina\c5-prezentare\lectia2-prezentare-eficienta.html,6,1,propriu,11,,5,11,6
C:\00\Projects\LearningHub\content\profesional\sanitar\an1-medicina\c5-prezentare\lectia3-produs-final.html,1,1,propriu,18,5,,18,1
C:\00\Projects\LearningHub\content\profesional\sanitar\an1-medicina\c5-prezentare\lectia3-produs-final.html,2,1,propriu,15,7,8,15,2
C:\00\Projects\LearningHub\content\profesional\sanitar\an1-medicina\c5-prezentare\lectia3-produs-final.html,3,1,propriu,13,4,0,13,3
C:\00\Projects\LearningHub\content\profesional\sanitar\an1-medicina\c5-prezentare\lectia3-produs-final.html,4,1,propriu,20,3,7,20,4
C:\00\Projects\LearningHub\content\profesional\sanitar\an1-medicina\c5-prezentare\lectia3-produs-final.html,5,1,propriu,17,5,7,17,5
C:\00\Projects\LearningHub\content\profesional\sanitar\an1-medicina\c5-prezentare\lectia3-produs-final.html,6,1,altul,7,,3,8,1
C:\00\Projects\LearningHub\content\profesional\sanitar\an2-farmacie\c1-sistem-de-operare\lectia1-interfata-organizare.html,1,1,propriu,23,11,,23,1
C:\00\Projects\LearningHub\content\profesional\sanitar\an2-farmacie\c1-sistem-de-operare\lectia1-interfata-organizare.html,2,1,propriu,27,10,16,27,2
C:\00\Projects\LearningHub\content\profesional\sanitar\an2-farmacie\c1-sistem-de-operare\lectia1-interfata-organizare.html,3,1,propriu,16,7,6,16,3
C:\00\Projects\LearningHub\content\profesional\sanitar\an2-farmacie\c1-sistem-de-operare\lectia1-interfata-organizare.html,4,1,propriu,20,5,7,20,4
C:\00\Projects\LearningHub\content\profesional\sanitar\an2-farmacie\c1-sistem-de-operare\lectia1-interfata-organizare.html,5,1,propriu,18,7,8,18,5
C:\00\Projects\LearningHub\content\profesional\sanitar\an2-farmacie\c1-sistem-de-operare\lectia1-interfata-organizare.html,6,1,propriu,14,,10,14,6
C:\00\Projects\LearningHub\content\profesional\sanitar\an2-farmacie\c1-sistem-de-operare\lectia2-securitate-copii.html,1,1,propriu,18,5,,18,1
C:\00\Projects\LearningHub\content\profesional\sanitar\an2-farmacie\c1-sistem-de-operare\lectia2-securitate-copii.html,2,1,propriu,14,7,8,14,2
C:\00\Projects\LearningHub\content\profesional\sanitar\an2-farmacie\c1-sistem-de-operare\lectia2-securitate-copii.html,3,1,propriu,17,4,3,17,3
C:\00\Projects\LearningHub\content\profesional\sanitar\an2-farmacie\c1-sistem-de-operare\lectia2-securitate-copii.html,4,1,propriu,17,4,5,17,4
C:\00\Projects\LearningHub\content\profesional\sanitar\an2-farmacie\c1-sistem-de-operare\lectia2-securitate-copii.html,5,1,propriu,19,18,7,19,5
C:\00\Projects\LearningHub\content\profesional\sanitar\an2-farmacie\c1-sistem-de-operare\lectia2-securitate-copii.html,6,1,propriu,40,,15,40,6
C:\00\Projects\LearningHub\content\profesional\sanitar\an2-farmacie\c2-word-excel\lectia1-documente-farmacie.html,1,1,propriu,17,2,,17,1
C:\00\Projects\LearningHub\content\profesional\sanitar\an2-farmacie\c2-word-excel\lectia1-documente-farmacie.html,2,1,propriu,19,14,7,19,2
C:\00\Projects\LearningHub\content\profesional\sanitar\an2-farmacie\c2-word-excel\lectia1-documente-farmacie.html,3,1,propriu,23,16,10,23,3
C:\00\Projects\LearningHub\content\profesional\sanitar\an2-farmacie\c2-word-excel\lectia1-documente-farmacie.html,4,1,propriu,20,1,4,20,4
C:\00\Projects\LearningHub\content\profesional\sanitar\an2-farmacie\c2-word-excel\lectia1-documente-farmacie.html,5,1,propriu,16,7,4,16,5
C:\00\Projects\LearningHub\content\profesional\sanitar\an2-farmacie\c2-word-excel\lectia1-documente-farmacie.html,6,1,propriu,14,,4,14,6
C:\00\Projects\LearningHub\content\profesional\sanitar\an2-farmacie\c2-word-excel\lectia2-calcul-tabelar-stocuri.html,1,1,propriu,20,17,,20,1
C:\00\Projects\LearningHub\content\profesional\sanitar\an2-farmacie\c2-word-excel\lectia2-calcul-tabelar-stocuri.html,2,1,propriu,23,7,12,23,2
C:\00\Projects\LearningHub\content\profesional\sanitar\an2-farmacie\c2-word-excel\lectia2-calcul-tabelar-stocuri.html,3,1,decalat_inainte,19,21,11,21,4
C:\00\Projects\LearningHub\content\profesional\sanitar\an2-farmacie\c2-word-excel\lectia2-calcul-tabelar-stocuri.html,4,1,propriu,42,16,23,42,4
C:\00\Projects\LearningHub\content\profesional\sanitar\an2-farmacie\c2-word-excel\lectia2-calcul-tabelar-stocuri.html,5,1,propriu,9,3,9,9,5
C:\00\Projects\LearningHub\content\profesional\sanitar\an2-farmacie\c2-word-excel\lectia2-calcul-tabelar-stocuri.html,6,1,propriu,14,,1,14,6
C:\00\Projects\LearningHub\content\profesional\sanitar\an2-farmacie\c2-word-excel\lectia3-formule-adaos.html,1,1,propriu,16,3,,16,1
C:\00\Projects\LearningHub\content\profesional\sanitar\an2-farmacie\c2-word-excel\lectia3-formule-adaos.html,2,1,decalat_inapoi,12,7,14,14,1
C:\00\Projects\LearningHub\content\profesional\sanitar\an2-farmacie\c2-word-excel\lectia3-formule-adaos.html,3,1,decalat_inainte,13,14,11,14,4
C:\00\Projects\LearningHub\content\profesional\sanitar\an2-farmacie\c2-word-excel\lectia3-formule-adaos.html,4,1,propriu,15,11,13,15,4
C:\00\Projects\LearningHub\content\profesional\sanitar\an2-farmacie\c2-word-excel\lectia3-formule-adaos.html,5,1,propriu,23,7,4,23,5
C:\00\Projects\LearningHub\content\profesional\sanitar\an2-farmacie\c2-word-excel\lectia3-formule-adaos.html,6,1,propriu,12,,5,12,6
C:\00\Projects\LearningHub\content\profesional\sanitar\an2-farmacie\c2-word-excel\lectia4-grafice.html,1,1,propriu,14,5,,14,1
C:\00\Projects\LearningHub\content\profesional\sanitar\an2-farmacie\c2-word-excel\lectia4-grafice.html,2,1,propriu,18,8,8,18,2
C:\00\Projects\LearningHub\content\profesional\sanitar\an2-farmacie\c2-word-excel\lectia4-grafice.html,3,1,propriu,11,7,6,11,3
C:\00\Projects\LearningHub\content\profesional\sanitar\an2-farmacie\c2-word-excel\lectia4-grafice.html,4,1,propriu,20,8,8,20,4
C:\00\Projects\LearningHub\content\profesional\sanitar\an2-farmacie\c2-word-excel\lectia4-grafice.html,5,1,altul,12,11,11,13,2
C:\00\Projects\LearningHub\content\profesional\sanitar\an2-farmacie\c2-word-excel\lectia4-grafice.html,6,1,propriu,11,5,7,11,6
C:\00\Projects\LearningHub\content\profesional\sanitar\an2-farmacie\c2-word-excel\lectia4-grafice.html,7,1,propriu,17,,9,17,7
C:\00\Projects\LearningHub\content\profesional\sanitar\an2-farmacie\c3-baze-de-date\lectia1-tipuri-structura.html,1,1,propriu,17,7,,17,1
C:\00\Projects\LearningHub\content\profesional\sanitar\an2-farmacie\c3-baze-de-date\lectia1-tipuri-structura.html,2,1,altul,11,7,10,14,5
C:\00\Projects\LearningHub\content\profesional\sanitar\an2-farmacie\c3-baze-de-date\lectia1-tipuri-structura.html,3,1,altul,13,7,3,14,6
C:\00\Projects\LearningHub\content\profesional\sanitar\an2-farmacie\c3-baze-de-date\lectia1-tipuri-structura.html,4,1,altul,16,8,8,17,1
C:\00\Projects\LearningHub\content\profesional\sanitar\an2-farmacie\c3-baze-de-date\lectia1-tipuri-structura.html,5,1,propriu,13,6,9,13,5
C:\00\Projects\LearningHub\content\profesional\sanitar\an2-farmacie\c3-baze-de-date\lectia1-tipuri-structura.html,6,1,propriu,23,,8,23,6
C:\00\Projects\LearningHub\content\profesional\sanitar\an2-farmacie\c3-baze-de-date\lectia2-operatii-incarcare.html,1,1,propriu,18,13,,18,1
C:\00\Projects\LearningHub\content\profesional\sanitar\an2-farmacie\c3-baze-de-date\lectia2-operatii-incarcare.html,2,1,propriu,16,11,14,16,2
C:\00\Projects\LearningHub\content\profesional\sanitar\an2-farmacie\c3-baze-de-date\lectia2-operatii-incarcare.html,3,1,propriu,23,14,10,23,3
C:\00\Projects\LearningHub\content\profesional\sanitar\an2-farmacie\c3-baze-de-date\lectia2-operatii-incarcare.html,4,1,propriu,24,19,10,24,4
C:\00\Projects\LearningHub\content\profesional\sanitar\an2-farmacie\c3-baze-de-date\lectia2-operatii-incarcare.html,5,1,propriu,17,12,9,17,5
C:\00\Projects\LearningHub\content\profesional\sanitar\an2-farmacie\c3-baze-de-date\lectia2-operatii-incarcare.html,6,1,propriu,27,,17,27,6
C:\00\Projects\LearningHub\content\profesional\sanitar\an2-farmacie\c3-baze-de-date\lectia3-exploatare.html,1,1,propriu,21,9,,21,1
C:\00\Projects\LearningHub\content\profesional\sanitar\an2-farmacie\c3-baze-de-date\lectia3-exploatare.html,2,1,propriu,15,9,13,15,2
C:\00\Projects\LearningHub\content\profesional\sanitar\an2-farmacie\c3-baze-de-date\lectia3-exploatare.html,3,1,propriu,18,10,10,18,3
C:\00\Projects\LearningHub\content\profesional\sanitar\an2-farmacie\c3-baze-de-date\lectia3-exploatare.html,4,1,propriu,16,10,9,16,4
C:\00\Projects\LearningHub\content\profesional\sanitar\an2-farmacie\c3-baze-de-date\lectia3-exploatare.html,5,1,propriu,28,5,14,28,5
C:\00\Projects\LearningHub\content\profesional\sanitar\an2-farmacie\c3-baze-de-date\lectia3-exploatare.html,6,1,propriu,30,,8,30,6
C:\00\Projects\LearningHub\content\profesional\sanitar\an2-farmacie\c4-internet\lectia1-surse-oficiale.html,1,1,propriu,16,9,,16,1
C:\00\Projects\LearningHub\content\profesional\sanitar\an2-farmacie\c4-internet\lectia1-surse-oficiale.html,2,1,propriu,15,14,8,15,2
C:\00\Projects\LearningHub\content\profesional\sanitar\an2-farmacie\c4-internet\lectia1-surse-oficiale.html,3,1,propriu,25,19,17,25,3
C:\00\Projects\LearningHub\content\profesional\sanitar\an2-farmacie\c4-internet\lectia1-surse-oficiale.html,4,1,propriu,36,10,17,36,4
C:\00\Projects\LearningHub\content\profesional\sanitar\an2-farmacie\c4-internet\lectia1-surse-oficiale.html,5,1,propriu,24,11,15,24,5
C:\00\Projects\LearningHub\content\profesional\sanitar\an2-farmacie\c4-internet\lectia1-surse-oficiale.html,6,1,propriu,16,,4,16,6
C:\00\Projects\LearningHub\content\profesional\sanitar\an2-farmacie\c4-internet\lectia2-transmitere.html,1,1,altul,13,11,,17,6
C:\00\Projects\LearningHub\content\profesional\sanitar\an2-farmacie\c4-internet\lectia2-transmitere.html,2,1,propriu,16,5,1,16,2
C:\00\Projects\LearningHub\content\profesional\sanitar\an2-farmacie\c4-internet\lectia2-transmitere.html,3,1,propriu,21,4,6,21,3
C:\00\Projects\LearningHub\content\profesional\sanitar\an2-farmacie\c4-internet\lectia2-transmitere.html,4,1,propriu,13,11,10,13,4
C:\00\Projects\LearningHub\content\profesional\sanitar\an2-farmacie\c4-internet\lectia2-transmitere.html,5,1,propriu,18,12,7,18,5
C:\00\Projects\LearningHub\content\profesional\sanitar\an2-farmacie\c4-internet\lectia2-transmitere.html,6,1,propriu,12,,7,12,6
C:\00\Projects\LearningHub\content\profesional\sanitar\an2-farmacie\c5-prezentare\lectia1-structurare-prezentare.html,1,1,propriu,10,5,,10,1
C:\00\Projects\LearningHub\content\profesional\sanitar\an2-farmacie\c5-prezentare\lectia1-structurare-prezentare.html,2,1,propriu,23,9,14,23,2
C:\00\Projects\LearningHub\content\profesional\sanitar\an2-farmacie\c5-prezentare\lectia1-structurare-prezentare.html,3,1,propriu,16,4,14,16,3
C:\00\Projects\LearningHub\content\profesional\sanitar\an2-farmacie\c5-prezentare\lectia1-structurare-prezentare.html,4,1,propriu,14,10,4,14,4
C:\00\Projects\LearningHub\content\profesional\sanitar\an2-farmacie\c5-prezentare\lectia1-structurare-prezentare.html,5,1,propriu,14,8,6,14,5
C:\00\Projects\LearningHub\content\profesional\sanitar\an2-farmacie\c5-prezentare\lectia1-structurare-prezentare.html,6,1,propriu,30,,9,30,6
C:\00\Projects\LearningHub\content\profesional\sanitar\an2-farmacie\c5-prezentare\lectia2-produs-final.html,1,1,propriu,15,6,,15,1
C:\00\Projects\LearningHub\content\profesional\sanitar\an2-farmacie\c5-prezentare\lectia2-produs-final.html,2,1,decalat_inapoi,14,10,15,15,1
C:\00\Projects\LearningHub\content\profesional\sanitar\an2-farmacie\c5-prezentare\lectia2-produs-final.html,3,1,propriu,20,10,4,20,3
C:\00\Projects\LearningHub\content\profesional\sanitar\an2-farmacie\c5-prezentare\lectia2-produs-final.html,4,1,propriu,16,4,5,16,4
C:\00\Projects\LearningHub\content\profesional\sanitar\an2-farmacie\c5-prezentare\lectia2-produs-final.html,5,1,propriu,20,11,9,20,5
C:\00\Projects\LearningHub\content\profesional\sanitar\an2-farmacie\c5-prezentare\lectia2-produs-final.html,6,1,propriu,27,,5,27,6
C:\00\Projects\LearningHub\content\tic\cls5\extra-birotice-cls7\lectia1-documente.html,1,1,propriu,8,3,,8,1
C:\00\Projects\LearningHub\content\tic\cls5\extra-birotice-cls7\lectia1-documente.html,2,1,propriu,11,4,3,11,2
C:\00\Projects\LearningHub\content\tic\cls5\extra-birotice-cls7\lectia1-documente.html,3,1,propriu,10,8,2,10,3
C:\00\Projects\LearningHub\content\tic\cls5\extra-birotice-cls7\lectia1-documente.html,4,1,propriu,10,0,4,10,4
C:\00\Projects\LearningHub\content\tic\cls5\extra-birotice-cls7\lectia1-documente.html,5,1,propriu,11,4,3,11,5
C:\00\Projects\LearningHub\content\tic\cls5\extra-birotice-cls7\lectia1-documente.html,6,1,propriu,11,3,3,11,6
C:\00\Projects\LearningHub\content\tic\cls5\extra-birotice-cls7\lectia1-documente.html,7,1,propriu,11,3,2,11,7
C:\00\Projects\LearningHub\content\tic\cls5\extra-birotice-cls7\lectia1-documente.html,8,1,propriu,7,6,4,7,8
C:\00\Projects\LearningHub\content\tic\cls5\extra-birotice-cls7\lectia1-documente.html,9,1,propriu,10,5,5,10,9
C:\00\Projects\LearningHub\content\tic\cls5\extra-birotice-cls7\lectia1-documente.html,10,1,propriu,15,3,6,15,10
C:\00\Projects\LearningHub\content\tic\cls5\extra-birotice-cls7\lectia1-documente.html,11,1,propriu,16,4,4,16,11
C:\00\Projects\LearningHub\content\tic\cls5\extra-birotice-cls7\lectia1-documente.html,12,1,propriu,14,2,0,14,12
C:\00\Projects\LearningHub\content\tic\cls5\extra-birotice-cls7\lectia1-documente.html,13,1,propriu,14,,5,14,13
C:\00\Projects\LearningHub\content\tic\cls5\extra-birotice-cls7\lectia2-formatare-simpla.html,1,1,propriu,8,3,,8,1
C:\00\Projects\LearningHub\content\tic\cls5\extra-birotice-cls7\lectia2-formatare-simpla.html,2,1,propriu,7,4,5,7,2
C:\00\Projects\LearningHub\content\tic\cls5\extra-birotice-cls7\lectia2-formatare-simpla.html,3,1,propriu,11,4,3,11,3
C:\00\Projects\LearningHub\content\tic\cls5\extra-birotice-cls7\lectia2-formatare-simpla.html,4,1,propriu,13,7,6,13,4
C:\00\Projects\LearningHub\content\tic\cls5\extra-birotice-cls7\lectia2-formatare-simpla.html,5,1,propriu,14,5,5,14,5
C:\00\Projects\LearningHub\content\tic\cls5\extra-birotice-cls7\lectia2-formatare-simpla.html,6,1,propriu,15,1,2,15,6
C:\00\Projects\LearningHub\content\tic\cls5\extra-birotice-cls7\lectia2-formatare-simpla.html,7,1,propriu,14,3,2,14,7
C:\00\Projects\LearningHub\content\tic\cls5\extra-birotice-cls7\lectia2-formatare-simpla.html,8,1,propriu,12,5,5,12,8
C:\00\Projects\LearningHub\content\tic\cls5\extra-birotice-cls7\lectia2-formatare-simpla.html,9,1,propriu,13,10,6,13,9
C:\00\Projects\LearningHub\content\tic\cls5\extra-birotice-cls7\lectia2-formatare-simpla.html,10,1,propriu,14,3,6,14,10
C:\00\Projects\LearningHub\content\tic\cls5\extra-birotice-cls7\lectia2-formatare-simpla.html,11,1,propriu,23,7,5,23,11
C:\00\Projects\LearningHub\content\tic\cls5\extra-birotice-cls7\lectia2-formatare-simpla.html,12,1,propriu,19,,8,19,12
C:\00\Projects\LearningHub\content\tic\cls5\extra-birotice-cls7\lectia3-tabele-simple.html,1,1,propriu,11,7,,11,1
C:\00\Projects\LearningHub\content\tic\cls5\extra-birotice-cls7\lectia3-tabele-simple.html,2,1,propriu,8,3,3,8,2
C:\00\Projects\LearningHub\content\tic\cls5\extra-birotice-cls7\lectia3-tabele-simple.html,3,1,propriu,8,3,3,8,3
C:\00\Projects\LearningHub\content\tic\cls5\extra-birotice-cls7\lectia3-tabele-simple.html,4,1,propriu,14,7,5,14,4
C:\00\Projects\LearningHub\content\tic\cls5\extra-birotice-cls7\lectia3-tabele-simple.html,5,1,propriu,13,4,3,13,5
C:\00\Projects\LearningHub\content\tic\cls5\extra-birotice-cls7\lectia3-tabele-simple.html,6,1,propriu,11,1,3,11,6
C:\00\Projects\LearningHub\content\tic\cls5\extra-birotice-cls7\lectia3-tabele-simple.html,7,1,propriu,16,8,8,16,7
C:\00\Projects\LearningHub\content\tic\cls5\extra-birotice-cls7\lectia3-tabele-simple.html,8,1,propriu,16,1,3,16,8
C:\00\Projects\LearningHub\content\tic\cls5\extra-birotice-cls7\lectia3-tabele-simple.html,9,1,propriu,22,7,9,22,9
C:\00\Projects\LearningHub\content\tic\cls5\extra-birotice-cls7\lectia3-tabele-simple.html,10,1,propriu,24,13,6,24,10
C:\00\Projects\LearningHub\content\tic\cls5\extra-birotice-cls7\lectia3-tabele-simple.html,11,1,propriu,15,,4,15,11
C:\00\Projects\LearningHub\content\tic\cls5\extra-birotice-cls7\lectia4-imagini.html,1,1,propriu,10,3,,10,1
C:\00\Projects\LearningHub\content\tic\cls5\extra-birotice-cls7\lectia4-imagini.html,2,1,propriu,15,3,3,15,2
C:\00\Projects\LearningHub\content\tic\cls5\extra-birotice-cls7\lectia4-imagini.html,3,1,propriu,12,1,2,12,3
C:\00\Projects\LearningHub\content\tic\cls5\extra-birotice-cls7\lectia4-imagini.html,4,1,propriu,9,6,3,9,4
C:\00\Projects\LearningHub\content\tic\cls5\extra-birotice-cls7\lectia4-imagini.html,5,1,propriu,12,2,4,12,5
C:\00\Projects\LearningHub\content\tic\cls5\extra-birotice-cls7\lectia4-imagini.html,6,1,propriu,11,2,2,11,6
C:\00\Projects\LearningHub\content\tic\cls5\extra-birotice-cls7\lectia4-imagini.html,7,1,propriu,16,6,1,16,7
C:\00\Projects\LearningHub\content\tic\cls5\extra-birotice-cls7\lectia4-imagini.html,8,1,propriu,15,6,2,15,8
C:\00\Projects\LearningHub\content\tic\cls5\extra-birotice-cls7\lectia4-imagini.html,9,1,propriu,16,10,2,16,9
C:\00\Projects\LearningHub\content\tic\cls5\extra-birotice-cls7\lectia4-imagini.html,10,1,propriu,14,,6,14,10
C:\00\Projects\LearningHub\content\tic\cls5\extra-birotice-cls7\lectia5-salvare.html,1,1,propriu,13,6,,13,1
C:\00\Projects\LearningHub\content\tic\cls5\extra-birotice-cls7\lectia5-salvare.html,2,1,propriu,15,4,3,15,2
C:\00\Projects\LearningHub\content\tic\cls5\extra-birotice-cls7\lectia5-salvare.html,3,1,propriu,7,3,3,7,3
C:\00\Projects\LearningHub\content\tic\cls5\extra-birotice-cls7\lectia5-salvare.html,4,1,propriu,17,3,4,17,4
C:\00\Projects\LearningHub\content\tic\cls5\extra-birotice-cls7\lectia5-salvare.html,5,1,propriu,16,1,4,16,5
C:\00\Projects\LearningHub\content\tic\cls5\extra-birotice-cls7\lectia5-salvare.html,6,1,propriu,12,2,1,12,6
C:\00\Projects\LearningHub\content\tic\cls5\extra-birotice-cls7\lectia5-salvare.html,7,1,propriu,16,7,4,16,7
C:\00\Projects\LearningHub\content\tic\cls5\extra-birotice-cls7\lectia5-salvare.html,8,1,propriu,18,5,7,18,8
C:\00\Projects\LearningHub\content\tic\cls5\extra-birotice-cls7\lectia5-salvare.html,9,1,propriu,15,2,4,15,9
C:\00\Projects\LearningHub\content\tic\cls5\extra-birotice-cls7\lectia5-salvare.html,10,1,propriu,14,,3,14,10
C:\00\Projects\LearningHub\content\tic\cls5\extra-birotice-cls7\lectia6-proiect.html,1,1,propriu,13,6,,13,1
C:\00\Projects\LearningHub\content\tic\cls5\extra-birotice-cls7\lectia6-proiect.html,2,1,propriu,12,8,6,12,2
C:\00\Projects\LearningHub\content\tic\cls5\extra-birotice-cls7\lectia6-proiect.html,3,1,propriu,11,1,3,11,3
C:\00\Projects\LearningHub\content\tic\cls5\extra-birotice-cls7\lectia6-proiect.html,4,1,propriu,13,2,3,13,4
C:\00\Projects\LearningHub\content\tic\cls5\extra-birotice-cls7\lectia6-proiect.html,5,1,propriu,12,3,2,12,5
C:\00\Projects\LearningHub\content\tic\cls5\extra-birotice-cls7\lectia6-proiect.html,6,1,propriu,13,3,0,13,6
C:\00\Projects\LearningHub\content\tic\cls5\extra-birotice-cls7\lectia6-proiect.html,7,1,propriu,13,6,5,13,7
C:\00\Projects\LearningHub\content\tic\cls5\extra-birotice-cls7\lectia6-proiect.html,8,1,propriu,13,4,5,13,8
C:\00\Projects\LearningHub\content\tic\cls5\extra-birotice-cls7\lectia6-proiect.html,9,1,propriu,13,2,0,13,9
C:\00\Projects\LearningHub\content\tic\cls5\extra-birotice-cls7\lectia6-proiect.html,10,1,propriu,14,,4,14,10
C:\00\Projects\LearningHub\content\tic\cls5\extra-birotice-cls7\lectia7-audio-video.html,1,1,propriu,9,2,,9,1
C:\00\Projects\LearningHub\content\tic\cls5\extra-birotice-cls7\lectia7-audio-video.html,2,1,propriu,10,3,2,10,2
C:\00\Projects\LearningHub\content\tic\cls5\extra-birotice-cls7\lectia7-audio-video.html,3,1,propriu,11,2,4,11,3
C:\00\Projects\LearningHub\content\tic\cls5\extra-birotice-cls7\lectia7-audio-video.html,4,1,propriu,13,3,0,13,4
C:\00\Projects\LearningHub\content\tic\cls5\extra-birotice-cls7\lectia7-audio-video.html,5,1,propriu,12,,1,12,5
C:\00\Projects\LearningHub\content\tic\cls5\extra-birotice-cls7\lectia8-colaborative.html,1,1,propriu,11,6,,11,1
C:\00\Projects\LearningHub\content\tic\cls5\extra-birotice-cls7\lectia8-colaborative.html,2,1,propriu,12,4,7,12,2
C:\00\Projects\LearningHub\content\tic\cls5\extra-birotice-cls7\lectia8-colaborative.html,3,1,propriu,18,5,7,18,3
C:\00\Projects\LearningHub\content\tic\cls5\extra-birotice-cls7\lectia8-colaborative.html,4,1,propriu,15,2,1,15,4
C:\00\Projects\LearningHub\content\tic\cls5\extra-birotice-cls7\lectia8-colaborative.html,5,1,propriu,18,,2,18,5
C:\00\Projects\LearningHub\content\tic\cls5\extra-birotice-cls7\lectia9-programare.html,1,1,propriu,9,1,,9,1
C:\00\Projects\LearningHub\content\tic\cls5\extra-birotice-cls7\lectia9-programare.html,2,1,propriu,9,0,0,9,2
C:\00\Projects\LearningHub\content\tic\cls5\extra-birotice-cls7\lectia9-programare.html,3,1,propriu,9,1,2,9,3
C:\00\Projects\LearningHub\content\tic\cls5\extra-birotice-cls7\lectia9-programare.html,4,1,propriu,9,8,1,9,4
C:\00\Projects\LearningHub\content\tic\cls5\extra-birotice-cls7\lectia9-programare.html,5,1,propriu,9,,7,9,5
C:\00\Projects\LearningHub\content\tic\cls5\extra-siguranta-backup\lectia1-internet-sigur.html,1,1,propriu,17,6,,17,1
C:\00\Projects\LearningHub\content\tic\cls5\extra-siguranta-backup\lectia1-internet-sigur.html,2,1,propriu,15,5,6,15,2
C:\00\Projects\LearningHub\content\tic\cls5\extra-siguranta-backup\lectia1-internet-sigur.html,3,1,propriu,22,1,2,22,3
C:\00\Projects\LearningHub\content\tic\cls5\extra-siguranta-backup\lectia1-internet-sigur.html,4,1,propriu,16,6,3,16,4
C:\00\Projects\LearningHub\content\tic\cls5\extra-siguranta-backup\lectia1-internet-sigur.html,5,1,propriu,17,7,5,17,5
C:\00\Projects\LearningHub\content\tic\cls5\extra-siguranta-backup\lectia1-internet-sigur.html,6,1,propriu,15,3,7,15,6
C:\00\Projects\LearningHub\content\tic\cls5\extra-siguranta-backup\lectia1-internet-sigur.html,7,1,propriu,25,5,2,25,7
C:\00\Projects\LearningHub\content\tic\cls5\extra-siguranta-backup\lectia1-internet-sigur.html,8,1,propriu,14,2,3,14,8
C:\00\Projects\LearningHub\content\tic\cls5\extra-siguranta-backup\lectia1-internet-sigur.html,9,1,propriu,12,3,1,12,9
C:\00\Projects\LearningHub\content\tic\cls5\extra-siguranta-backup\lectia1-internet-sigur.html,10,1,propriu,15,,3,15,10
C:\00\Projects\LearningHub\content\tic\cls5\extra-siguranta-backup\lectia2-parole.html,1,1,propriu,11,2,,11,1
C:\00\Projects\LearningHub\content\tic\cls5\extra-siguranta-backup\lectia2-parole.html,2,1,propriu,12,9,4,12,2
C:\00\Projects\LearningHub\content\tic\cls5\extra-siguranta-backup\lectia2-parole.html,3,1,propriu,12,4,1,12,3
C:\00\Projects\LearningHub\content\tic\cls5\extra-siguranta-backup\lectia2-parole.html,4,1,propriu,17,4,4,17,4
C:\00\Projects\LearningHub\content\tic\cls5\extra-siguranta-backup\lectia2-parole.html,5,1,propriu,14,5,3,14,5
C:\00\Projects\LearningHub\content\tic\cls5\extra-siguranta-backup\lectia2-parole.html,6,1,propriu,13,3,4,13,6
C:\00\Projects\LearningHub\content\tic\cls5\extra-siguranta-backup\lectia2-parole.html,7,1,propriu,15,3,2,15,7
C:\00\Projects\LearningHub\content\tic\cls5\extra-siguranta-backup\lectia2-parole.html,8,1,propriu,17,6,5,17,8
C:\00\Projects\LearningHub\content\tic\cls5\extra-siguranta-backup\lectia2-parole.html,9,1,propriu,16,3,4,16,9
C:\00\Projects\LearningHub\content\tic\cls5\extra-siguranta-backup\lectia2-parole.html,10,1,propriu,13,,4,13,10
C:\00\Projects\LearningHub\content\tic\cls5\extra-siguranta-backup\lectia3-date-personale.html,1,1,propriu,12,4,,12,1
C:\00\Projects\LearningHub\content\tic\cls5\extra-siguranta-backup\lectia3-date-personale.html,2,1,propriu,15,8,4,15,2
C:\00\Projects\LearningHub\content\tic\cls5\extra-siguranta-backup\lectia3-date-personale.html,3,1,propriu,19,5,6,19,3
C:\00\Projects\LearningHub\content\tic\cls5\extra-siguranta-backup\lectia3-date-personale.html,4,1,propriu,19,3,1,19,4
C:\00\Projects\LearningHub\content\tic\cls5\extra-siguranta-backup\lectia3-date-personale.html,5,1,propriu,15,2,3,15,5
C:\00\Projects\LearningHub\content\tic\cls5\extra-siguranta-backup\lectia3-date-personale.html,6,1,propriu,15,5,3,15,6
C:\00\Projects\LearningHub\content\tic\cls5\extra-siguranta-backup\lectia3-date-personale.html,7,1,propriu,14,4,2,14,7
C:\00\Projects\LearningHub\content\tic\cls5\extra-siguranta-backup\lectia3-date-personale.html,8,1,propriu,15,5,2,15,8
C:\00\Projects\LearningHub\content\tic\cls5\extra-siguranta-backup\lectia3-date-personale.html,9,1,propriu,13,10,6,13,9
C:\00\Projects\LearningHub\content\tic\cls5\extra-siguranta-backup\lectia3-date-personale.html,10,1,propriu,16,,6,16,10
C:\00\Projects\LearningHub\content\tic\cls5\extra-siguranta-backup\lectia4-prezentari-intro.html,1,1,propriu,24,6,,24,1
C:\00\Projects\LearningHub\content\tic\cls5\extra-siguranta-backup\lectia4-prezentari-intro.html,2,1,propriu,17,10,3,17,2
C:\00\Projects\LearningHub\content\tic\cls5\extra-siguranta-backup\lectia4-prezentari-intro.html,3,1,propriu,13,4,6,13,3
C:\00\Projects\LearningHub\content\tic\cls5\extra-siguranta-backup\lectia4-prezentari-intro.html,4,1,propriu,15,6,2,15,4
C:\00\Projects\LearningHub\content\tic\cls5\extra-siguranta-backup\lectia4-prezentari-intro.html,5,1,propriu,22,9,5,22,5
C:\00\Projects\LearningHub\content\tic\cls5\extra-siguranta-backup\lectia4-prezentari-intro.html,6,1,propriu,17,6,5,17,6
C:\00\Projects\LearningHub\content\tic\cls5\extra-siguranta-backup\lectia4-prezentari-intro.html,7,1,propriu,24,2,5,24,7
C:\00\Projects\LearningHub\content\tic\cls5\extra-siguranta-backup\lectia4-prezentari-intro.html,8,1,propriu,21,7,3,21,8
C:\00\Projects\LearningHub\content\tic\cls5\extra-siguranta-backup\lectia4-prezentari-intro.html,9,1,propriu,22,6,7,22,9
C:\00\Projects\LearningHub\content\tic\cls5\extra-siguranta-backup\lectia4-prezentari-intro.html,10,1,propriu,27,,10,27,10
C:\00\Projects\LearningHub\content\tic\cls5\extra-siguranta-backup\lectia5-prezentari-design.html,1,1,propriu,15,5,,15,1
C:\00\Projects\LearningHub\content\tic\cls5\extra-siguranta-backup\lectia5-prezentari-design.html,2,1,propriu,17,8,4,17,2
C:\00\Projects\LearningHub\content\tic\cls5\extra-siguranta-backup\lectia5-prezentari-design.html,3,1,propriu,13,1,7,13,3
C:\00\Projects\LearningHub\content\tic\cls5\extra-siguranta-backup\lectia5-prezentari-design.html,4,1,propriu,12,10,4,12,4
C:\00\Projects\LearningHub\content\tic\cls5\extra-siguranta-backup\lectia5-prezentari-design.html,5,1,propriu,14,6,11,14,5
C:\00\Projects\LearningHub\content\tic\cls5\extra-siguranta-backup\lectia5-prezentari-design.html,6,1,propriu,18,6,6,18,6
C:\00\Projects\LearningHub\content\tic\cls5\extra-siguranta-backup\lectia5-prezentari-design.html,7,1,propriu,14,3,6,14,7
C:\00\Projects\LearningHub\content\tic\cls5\extra-siguranta-backup\lectia5-prezentari-design.html,8,1,propriu,19,4,2,19,8
C:\00\Projects\LearningHub\content\tic\cls5\extra-siguranta-backup\lectia5-prezentari-design.html,9,1,propriu,17,10,5,17,9
C:\00\Projects\LearningHub\content\tic\cls5\extra-siguranta-backup\lectia5-prezentari-design.html,10,1,propriu,14,,8,14,10
C:\00\Projects\LearningHub\content\tic\cls5\extra-siguranta-backup\lectia6-proiect.html,1,1,propriu,7,3,,7,1
C:\00\Projects\LearningHub\content\tic\cls5\extra-siguranta-backup\lectia6-proiect.html,2,1,propriu,15,3,6,15,2
C:\00\Projects\LearningHub\content\tic\cls5\extra-siguranta-backup\lectia6-proiect.html,3,1,propriu,14,1,0,14,3
C:\00\Projects\LearningHub\content\tic\cls5\extra-siguranta-backup\lectia6-proiect.html,4,1,propriu,11,2,3,11,4
C:\00\Projects\LearningHub\content\tic\cls5\extra-siguranta-backup\lectia6-proiect.html,5,1,propriu,13,3,3,13,5
C:\00\Projects\LearningHub\content\tic\cls5\extra-siguranta-backup\lectia6-proiect.html,6,1,propriu,9,4,4,9,6
C:\00\Projects\LearningHub\content\tic\cls5\extra-siguranta-backup\lectia6-proiect.html,7,1,propriu,8,5,5,8,7
C:\00\Projects\LearningHub\content\tic\cls5\extra-siguranta-backup\lectia6-proiect.html,8,1,propriu,12,10,8,12,8
C:\00\Projects\LearningHub\content\tic\cls5\extra-siguranta-backup\lectia6-proiect.html,9,1,propriu,6,4,3,6,9
C:\00\Projects\LearningHub\content\tic\cls5\extra-siguranta-backup\lectia6-proiect.html,10,1,propriu,10,,6,10,10
C:\00\Projects\LearningHub\content\tic\cls5\extra-siguranta-backup\lectia7-backup.html,1,1,propriu,11,6,,11,1
C:\00\Projects\LearningHub\content\tic\cls5\extra-siguranta-backup\lectia7-backup.html,2,1,propriu,19,10,5,19,2
C:\00\Projects\LearningHub\content\tic\cls5\extra-siguranta-backup\lectia7-backup.html,3,1,propriu,22,12,7,22,3
C:\00\Projects\LearningHub\content\tic\cls5\extra-siguranta-backup\lectia7-backup.html,4,1,propriu,17,8,7,17,4
C:\00\Projects\LearningHub\content\tic\cls5\extra-siguranta-backup\lectia7-backup.html,5,1,propriu,20,3,8,20,5
C:\00\Projects\LearningHub\content\tic\cls5\extra-siguranta-backup\lectia7-backup.html,6,1,propriu,20,,7,20,6
C:\00\Projects\LearningHub\content\tic\cls5\extra-siguranta-backup\lectia8-drepturi-autor.html,1,1,propriu,18,13,,18,1
C:\00\Projects\LearningHub\content\tic\cls5\extra-siguranta-backup\lectia8-drepturi-autor.html,2,1,propriu,17,8,9,17,2
C:\00\Projects\LearningHub\content\tic\cls5\extra-siguranta-backup\lectia8-drepturi-autor.html,3,1,propriu,17,7,8,17,3
C:\00\Projects\LearningHub\content\tic\cls5\extra-siguranta-backup\lectia8-drepturi-autor.html,4,1,propriu,22,8,14,22,4
C:\00\Projects\LearningHub\content\tic\cls5\extra-siguranta-backup\lectia8-drepturi-autor.html,5,1,propriu,23,11,6,23,5
C:\00\Projects\LearningHub\content\tic\cls5\extra-siguranta-backup\lectia8-drepturi-autor.html,6,1,propriu,19,,12,19,6
C:\00\Projects\LearningHub\content\tic\cls5\extra-word-cls7\lectia1-primul-document.html,1,1,propriu,20,5,,20,1
C:\00\Projects\LearningHub\content\tic\cls5\extra-word-cls7\lectia1-primul-document.html,2,1,propriu,21,2,4,21,2
C:\00\Projects\LearningHub\content\tic\cls5\extra-word-cls7\lectia1-primul-document.html,3,1,propriu,13,5,6,13,3
C:\00\Projects\LearningHub\content\tic\cls5\extra-word-cls7\lectia1-primul-document.html,4,1,propriu,14,1,6,14,4
C:\00\Projects\LearningHub\content\tic\cls5\extra-word-cls7\lectia1-primul-document.html,5,1,propriu,12,8,4,12,5
C:\00\Projects\LearningHub\content\tic\cls5\extra-word-cls7\lectia1-primul-document.html,6,1,propriu,10,3,2,10,6
C:\00\Projects\LearningHub\content\tic\cls5\extra-word-cls7\lectia1-primul-document.html,7,1,propriu,13,5,5,13,7
C:\00\Projects\LearningHub\content\tic\cls5\extra-word-cls7\lectia1-primul-document.html,8,1,propriu,9,1,2,9,8
C:\00\Projects\LearningHub\content\tic\cls5\extra-word-cls7\lectia1-primul-document.html,9,1,propriu,15,5,1,15,9
C:\00\Projects\LearningHub\content\tic\cls5\extra-word-cls7\lectia1-primul-document.html,10,1,propriu,16,,7,16,10
C:\00\Projects\LearningHub\content\tic\cls5\extra-word-cls7\lectia2-formatare-text.html,1,1,propriu,10,3,,10,1
C:\00\Projects\LearningHub\content\tic\cls5\extra-word-cls7\lectia2-formatare-text.html,2,1,propriu,7,3,3,7,2
C:\00\Projects\LearningHub\content\tic\cls5\extra-word-cls7\lectia2-formatare-text.html,3,1,propriu,13,2,3,13,3
C:\00\Projects\LearningHub\content\tic\cls5\extra-word-cls7\lectia2-formatare-text.html,4,1,propriu,11,8,3,11,4
C:\00\Projects\LearningHub\content\tic\cls5\extra-word-cls7\lectia2-formatare-text.html,5,1,propriu,16,3,4,16,5
C:\00\Projects\LearningHub\content\tic\cls5\extra-word-cls7\lectia2-formatare-text.html,6,1,propriu,14,3,5,14,6
C:\00\Projects\LearningHub\content\tic\cls5\extra-word-cls7\lectia2-formatare-text.html,7,1,propriu,13,3,3,13,7
C:\00\Projects\LearningHub\content\tic\cls5\extra-word-cls7\lectia2-formatare-text.html,8,1,propriu,13,4,5,13,8
C:\00\Projects\LearningHub\content\tic\cls5\extra-word-cls7\lectia2-formatare-text.html,9,1,propriu,14,9,5,14,9
C:\00\Projects\LearningHub\content\tic\cls5\extra-word-cls7\lectia2-formatare-text.html,10,1,propriu,15,10,4,15,10
C:\00\Projects\LearningHub\content\tic\cls5\extra-word-cls7\lectia2-formatare-text.html,11,1,propriu,13,6,4,13,11
C:\00\Projects\LearningHub\content\tic\cls5\extra-word-cls7\lectia2-formatare-text.html,12,1,propriu,25,,10,25,12
C:\00\Projects\LearningHub\content\tic\cls5\extra-word-cls7\lectia3-imagini-tabele.html,1,1,propriu,13,4,,13,1
C:\00\Projects\LearningHub\content\tic\cls5\extra-word-cls7\lectia3-imagini-tabele.html,2,1,propriu,13,2,1,13,2
C:\00\Projects\LearningHub\content\tic\cls5\extra-word-cls7\lectia3-imagini-tabele.html,3,1,propriu,17,4,6,17,3
C:\00\Projects\LearningHub\content\tic\cls5\extra-word-cls7\lectia3-imagini-tabele.html,4,1,propriu,13,6,4,13,4
C:\00\Projects\LearningHub\content\tic\cls5\extra-word-cls7\lectia3-imagini-tabele.html,5,1,propriu,13,6,5,13,5
C:\00\Projects\LearningHub\content\tic\cls5\extra-word-cls7\lectia3-imagini-tabele.html,6,1,propriu,16,6,8,16,6
C:\00\Projects\LearningHub\content\tic\cls5\extra-word-cls7\lectia3-imagini-tabele.html,7,1,propriu,20,4,5,20,7
C:\00\Projects\LearningHub\content\tic\cls5\extra-word-cls7\lectia3-imagini-tabele.html,8,1,propriu,18,5,3,18,8
C:\00\Projects\LearningHub\content\tic\cls5\extra-word-cls7\lectia3-imagini-tabele.html,9,1,propriu,14,9,2,14,9
C:\00\Projects\LearningHub\content\tic\cls5\extra-word-cls7\lectia3-imagini-tabele.html,10,1,propriu,17,,8,17,10
C:\00\Projects\LearningHub\content\tic\cls5\extra-word-cls7\lectia4-liste.html,1,1,propriu,13,7,,13,1
C:\00\Projects\LearningHub\content\tic\cls5\extra-word-cls7\lectia4-liste.html,2,1,propriu,15,10,12,15,2
C:\00\Projects\LearningHub\content\tic\cls5\extra-word-cls7\lectia4-liste.html,3,1,propriu,14,2,1,14,3
C:\00\Projects\LearningHub\content\tic\cls5\extra-word-cls7\lectia4-liste.html,4,1,propriu,17,3,4,17,4
C:\00\Projects\LearningHub\content\tic\cls5\extra-word-cls7\lectia4-liste.html,5,1,propriu,17,9,3,17,5
C:\00\Projects\LearningHub\content\tic\cls5\extra-word-cls7\lectia4-liste.html,6,1,propriu,13,2,2,13,6
C:\00\Projects\LearningHub\content\tic\cls5\extra-word-cls7\lectia4-liste.html,7,1,propriu,13,3,1,13,7
C:\00\Projects\LearningHub\content\tic\cls5\extra-word-cls7\lectia4-liste.html,8,1,propriu,17,6,8,17,8
C:\00\Projects\LearningHub\content\tic\cls5\extra-word-cls7\lectia4-liste.html,9,1,propriu,14,11,2,14,9
C:\00\Projects\LearningHub\content\tic\cls5\extra-word-cls7\lectia4-liste.html,10,1,propriu,13,,4,13,10
C:\00\Projects\LearningHub\content\tic\cls5\extra-word-cls7\lectia5-antet-subsol.html,1,1,propriu,11,7,,11,1
C:\00\Projects\LearningHub\content\tic\cls5\extra-word-cls7\lectia5-antet-subsol.html,2,1,propriu,14,8,6,14,2
C:\00\Projects\LearningHub\content\tic\cls5\extra-word-cls7\lectia5-antet-subsol.html,3,1,propriu,19,6,15,19,3
C:\00\Projects\LearningHub\content\tic\cls5\extra-word-cls7\lectia5-antet-subsol.html,4,1,propriu,15,6,9,15,4
C:\00\Projects\LearningHub\content\tic\cls5\extra-word-cls7\lectia5-antet-subsol.html,5,1,propriu,14,5,4,14,5
C:\00\Projects\LearningHub\content\tic\cls5\extra-word-cls7\lectia5-antet-subsol.html,6,1,propriu,15,6,4,15,6
C:\00\Projects\LearningHub\content\tic\cls5\extra-word-cls7\lectia5-antet-subsol.html,7,1,propriu,18,11,5,18,7
C:\00\Projects\LearningHub\content\tic\cls5\extra-word-cls7\lectia5-antet-subsol.html,8,1,propriu,14,2,6,14,8
C:\00\Projects\LearningHub\content\tic\cls5\extra-word-cls7\lectia5-antet-subsol.html,9,1,propriu,15,9,7,15,9
C:\00\Projects\LearningHub\content\tic\cls5\extra-word-cls7\lectia5-antet-subsol.html,10,1,propriu,18,,7,18,10
C:\00\Projects\LearningHub\content\tic\cls5\extra-word-cls7\lectia6-tehnoredactare.html,1,1,propriu,16,8,,16,1
C:\00\Projects\LearningHub\content\tic\cls5\extra-word-cls7\lectia6-tehnoredactare.html,2,1,propriu,16,4,7,16,2
C:\00\Projects\LearningHub\content\tic\cls5\extra-word-cls7\lectia6-tehnoredactare.html,3,1,propriu,19,5,7,19,3
C:\00\Projects\LearningHub\content\tic\cls5\extra-word-cls7\lectia6-tehnoredactare.html,4,1,propriu,22,7,7,22,4
C:\00\Projects\LearningHub\content\tic\cls5\extra-word-cls7\lectia6-tehnoredactare.html,5,1,propriu,13,3,9,13,5
C:\00\Projects\LearningHub\content\tic\cls5\extra-word-cls7\lectia6-tehnoredactare.html,6,1,propriu,28,6,12,28,6
C:\00\Projects\LearningHub\content\tic\cls5\extra-word-cls7\lectia6-tehnoredactare.html,7,1,propriu,24,4,6,24,7
C:\00\Projects\LearningHub\content\tic\cls5\extra-word-cls7\lectia6-tehnoredactare.html,8,1,propriu,26,,6,26,8
C:\00\Projects\LearningHub\content\tic\cls5\extra-word-cls7\lectia7-proiect.html,1,1,propriu,12,10,,12,1
C:\00\Projects\LearningHub\content\tic\cls5\extra-word-cls7\lectia7-proiect.html,2,1,propriu,13,10,8,13,2
C:\00\Projects\LearningHub\content\tic\cls5\extra-word-cls7\lectia7-proiect.html,3,1,propriu,14,2,9,14,3
C:\00\Projects\LearningHub\content\tic\cls5\extra-word-cls7\lectia7-proiect.html,4,1,propriu,17,2,1,17,4
C:\00\Projects\LearningHub\content\tic\cls5\extra-word-cls7\lectia7-proiect.html,5,1,propriu,15,3,4,15,5
C:\00\Projects\LearningHub\content\tic\cls5\extra-word-cls7\lectia7-proiect.html,6,1,propriu,18,1,2,18,6
C:\00\Projects\LearningHub\content\tic\cls5\extra-word-cls7\lectia7-proiect.html,7,1,propriu,13,3,1,13,7
C:\00\Projects\LearningHub\content\tic\cls5\extra-word-cls7\lectia7-proiect.html,8,1,propriu,14,8,5,14,8
C:\00\Projects\LearningHub\content\tic\cls5\extra-word-cls7\lectia7-proiect.html,9,1,propriu,18,9,7,18,9
C:\00\Projects\LearningHub\content\tic\cls5\extra-word-cls7\lectia7-proiect.html,10,1,propriu,20,,10,20,10
C:\00\Projects\LearningHub\content\tic\cls5\m1-sisteme\lectia1-calculator.html,1,1,propriu,9,8,,9,1
C:\00\Projects\LearningHub\content\tic\cls5\m1-sisteme\lectia1-calculator.html,1,2,decalat_inainte,3,5,,5,2
C:\00\Projects\LearningHub\content\tic\cls5\m1-sisteme\lectia1-calculator.html,2,1,propriu,9,5,3,9,2
C:\00\Projects\LearningHub\content\tic\cls5\m1-sisteme\lectia1-calculator.html,2,2,propriu,6,3,3,6,2
C:\00\Projects\LearningHub\content\tic\cls5\m1-sisteme\lectia1-calculator.html,3,1,propriu,9,1,1,9,3
C:\00\Projects\LearningHub\content\tic\cls5\m1-sisteme\lectia1-calculator.html,4,1,propriu,11,2,3,11,4
C:\00\Projects\LearningHub\content\tic\cls5\m1-sisteme\lectia1-calculator.html,5,1,propriu,8,2,2,8,5
C:\00\Projects\LearningHub\content\tic\cls5\m1-sisteme\lectia1-calculator.html,5,2,propriu,6,1,1,6,5
C:\00\Projects\LearningHub\content\tic\cls5\m1-sisteme\lectia1-calculator.html,6,1,propriu,7,,0,7,6
C:\00\Projects\LearningHub\content\tic\cls5\m1-sisteme\lectia1-calculator.html,6,2,propriu,8,,0,8,6
C:\00\Projects\LearningHub\content\tic\cls5\m1-sisteme\lectia2-hardware.html,1,1,propriu,9,1,,9,1
C:\00\Projects\LearningHub\content\tic\cls5\m1-sisteme\lectia2-hardware.html,1,2,altul,5,2,,9,5
C:\00\Projects\LearningHub\content\tic\cls5\m1-sisteme\lectia2-hardware.html,2,1,propriu,12,2,3,12,2
C:\00\Projects\LearningHub\content\tic\cls5\m1-sisteme\lectia2-hardware.html,3,1,propriu,10,2,1,10,3
C:\00\Projects\LearningHub\content\tic\cls5\m1-sisteme\lectia2-hardware.html,4,1,propriu,8,1,1,8,4
C:\00\Projects\LearningHub\content\tic\cls5\m1-sisteme\lectia2-hardware.html,4,2,propriu,13,3,1,13,4
C:\00\Projects\LearningHub\content\tic\cls5\m1-sisteme\lectia2-hardware.html,5,1,propriu,12,,3,12,5
C:\00\Projects\LearningHub\content\tic\cls5\m1-sisteme\lectia3-software.html,1,1,propriu,7,3,,7,1
C:\00\Projects\LearningHub\content\tic\cls5\m1-sisteme\lectia3-software.html,1,2,altul,2,5,,10,3
C:\00\Projects\LearningHub\content\tic\cls5\m1-sisteme\lectia3-software.html,2,1,propriu,9,9,4,9,2
C:\00\Projects\LearningHub\content\tic\cls5\m1-sisteme\lectia3-software.html,3,1,propriu,7,3,3,7,3
C:\00\Projects\LearningHub\content\tic\cls5\m1-sisteme\lectia3-software.html,4,1,propriu,8,6,1,8,4
C:\00\Projects\LearningHub\content\tic\cls5\m1-sisteme\lectia3-software.html,4,2,propriu,7,5,2,7,4
C:\00\Projects\LearningHub\content\tic\cls5\m1-sisteme\lectia3-software.html,5,1,propriu,15,,4,15,5
C:\00\Projects\LearningHub\content\tic\cls5\m1-sisteme\lectia3-software.html,5,2,propriu,9,,3,9,5
C:\00\Projects\LearningHub\content\tic\cls5\m1-sisteme\lectia4-ergonomie.html,1,1,propriu,7,3,,7,1
C:\00\Projects\LearningHub\content\tic\cls5\m1-sisteme\lectia4-ergonomie.html,1,2,altul,0,1,,7,5
C:\00\Projects\LearningHub\content\tic\cls5\m1-sisteme\lectia4-ergonomie.html,2,1,propriu,8,5,0,8,2
C:\00\Projects\LearningHub\content\tic\cls5\m1-sisteme\lectia4-ergonomie.html,3,1,propriu,6,0,1,6,3
C:\00\Projects\LearningHub\content\tic\cls5\m1-sisteme\lectia4-ergonomie.html,4,1,altul,3,4,1,7,2
C:\00\Projects\LearningHub\content\tic\cls5\m1-sisteme\lectia4-ergonomie.html,5,1,decalat_inapoi,5,,8,8,4
C:\00\Projects\LearningHub\content\tic\cls5\m1-sisteme\lectia5-reguli.html,1,1,propriu,13,3,,13,1
C:\00\Projects\LearningHub\content\tic\cls5\m1-sisteme\lectia5-reguli.html,1,2,altul,2,5,,7,6
C:\00\Projects\LearningHub\content\tic\cls5\m1-sisteme\lectia5-reguli.html,2,1,propriu,16,2,1,16,2
C:\00\Projects\LearningHub\content\tic\cls5\m1-sisteme\lectia5-reguli.html,3,1,propriu,8,2,3,8,3
C:\00\Projects\LearningHub\content\tic\cls5\m1-sisteme\lectia5-reguli.html,3,2,propriu,12,2,2,12,3
C:\00\Projects\LearningHub\content\tic\cls5\m1-sisteme\lectia5-reguli.html,4,1,propriu,12,3,3,12,4
C:\00\Projects\LearningHub\content\tic\cls5\m1-sisteme\lectia5-reguli.html,4,2,propriu,18,3,7,18,4
C:\00\Projects\LearningHub\content\tic\cls5\m1-sisteme\lectia5-reguli.html,5,1,propriu,10,1,1,10,5
C:\00\Projects\LearningHub\content\tic\cls5\m1-sisteme\lectia5-reguli.html,6,1,propriu,13,7,4,13,6
C:\00\Projects\LearningHub\content\tic\cls5\m1-sisteme\lectia5-reguli.html,7,1,propriu,15,,3,15,7
C:\00\Projects\LearningHub\content\tic\cls5\m1-sisteme\lectia6-proiect.html,1,1,decalat_inainte,3,5,,5,2
C:\00\Projects\LearningHub\content\tic\cls5\m1-sisteme\lectia6-proiect.html,1,2,altul,3,0,,7,4
C:\00\Projects\LearningHub\content\tic\cls5\m1-sisteme\lectia6-proiect.html,2,1,propriu,5,5,4,5,2
C:\00\Projects\LearningHub\content\tic\cls5\m1-sisteme\lectia6-proiect.html,2,2,decalat_inapoi,10,9,11,11,1
C:\00\Projects\LearningHub\content\tic\cls5\m1-sisteme\lectia6-proiect.html,3,1,propriu,13,2,4,13,3
C:\00\Projects\LearningHub\content\tic\cls5\m1-sisteme\lectia6-proiect.html,4,1,propriu,6,,2,6,4
C:\00\Projects\LearningHub\content\tic\cls5\m2-grafice-internet\lectia1-paint-interfata.html,1,1,decalat_inainte,6,9,,9,2
C:\00\Projects\LearningHub\content\tic\cls5\m2-grafice-internet\lectia1-paint-interfata.html,1,2,altul,5,3,,15,4
C:\00\Projects\LearningHub\content\tic\cls5\m2-grafice-internet\lectia1-paint-interfata.html,2,1,altul,0,2,3,5,6
C:\00\Projects\LearningHub\content\tic\cls5\m2-grafice-internet\lectia1-paint-interfata.html,2,2,altul,0,8,5,12,5
C:\00\Projects\LearningHub\content\tic\cls5\m2-grafice-internet\lectia1-paint-interfata.html,3,1,propriu,13,6,3,13,3
C:\00\Projects\LearningHub\content\tic\cls5\m2-grafice-internet\lectia1-paint-interfata.html,4,1,propriu,13,2,5,13,4
C:\00\Projects\LearningHub\content\tic\cls5\m2-grafice-internet\lectia1-paint-interfata.html,5,1,propriu,11,5,4,11,5
C:\00\Projects\LearningHub\content\tic\cls5\m2-grafice-internet\lectia1-paint-interfata.html,6,1,propriu,11,,3,11,6
C:\00\Projects\LearningHub\content\tic\cls5\m2-grafice-internet\lectia1-paint-interfata.html,6,2,propriu,20,,4,20,6
C:\00\Projects\LearningHub\content\tic\cls5\m2-grafice-internet\lectia2-desenare.html,1,1,propriu,17,4,,17,1
C:\00\Projects\LearningHub\content\tic\cls5\m2-grafice-internet\lectia2-desenare.html,2,1,propriu,10,4,4,10,2
C:\00\Projects\LearningHub\content\tic\cls5\m2-grafice-internet\lectia2-desenare.html,3,1,propriu,16,5,4,16,3
C:\00\Projects\LearningHub\content\tic\cls5\m2-grafice-internet\lectia2-desenare.html,4,1,propriu,18,7,5,18,4
C:\00\Projects\LearningHub\content\tic\cls5\m2-grafice-internet\lectia2-desenare.html,5,1,propriu,18,7,4,18,5
C:\00\Projects\LearningHub\content\tic\cls5\m2-grafice-internet\lectia2-desenare.html,6,1,propriu,14,,3,14,6
C:\00\Projects\LearningHub\content\tic\cls5\m2-grafice-internet\lectia3-culori-selectie.html,1,1,propriu,17,11,,17,1
C:\00\Projects\LearningHub\content\tic\cls5\m2-grafice-internet\lectia3-culori-selectie.html,2,1,propriu,10,2,7,10,2
C:\00\Projects\LearningHub\content\tic\cls5\m2-grafice-internet\lectia3-culori-selectie.html,3,1,propriu,14,3,2,14,3
C:\00\Projects\LearningHub\content\tic\cls5\m2-grafice-internet\lectia3-culori-selectie.html,4,1,propriu,20,10,6,20,4
C:\00\Projects\LearningHub\content\tic\cls5\m2-grafice-internet\lectia3-culori-selectie.html,5,1,propriu,18,5,1,18,5
C:\00\Projects\LearningHub\content\tic\cls5\m2-grafice-internet\lectia3-culori-selectie.html,6,1,altul,3,10,5,13,8
C:\00\Projects\LearningHub\content\tic\cls5\m2-grafice-internet\lectia3-culori-selectie.html,7,1,propriu,12,5,3,12,7
C:\00\Projects\LearningHub\content\tic\cls5\m2-grafice-internet\lectia3-culori-selectie.html,8,1,propriu,11,4,9,11,8
C:\00\Projects\LearningHub\content\tic\cls5\m2-grafice-internet\lectia3-culori-selectie.html,9,1,propriu,15,,9,15,9
C:\00\Projects\LearningHub\content\tic\cls5\m2-grafice-internet\lectia4-internet-browser.html,1,1,propriu,11,1,,11,1
C:\00\Projects\LearningHub\content\tic\cls5\m2-grafice-internet\lectia4-internet-browser.html,2,1,propriu,9,7,7,9,2
C:\00\Projects\LearningHub\content\tic\cls5\m2-grafice-internet\lectia4-internet-browser.html,3,1,propriu,8,0,3,8,3
C:\00\Projects\LearningHub\content\tic\cls5\m2-grafice-internet\lectia4-internet-browser.html,4,1,propriu,6,0,3,6,4
C:\00\Projects\LearningHub\content\tic\cls5\m2-grafice-internet\lectia4-internet-browser.html,5,1,propriu,13,4,3,13,5
C:\00\Projects\LearningHub\content\tic\cls5\m2-grafice-internet\lectia4-internet-browser.html,6,1,propriu,6,4,4,6,6
C:\00\Projects\LearningHub\content\tic\cls5\m2-grafice-internet\lectia4-internet-browser.html,7,1,propriu,15,,2,15,7
C:\00\Projects\LearningHub\content\tic\cls5\m2-grafice-internet\lectia5-siguranta-online.html,1,1,propriu,15,6,,15,1
C:\00\Projects\LearningHub\content\tic\cls5\m2-grafice-internet\lectia5-siguranta-online.html,2,1,propriu,12,1,1,12,2
C:\00\Projects\LearningHub\content\tic\cls5\m2-grafice-internet\lectia5-siguranta-online.html,3,1,propriu,24,7,2,24,3
C:\00\Projects\LearningHub\content\tic\cls5\m2-grafice-internet\lectia5-siguranta-online.html,4,1,propriu,17,5,5,17,4
C:\00\Projects\LearningHub\content\tic\cls5\m2-grafice-internet\lectia5-siguranta-online.html,5,1,decalat_inainte,6,17,10,17,6
C:\00\Projects\LearningHub\content\tic\cls5\m2-grafice-internet\lectia5-siguranta-online.html,6,1,decalat_inainte,7,17,8,17,7
C:\00\Projects\LearningHub\content\tic\cls5\m2-grafice-internet\lectia5-siguranta-online.html,7,1,propriu,16,2,4,16,7
C:\00\Projects\LearningHub\content\tic\cls5\m2-grafice-internet\lectia5-siguranta-online.html,8,1,propriu,23,,4,23,8
C:\00\Projects\LearningHub\content\tic\cls5\m2-grafice-internet\lectia6-proiect.html,1,1,propriu,11,5,,11,1
C:\00\Projects\LearningHub\content\tic\cls5\m2-grafice-internet\lectia6-proiect.html,1,2,altul,1,7,,8,3
C:\00\Projects\LearningHub\content\tic\cls5\m2-grafice-internet\lectia6-proiect.html,2,1,propriu,7,3,4,7,2
C:\00\Projects\LearningHub\content\tic\cls5\m2-grafice-internet\lectia6-proiect.html,2,2,decalat_inapoi,4,1,7,7,1
C:\00\Projects\LearningHub\content\tic\cls5\m2-grafice-internet\lectia6-proiect.html,3,1,decalat_inapoi,2,5,12,12,2
C:\00\Projects\LearningHub\content\tic\cls5\m2-grafice-internet\lectia6-proiect.html,4,1,altul,4,3,7,10,2
C:\00\Projects\LearningHub\content\tic\cls5\m2-grafice-internet\lectia6-proiect.html,5,1,propriu,8,,5,8,5
C:\00\Projects\LearningHub\content\tic\cls5\m2-grafice-internet\lectia6-proiect.html,5,2,propriu,8,,5,8,5
C:\00\Projects\LearningHub\content\tic\cls5\m2-grafice-internet\lectia7-evaluare.html,1,1,propriu,7,5,,7,1
C:\00\Projects\LearningHub\content\tic\cls5\m2-grafice-internet\lectia7-evaluare.html,1,2,altul,2,0,,10,4
C:\00\Projects\LearningHub\content\tic\cls5\m2-grafice-internet\lectia7-evaluare.html,2,1,propriu,6,3,6,6,2
C:\00\Projects\LearningHub\content\tic\cls5\m2-grafice-internet\lectia7-evaluare.html,2,2,altul,0,1,1,3,4
C:\00\Projects\LearningHub\content\tic\cls5\m2-grafice-internet\lectia7-evaluare.html,3,1,propriu,2,1,2,2,3
C:\00\Projects\LearningHub\content\tic\cls5\m2-grafice-internet\lectia7-evaluare.html,4,1,decalat_inapoi,0,,9,9,3
C:\00\Projects\LearningHub\content\tic\cls5\m3-algoritmi\lectia1-ce-este-algoritm.html,1,1,propriu,10,4,,10,1
C:\00\Projects\LearningHub\content\tic\cls5\m3-algoritmi\lectia1-ce-este-algoritm.html,1,2,altul,7,2,,12,4
C:\00\Projects\LearningHub\content\tic\cls5\m3-algoritmi\lectia1-ce-este-algoritm.html,2,1,decalat_inapoi,10,4,15,15,1
C:\00\Projects\LearningHub\content\tic\cls5\m3-algoritmi\lectia1-ce-este-algoritm.html,2,2,altul,4,2,6,9,4
C:\00\Projects\LearningHub\content\tic\cls5\m3-algoritmi\lectia1-ce-este-algoritm.html,3,1,decalat_inapoi,1,6,10,10,2
C:\00\Projects\LearningHub\content\tic\cls5\m3-algoritmi\lectia1-ce-este-algoritm.html,4,1,propriu,5,2,2,5,4
C:\00\Projects\LearningHub\content\tic\cls5\m3-algoritmi\lectia1-ce-este-algoritm.html,5,1,propriu,11,,3,11,5
C:\00\Projects\LearningHub\content\tic\cls5\m3-algoritmi\lectia1-ce-este-algoritm.html,5,2,propriu,12,,2,12,5
C:\00\Projects\LearningHub\content\tic\cls5\m3-algoritmi\lectia2-pasi-algoritm.html,1,1,propriu,9,5,,9,1
C:\00\Projects\LearningHub\content\tic\cls5\m3-algoritmi\lectia2-pasi-algoritm.html,1,2,altul,3,3,,6,3
C:\00\Projects\LearningHub\content\tic\cls5\m3-algoritmi\lectia2-pasi-algoritm.html,2,1,decalat_inainte,3,7,2,7,3
C:\00\Projects\LearningHub\content\tic\cls5\m3-algoritmi\lectia2-pasi-algoritm.html,2,2,altul,0,2,0,11,4
C:\00\Projects\LearningHub\content\tic\cls5\m3-algoritmi\lectia2-pasi-algoritm.html,3,1,decalat_inapoi,4,1,14,14,2
C:\00\Projects\LearningHub\content\tic\cls5\m3-algoritmi\lectia2-pasi-algoritm.html,4,1,decalat_inapoi,0,,5,5,3
C:\00\Projects\LearningHub\content\tic\cls5\m3-algoritmi\lectia3-reprezentare-naturala.html,1,1,propriu,9,2,,9,1
C:\00\Projects\LearningHub\content\tic\cls5\m3-algoritmi\lectia3-reprezentare-naturala.html,1,2,altul,1,6,,12,3
C:\00\Projects\LearningHub\content\tic\cls5\m3-algoritmi\lectia3-reprezentare-naturala.html,2,1,propriu,10,7,2,10,2
C:\00\Projects\LearningHub\content\tic\cls5\m3-algoritmi\lectia3-reprezentare-naturala.html,3,1,propriu,12,2,7,12,3
C:\00\Projects\LearningHub\content\tic\cls5\m3-algoritmi\lectia3-reprezentare-naturala.html,4,1,decalat_inapoi,2,0,6,6,3
C:\00\Projects\LearningHub\content\tic\cls5\m3-algoritmi\lectia3-reprezentare-naturala.html,5,1,altul,8,,6,9,3
C:\00\Projects\LearningHub\content\tic\cls5\m3-algoritmi\lectia4-schema-logica.html,1,1,altul,5,10,,11,5
C:\00\Projects\LearningHub\content\tic\cls5\m3-algoritmi\lectia4-schema-logica.html,1,2,altul,10,10,,13,5
C:\00\Projects\LearningHub\content\tic\cls5\m3-algoritmi\lectia4-schema-logica.html,2,1,propriu,9,3,1,9,2
C:\00\Projects\LearningHub\content\tic\cls5\m3-algoritmi\lectia4-schema-logica.html,3,1,altul,2,7,5,10,5
C:\00\Projects\LearningHub\content\tic\cls5\m3-algoritmi\lectia4-schema-logica.html,4,1,decalat_inainte,2,11,3,11,5
C:\00\Projects\LearningHub\content\tic\cls5\m3-algoritmi\lectia4-schema-logica.html,5,1,decalat_inapoi,14,,15,15,4
C:\00\Projects\LearningHub\content\tic\cls5\m3-algoritmi\lectia5-variabile-constante.html,1,1,propriu,7,4,,7,1
C:\00\Projects\LearningHub\content\tic\cls5\m3-algoritmi\lectia5-variabile-constante.html,1,2,altul,3,2,,4,5
C:\00\Projects\LearningHub\content\tic\cls5\m3-algoritmi\lectia5-variabile-constante.html,2,1,decalat_inapoi,2,4,9,9,1
C:\00\Projects\LearningHub\content\tic\cls5\m3-algoritmi\lectia5-variabile-constante.html,3,1,decalat_inapoi,1,3,8,8,2
C:\00\Projects\LearningHub\content\tic\cls5\m3-algoritmi\lectia5-variabile-constante.html,4,1,decalat_inapoi,0,1,6,6,3
C:\00\Projects\LearningHub\content\tic\cls5\m3-algoritmi\lectia5-variabile-constante.html,5,1,decalat_inapoi,2,,11,11,4
C:\00\Projects\LearningHub\content\tic\cls5\m3-algoritmi\lectia6-evaluare.html,1,1,propriu,10,2,,10,1
C:\00\Projects\LearningHub\content\tic\cls5\m3-algoritmi\lectia6-evaluare.html,1,2,altul,2,2,,13,3
C:\00\Projects\LearningHub\content\tic\cls5\m3-algoritmi\lectia6-evaluare.html,2,1,decalat_inapoi,5,9,13,13,1
C:\00\Projects\LearningHub\content\tic\cls5\m3-algoritmi\lectia6-evaluare.html,2,2,altul,2,4,2,12,4
C:\00\Projects\LearningHub\content\tic\cls5\m3-algoritmi\lectia6-evaluare.html,3,1,altul,2,2,4,8,1
C:\00\Projects\LearningHub\content\tic\cls5\m3-algoritmi\lectia6-evaluare.html,4,1,decalat_inapoi,8,,12,12,3
C:\00\Projects\LearningHub\content\tic\cls5\m4-scratch\lectia1-secvential.html,1,1,propriu,9,4,,9,1
C:\00\Projects\LearningHub\content\tic\cls5\m4-scratch\lectia1-secvential.html,2,1,propriu,12,7,4,12,2
C:\00\Projects\LearningHub\content\tic\cls5\m4-scratch\lectia1-secvential.html,3,1,propriu,10,1,5,10,3
C:\00\Projects\LearningHub\content\tic\cls5\m4-scratch\lectia1-secvential.html,4,1,propriu,9,3,4,9,4
C:\00\Projects\LearningHub\content\tic\cls5\m4-scratch\lectia1-secvential.html,5,1,decalat_inapoi,7,0,11,11,4
C:\00\Projects\LearningHub\content\tic\cls5\m4-scratch\lectia1-secvential.html,6,1,decalat_inapoi,1,,17,17,5
C:\00\Projects\LearningHub\content\tic\cls5\m4-scratch\lectia2-animatii.html,1,1,propriu,13,4,,13,1
C:\00\Projects\LearningHub\content\tic\cls5\m4-scratch\lectia2-animatii.html,2,1,propriu,11,2,3,11,2
C:\00\Projects\LearningHub\content\tic\cls5\m4-scratch\lectia2-animatii.html,3,1,propriu,16,3,4,16,3
C:\00\Projects\LearningHub\content\tic\cls5\m4-scratch\lectia2-animatii.html,4,1,propriu,11,0,2,11,4
C:\00\Projects\LearningHub\content\tic\cls5\m4-scratch\lectia2-animatii.html,5,1,altul,7,3,7,11,2
C:\00\Projects\LearningHub\content\tic\cls5\m4-scratch\lectia2-animatii.html,6,1,propriu,10,2,2,10,6
C:\00\Projects\LearningHub\content\tic\cls5\m4-scratch\lectia2-animatii.html,7,1,propriu,8,5,3,8,7
C:\00\Projects\LearningHub\content\tic\cls5\m4-scratch\lectia2-animatii.html,8,1,propriu,10,,3,10,8
C:\00\Projects\LearningHub\content\tic\cls5\m4-scratch\lectia3-alternativ.html,1,1,propriu,11,2,,11,1
C:\00\Projects\LearningHub\content\tic\cls5\m4-scratch\lectia3-alternativ.html,1,2,decalat_inainte,4,10,,10,2
C:\00\Projects\LearningHub\content\tic\cls5\m4-scratch\lectia3-alternativ.html,2,1,propriu,10,7,2,10,2
C:\00\Projects\LearningHub\content\tic\cls5\m4-scratch\lectia3-alternativ.html,2,2,altul,1,2,0,4,4
C:\00\Projects\LearningHub\content\tic\cls5\m4-scratch\lectia3-alternativ.html,3,1,propriu,8,2,4,8,3
C:\00\Projects\LearningHub\content\tic\cls5\m4-scratch\lectia3-alternativ.html,4,1,propriu,7,,1,7,4
C:\00\Projects\LearningHub\content\tic\cls5\m4-scratch\lectia4-decizii-scratch.html,1,1,propriu,7,1,,7,1
C:\00\Projects\LearningHub\content\tic\cls5\m4-scratch\lectia4-decizii-scratch.html,1,2,propriu,6,5,,6,1
C:\00\Projects\LearningHub\content\tic\cls5\m4-scratch\lectia4-decizii-scratch.html,1,3,propriu,8,5,,8,1
C:\00\Projects\LearningHub\content\tic\cls5\m4-scratch\lectia4-decizii-scratch.html,2,1,propriu,10,,3,10,2
C:\00\Projects\LearningHub\content\tic\cls5\m4-scratch\lectia4-decizii-scratch.html,2,2,propriu,10,,3,10,2
C:\00\Projects\LearningHub\content\tic\cls5\m4-scratch\lectia4-decizii-scratch.html,2,3,propriu,7,,4,7,2
C:\00\Projects\LearningHub\content\tic\cls5\m4-scratch\lectia5-proiect.html,1,1,propriu,10,7,,10,1
C:\00\Projects\LearningHub\content\tic\cls5\m4-scratch\lectia5-proiect.html,1,2,altul,4,3,,7,3
C:\00\Projects\LearningHub\content\tic\cls5\m4-scratch\lectia5-proiect.html,2,1,propriu,13,4,2,13,2
C:\00\Projects\LearningHub\content\tic\cls5\m4-scratch\lectia5-proiect.html,2,2,altul,8,10,6,16,4
C:\00\Projects\LearningHub\content\tic\cls5\m4-scratch\lectia5-proiect.html,3,1,decalat_inapoi,11,9,13,13,2
C:\00\Projects\LearningHub\content\tic\cls5\m4-scratch\lectia5-proiect.html,4,1,altul,5,,9,14,2
C:\00\Projects\LearningHub\content\tic\cls5\m4-scratch\lectia6-evaluare.html,1,1,decalat_inainte,1,2,,2,2
C:\00\Projects\LearningHub\content\tic\cls5\m4-scratch\lectia6-evaluare.html,2,1,propriu,6,3,2,6,2
C:\00\Projects\LearningHub\content\tic\cls5\m4-scratch\lectia6-evaluare.html,3,1,propriu,8,2,1,8,3
C:\00\Projects\LearningHub\content\tic\cls5\m4-scratch\lectia6-evaluare.html,4,1,propriu,13,2,3,13,4
C:\00\Projects\LearningHub\content\tic\cls5\m4-scratch\lectia6-evaluare.html,5,1,propriu,7,3,1,7,5
C:\00\Projects\LearningHub\content\tic\cls5\m4-scratch\lectia6-evaluare.html,6,1,propriu,8,2,0,8,6
C:\00\Projects\LearningHub\content\tic\cls5\m4-scratch\lectia6-evaluare.html,7,1,decalat_inainte,7,13,6,13,8
C:\00\Projects\LearningHub\content\tic\cls5\m4-scratch\lectia6-evaluare.html,8,1,altul,9,,6,10,6
C:\00\Projects\LearningHub\content\tic\cls5\m5-proiect\lectia1-recapitulare.html,1,1,propriu,3,1,,3,1
C:\00\Projects\LearningHub\content\tic\cls5\m5-proiect\lectia1-recapitulare.html,1,2,altul,0,1,,5,3
C:\00\Projects\LearningHub\content\tic\cls5\m5-proiect\lectia1-recapitulare.html,2,1,decalat_inapoi,1,0,6,6,1
C:\00\Projects\LearningHub\content\tic\cls5\m5-proiect\lectia1-recapitulare.html,2,2,decalat_inainte,1,6,0,6,3
C:\00\Projects\LearningHub\content\tic\cls5\m5-proiect\lectia1-recapitulare.html,3,1,decalat_inapoi,0,0,11,11,2
C:\00\Projects\LearningHub\content\tic\cls5\m5-proiect\lectia1-recapitulare.html,3,2,decalat_inainte,1,5,3,5,4
C:\00\Projects\LearningHub\content\tic\cls5\m5-proiect\lectia1-recapitulare.html,4,1,altul,1,,3,10,2
C:\00\Projects\LearningHub\content\tic\cls5\m5-proiect\lectia1-recapitulare.html,4,2,propriu,12,,2,12,4
C:\00\Projects\LearningHub\content\tic\cls5\m5-proiect\lectia2-portofoliu-intro.html,1,1,propriu,12,3,,12,1
C:\00\Projects\LearningHub\content\tic\cls5\m5-proiect\lectia2-portofoliu-intro.html,1,2,altul,5,3,,8,4
C:\00\Projects\LearningHub\content\tic\cls5\m5-proiect\lectia2-portofoliu-intro.html,2,1,propriu,5,5,2,5,2
C:\00\Projects\LearningHub\content\tic\cls5\m5-proiect\lectia2-portofoliu-intro.html,2,2,decalat_inainte,2,7,3,7,3
C:\00\Projects\LearningHub\content\tic\cls5\m5-proiect\lectia2-portofoliu-intro.html,3,1,propriu,14,3,2,14,3
C:\00\Projects\LearningHub\content\tic\cls5\m5-proiect\lectia2-portofoliu-intro.html,3,2,propriu,14,3,3,14,3
C:\00\Projects\LearningHub\content\tic\cls5\m5-proiect\lectia2-portofoliu-intro.html,4,1,propriu,5,,1,5,4
C:\00\Projects\LearningHub\content\tic\cls5\m5-proiect\lectia3-colectare.html,1,1,propriu,10,2,,10,1
C:\00\Projects\LearningHub\content\tic\cls5\m5-proiect\lectia3-colectare.html,1,2,altul,2,0,,8,4
C:\00\Projects\LearningHub\content\tic\cls5\m5-proiect\lectia3-colectare.html,2,1,propriu,8,2,1,8,2
C:\00\Projects\LearningHub\content\tic\cls5\m5-proiect\lectia3-colectare.html,2,2,decalat_inapoi,2,4,9,9,1
C:\00\Projects\LearningHub\content\tic\cls5\m5-proiect\lectia3-colectare.html,3,1,decalat_inapoi,0,0,5,5,2
C:\00\Projects\LearningHub\content\tic\cls5\m5-proiect\lectia3-colectare.html,4,1,decalat_inapoi,8,,10,10,3
C:\00\Projects\LearningHub\content\tic\cls5\m5-proiect\lectia4-organizare.html,1,1,propriu,11,3,,11,1
C:\00\Projects\LearningHub\content\tic\cls5\m5-proiect\lectia4-organizare.html,1,2,propriu,6,2,,6,1
C:\00\Projects\LearningHub\content\tic\cls5\m5-proiect\lectia4-organizare.html,2,1,decalat_inainte,7,13,8,13,3
C:\00\Projects\LearningHub\content\tic\cls5\m5-proiect\lectia4-organizare.html,2,2,altul,3,2,3,8,4
C:\00\Projects\LearningHub\content\tic\cls5\m5-proiect\lectia4-organizare.html,3,1,decalat_inapoi,2,2,9,9,2
C:\00\Projects\LearningHub\content\tic\cls5\m5-proiect\lectia4-organizare.html,3,2,propriu,8,6,3,8,3
C:\00\Projects\LearningHub\content\tic\cls5\m5-proiect\lectia4-organizare.html,4,1,decalat_inainte,3,5,2,5,5
C:\00\Projects\LearningHub\content\tic\cls5\m5-proiect\lectia4-organizare.html,4,2,propriu,8,2,4,8,4
C:\00\Projects\LearningHub\content\tic\cls5\m5-proiect\lectia4-organizare.html,5,1,altul,9,,8,12,2
C:\00\Projects\LearningHub\content\tic\cls5\m5-proiect\lectia4-organizare.html,5,2,decalat_inapoi,7,,11,11,4
C:\00\Projects\LearningHub\content\tic\cls5\m5-proiect\lectia5-prezentare.html,1,1,propriu,10,4,,10,1
C:\00\Projects\LearningHub\content\tic\cls5\m5-proiect\lectia5-prezentare.html,2,1,decalat_inainte,5,9,3,9,3
C:\00\Projects\LearningHub\content\tic\cls5\m5-proiect\lectia5-prezentare.html,3,1,decalat_inainte,7,10,5,10,4
C:\00\Projects\LearningHub\content\tic\cls5\m5-proiect\lectia5-prezentare.html,4,1,altul,1,1,4,12,6
C:\00\Projects\LearningHub\content\tic\cls5\m5-proiect\lectia5-prezentare.html,5,1,decalat_inainte,0,7,1,7,6
C:\00\Projects\LearningHub\content\tic\cls5\m5-proiect\lectia5-prezentare.html,6,1,decalat_inapoi,6,6,15,15,5
C:\00\Projects\LearningHub\content\tic\cls5\m5-proiect\lectia5-prezentare.html,7,1,altul,3,6,4,12,1
C:\00\Projects\LearningHub\content\tic\cls5\m5-proiect\lectia5-prezentare.html,8,1,propriu,11,,5,11,8
C:\00\Projects\LearningHub\content\tic\cls5\m5-proiect\lectia6-evaluare.html,1,1,propriu,12,2,,12,1
C:\00\Projects\LearningHub\content\tic\cls5\m5-proiect\lectia6-evaluare.html,1,2,propriu,10,2,,10,1
C:\00\Projects\LearningHub\content\tic\cls5\m5-proiect\lectia6-evaluare.html,2,1,propriu,12,1,0,12,2
C:\00\Projects\LearningHub\content\tic\cls5\m5-proiect\lectia6-evaluare.html,2,2,propriu,12,2,2,12,2
C:\00\Projects\LearningHub\content\tic\cls5\m5-proiect\lectia6-evaluare.html,3,1,propriu,11,,0,11,3
C:\00\Projects\LearningHub\content\tic\cls5\m5-proiect\lectia6-evaluare.html,3,2,propriu,11,,1,11,3
C:\00\Projects\LearningHub\content\tic\cls6\m1-prezentari\lectia1-powerpoint-intro.html,1,1,propriu,5,5,,5,1
C:\00\Projects\LearningHub\content\tic\cls6\m1-prezentari\lectia1-powerpoint-intro.html,1,2,altul,2,10,,14,3
C:\00\Projects\LearningHub\content\tic\cls6\m1-prezentari\lectia1-powerpoint-intro.html,2,1,decalat_inainte,7,8,2,8,3
C:\00\Projects\LearningHub\content\tic\cls6\m1-prezentari\lectia1-powerpoint-intro.html,2,2,altul,4,5,1,9,4
C:\00\Projects\LearningHub\content\tic\cls6\m1-prezentari\lectia1-powerpoint-intro.html,3,1,decalat_inapoi,6,4,10,10,2
C:\00\Projects\LearningHub\content\tic\cls6\m1-prezentari\lectia1-powerpoint-intro.html,3,2,decalat_inapoi,6,2,12,12,2
C:\00\Projects\LearningHub\content\tic\cls6\m1-prezentari\lectia1-powerpoint-intro.html,4,1,decalat_inapoi,2,3,7,7,3
C:\00\Projects\LearningHub\content\tic\cls6\m1-prezentari\lectia1-powerpoint-intro.html,4,2,decalat_inainte,5,8,3,8,5
C:\00\Projects\LearningHub\content\tic\cls6\m1-prezentari\lectia1-powerpoint-intro.html,5,1,propriu,7,,0,7,5
C:\00\Projects\LearningHub\content\tic\cls6\m1-prezentari\lectia1-powerpoint-intro.html,5,2,altul,0,,1,11,2
C:\00\Projects\LearningHub\content\tic\cls6\m1-prezentari\lectia2-slide-uri.html,1,1,propriu,6,1,,6,1
C:\00\Projects\LearningHub\content\tic\cls6\m1-prezentari\lectia2-slide-uri.html,1,2,altul,4,6,,8,5
C:\00\Projects\LearningHub\content\tic\cls6\m1-prezentari\lectia2-slide-uri.html,2,1,altul,0,1,1,7,7
C:\00\Projects\LearningHub\content\tic\cls6\m1-prezentari\lectia2-slide-uri.html,2,2,altul,3,2,2,9,6
C:\00\Projects\LearningHub\content\tic\cls6\m1-prezentari\lectia2-slide-uri.html,3,1,decalat_inapoi,3,4,9,9,2
C:\00\Projects\LearningHub\content\tic\cls6\m1-prezentari\lectia2-slide-uri.html,3,2,altul,5,4,4,7,7
C:\00\Projects\LearningHub\content\tic\cls6\m1-prezentari\lectia2-slide-uri.html,4,1,decalat_inapoi,6,2,8,8,3
C:\00\Projects\LearningHub\content\tic\cls6\m1-prezentari\lectia2-slide-uri.html,5,1,altul,1,1,3,5,2
C:\00\Projects\LearningHub\content\tic\cls6\m1-prezentari\lectia2-slide-uri.html,6,1,altul,1,3,2,7,1
C:\00\Projects\LearningHub\content\tic\cls6\m1-prezentari\lectia2-slide-uri.html,7,1,altul,6,,2,12,4
C:\00\Projects\LearningHub\content\tic\cls6\m1-prezentari\lectia3-text-imagini.html,1,1,propriu,6,2,,6,1
C:\00\Projects\LearningHub\content\tic\cls6\m1-prezentari\lectia3-text-imagini.html,1,2,altul,1,1,,8,7
C:\00\Projects\LearningHub\content\tic\cls6\m1-prezentari\lectia3-text-imagini.html,2,1,altul,2,2,0,10,9
C:\00\Projects\LearningHub\content\tic\cls6\m1-prezentari\lectia3-text-imagini.html,2,2,altul,4,1,2,10,9
C:\00\Projects\LearningHub\content\tic\cls6\m1-prezentari\lectia3-text-imagini.html,3,1,decalat_inapoi,3,2,9,9,2
C:\00\Projects\LearningHub\content\tic\cls6\m1-prezentari\lectia3-text-imagini.html,4,1,altul,2,4,1,9,10
C:\00\Projects\LearningHub\content\tic\cls6\m1-prezentari\lectia3-text-imagini.html,5,1,altul,3,3,1,8,2
C:\00\Projects\LearningHub\content\tic\cls6\m1-prezentari\lectia3-text-imagini.html,6,1,altul,2,5,1,10,10
C:\00\Projects\LearningHub\content\tic\cls6\m1-prezentari\lectia3-text-imagini.html,7,1,altul,5,2,1,11,4
C:\00\Projects\LearningHub\content\tic\cls6\m1-prezentari\lectia3-text-imagini.html,8,1,altul,4,13,5,18,5
C:\00\Projects\LearningHub\content\tic\cls6\m1-prezentari\lectia3-text-imagini.html,9,1,altul,4,3,4,11,5
C:\00\Projects\LearningHub\content\tic\cls6\m1-prezentari\lectia3-text-imagini.html,10,1,altul,7,,5,13,7
C:\00\Projects\LearningHub\content\tic\cls6\m1-prezentari\lectia4-animatii.html,1,1,decalat_inainte,4,6,,6,2
C:\00\Projects\LearningHub\content\tic\cls6\m1-prezentari\lectia4-animatii.html,1,2,altul,2,1,,11,4
C:\00\Projects\LearningHub\content\tic\cls6\m1-prezentari\lectia4-animatii.html,2,1,propriu,12,2,4,12,2
C:\00\Projects\LearningHub\content\tic\cls6\m1-prezentari\lectia4-animatii.html,2,2,altul,5,4,3,7,5
C:\00\Projects\LearningHub\content\tic\cls6\m1-prezentari\lectia4-animatii.html,3,1,propriu,8,3,2,8,3
C:\00\Projects\LearningHub\content\tic\cls6\m1-prezentari\lectia4-animatii.html,3,2,decalat_inapoi,3,5,12,12,2
C:\00\Projects\LearningHub\content\tic\cls6\m1-prezentari\lectia4-animatii.html,4,1,altul,2,3,2,7,1
C:\00\Projects\LearningHub\content\tic\cls6\m1-prezentari\lectia4-animatii.html,4,2,propriu,9,2,3,9,4
C:\00\Projects\LearningHub\content\tic\cls6\m1-prezentari\lectia4-animatii.html,5,1,altul,4,,5,11,2
C:\00\Projects\LearningHub\content\tic\cls6\m1-prezentari\lectia4-animatii.html,5,2,decalat_inapoi,2,,7,7,4
C:\00\Projects\LearningHub\content\tic\cls6\m1-prezentari\lectia5-tranzitii.html,1,1,propriu,9,5,,9,1
C:\00\Projects\LearningHub\content\tic\cls6\m1-prezentari\lectia5-tranzitii.html,1,2,altul,4,4,,6,3
C:\00\Projects\LearningHub\content\tic\cls6\m1-prezentari\lectia5-tranzitii.html,2,1,altul,2,3,2,8,5
C:\00\Projects\LearningHub\content\tic\cls6\m1-prezentari\lectia5-tranzitii.html,2,2,altul,4,3,2,6,4
C:\00\Projects\LearningHub\content\tic\cls6\m1-prezentari\lectia5-tranzitii.html,3,1,decalat_inapoi,5,5,12,12,2
C:\00\Projects\LearningHub\content\tic\cls6\m1-prezentari\lectia5-tranzitii.html,3,2,decalat_inainte,3,10,2,10,4
C:\00\Projects\LearningHub\content\tic\cls6\m1-prezentari\lectia5-tranzitii.html,4,1,decalat_inainte,4,7,6,7,5
C:\00\Projects\LearningHub\content\tic\cls6\m1-prezentari\lectia5-tranzitii.html,4,2,altul,3,3,5,6,2
C:\00\Projects\LearningHub\content\tic\cls6\m1-prezentari\lectia5-tranzitii.html,5,1,propriu,6,,3,6,5
C:\00\Projects\LearningHub\content\tic\cls6\m1-prezentari\lectia5-tranzitii.html,5,2,propriu,5,,4,5,5
C:\00\Projects\LearningHub\content\tic\cls6\m1-prezentari\lectia6-proiect.html,1,1,propriu,7,3,,7,1
C:\00\Projects\LearningHub\content\tic\cls6\m1-prezentari\lectia6-proiect.html,1,2,propriu,9,3,,9,1
C:\00\Projects\LearningHub\content\tic\cls6\m1-prezentari\lectia6-proiect.html,2,1,propriu,12,6,3,12,2
C:\00\Projects\LearningHub\content\tic\cls6\m1-prezentari\lectia6-proiect.html,2,2,propriu,7,3,5,7,2
C:\00\Projects\LearningHub\content\tic\cls6\m1-prezentari\lectia6-proiect.html,3,1,propriu,11,3,3,11,3
C:\00\Projects\LearningHub\content\tic\cls6\m1-prezentari\lectia6-proiect.html,3,2,propriu,6,3,4,6,3
C:\00\Projects\LearningHub\content\tic\cls6\m1-prezentari\lectia6-proiect.html,4,1,propriu,15,2,4,15,4
C:\00\Projects\LearningHub\content\tic\cls6\m1-prezentari\lectia6-proiect.html,4,2,propriu,12,2,4,12,4
C:\00\Projects\LearningHub\content\tic\cls6\m1-prezentari\lectia6-proiect.html,5,1,propriu,10,5,5,10,5
C:\00\Projects\LearningHub\content\tic\cls6\m1-prezentari\lectia6-proiect.html,5,2,altul,6,7,6,9,8
C:\00\Projects\LearningHub\content\tic\cls6\m1-prezentari\lectia6-proiect.html,6,1,propriu,8,3,3,8,6
C:\00\Projects\LearningHub\content\tic\cls6\m1-prezentari\lectia6-proiect.html,6,2,propriu,7,3,3,7,6
C:\00\Projects\LearningHub\content\tic\cls6\m1-prezentari\lectia6-proiect.html,7,1,propriu,8,0,0,8,7
C:\00\Projects\LearningHub\content\tic\cls6\m1-prezentari\lectia6-proiect.html,7,2,propriu,12,4,5,12,7
C:\00\Projects\LearningHub\content\tic\cls6\m1-prezentari\lectia6-proiect.html,8,1,propriu,13,,4,13,8
C:\00\Projects\LearningHub\content\tic\cls6\m1-prezentari\lectia6-proiect.html,8,2,propriu,10,,4,10,8
C:\00\Projects\LearningHub\content\tic\cls6\m2-animatii-scratch\lectia1-interfata.html,1,1,altul,6,2,,7,7
C:\00\Projects\LearningHub\content\tic\cls6\m2-animatii-scratch\lectia1-interfata.html,1,2,propriu,6,2,,6,1
C:\00\Projects\LearningHub\content\tic\cls6\m2-animatii-scratch\lectia1-interfata.html,2,1,decalat_inainte,3,8,4,8,3
C:\00\Projects\LearningHub\content\tic\cls6\m2-animatii-scratch\lectia1-interfata.html,2,2,altul,1,1,2,3,7
C:\00\Projects\LearningHub\content\tic\cls6\m2-animatii-scratch\lectia1-interfata.html,3,1,propriu,2,1,1,2,3
C:\00\Projects\LearningHub\content\tic\cls6\m2-animatii-scratch\lectia1-interfata.html,3,2,decalat_inainte,2,5,2,5,4
C:\00\Projects\LearningHub\content\tic\cls6\m2-animatii-scratch\lectia1-interfata.html,4,1,propriu,5,2,1,5,4
C:\00\Projects\LearningHub\content\tic\cls6\m2-animatii-scratch\lectia1-interfata.html,4,2,propriu,9,2,1,9,4
C:\00\Projects\LearningHub\content\tic\cls6\m2-animatii-scratch\lectia1-interfata.html,5,1,altul,10,1,3,11,7
C:\00\Projects\LearningHub\content\tic\cls6\m2-animatii-scratch\lectia1-interfata.html,5,2,propriu,7,1,3,7,5
C:\00\Projects\LearningHub\content\tic\cls6\m2-animatii-scratch\lectia1-interfata.html,6,1,propriu,7,6,4,7,6
C:\00\Projects\LearningHub\content\tic\cls6\m2-animatii-scratch\lectia1-interfata.html,7,1,propriu,16,,1,16,7
C:\00\Projects\LearningHub\content\tic\cls6\m2-animatii-scratch\lectia1-interfata.html,7,2,propriu,7,,2,7,7
C:\00\Projects\LearningHub\content\tic\cls6\m2-animatii-scratch\lectia2-miscare.html,1,1,propriu,6,0,,6,1
C:\00\Projects\LearningHub\content\tic\cls6\m2-animatii-scratch\lectia2-miscare.html,1,2,propriu,10,0,,10,1
C:\00\Projects\LearningHub\content\tic\cls6\m2-animatii-scratch\lectia2-miscare.html,2,1,decalat_inapoi,1,1,2,2,1
C:\00\Projects\LearningHub\content\tic\cls6\m2-animatii-scratch\lectia2-miscare.html,2,2,propriu,6,3,3,6,2
C:\00\Projects\LearningHub\content\tic\cls6\m2-animatii-scratch\lectia2-miscare.html,3,1,decalat_inapoi,0,0,4,4,2
C:\00\Projects\LearningHub\content\tic\cls6\m2-animatii-scratch\lectia2-miscare.html,3,2,propriu,4,2,1,4,3
C:\00\Projects\LearningHub\content\tic\cls6\m2-animatii-scratch\lectia2-miscare.html,4,1,decalat_inapoi,0,2,4,4,3
C:\00\Projects\LearningHub\content\tic\cls6\m2-animatii-scratch\lectia2-miscare.html,4,2,altul,4,4,4,6,1
C:\00\Projects\LearningHub\content\tic\cls6\m2-animatii-scratch\lectia2-miscare.html,5,1,altul,0,0,6,7,1
C:\00\Projects\LearningHub\content\tic\cls6\m2-animatii-scratch\lectia2-miscare.html,6,1,decalat_inapoi,2,,10,10,5
C:\00\Projects\LearningHub\content\tic\cls6\m2-animatii-scratch\lectia3-evenimente.html,1,1,propriu,8,2,,8,1
C:\00\Projects\LearningHub\content\tic\cls6\m2-animatii-scratch\lectia3-evenimente.html,1,2,altul,1,5,,12,5
C:\00\Projects\LearningHub\content\tic\cls6\m2-animatii-scratch\lectia3-evenimente.html,2,1,propriu,12,5,4,12,2
C:\00\Projects\LearningHub\content\tic\cls6\m2-animatii-scratch\lectia3-evenimente.html,2,2,propriu,12,2,2,12,2
C:\00\Projects\LearningHub\content\tic\cls6\m2-animatii-scratch\lectia3-evenimente.html,3,1,decalat_inapoi,6,8,12,12,2
C:\00\Projects\LearningHub\content\tic\cls6\m2-animatii-scratch\lectia3-evenimente.html,3,2,altul,4,5,5,9,6
C:\00\Projects\LearningHub\content\tic\cls6\m2-animatii-scratch\lectia3-evenimente.html,4,1,decalat_inapoi,4,4,6,6,3
C:\00\Projects\LearningHub\content\tic\cls6\m2-animatii-scratch\lectia3-evenimente.html,4,2,altul,4,3,4,6,6
C:\00\Projects\LearningHub\content\tic\cls6\m2-animatii-scratch\lectia3-evenimente.html,5,1,altul,3,2,2,6,3
C:\00\Projects\LearningHub\content\tic\cls6\m2-animatii-scratch\lectia3-evenimente.html,6,1,altul,4,,6,8,4
C:\00\Projects\LearningHub\content\tic\cls6\m2-animatii-scratch\lectia4-variabile.html,1,1,propriu,11,3,,11,1
C:\00\Projects\LearningHub\content\tic\cls6\m2-animatii-scratch\lectia4-variabile.html,1,2,altul,2,8,,9,6
C:\00\Projects\LearningHub\content\tic\cls6\m2-animatii-scratch\lectia4-variabile.html,2,1,propriu,9,3,3,9,2
C:\00\Projects\LearningHub\content\tic\cls6\m2-animatii-scratch\lectia4-variabile.html,2,2,altul,6,3,2,9,7
C:\00\Projects\LearningHub\content\tic\cls6\m2-animatii-scratch\lectia4-variabile.html,3,1,decalat_inapoi,3,1,8,8,2
C:\00\Projects\LearningHub\content\tic\cls6\m2-animatii-scratch\lectia4-variabile.html,3,2,propriu,9,4,7,9,3
C:\00\Projects\LearningHub\content\tic\cls6\m2-animatii-scratch\lectia4-variabile.html,4,1,decalat_inapoi,4,1,9,9,3
C:\00\Projects\LearningHub\content\tic\cls6\m2-animatii-scratch\lectia4-variabile.html,5,1,altul,2,5,6,7,3
C:\00\Projects\LearningHub\content\tic\cls6\m2-animatii-scratch\lectia4-variabile.html,6,1,altul,4,4,1,5,4
C:\00\Projects\LearningHub\content\tic\cls6\m2-animatii-scratch\lectia4-variabile.html,7,1,altul,4,,5,6,3
C:\00\Projects\LearningHub\content\tic\cls6\m2-animatii-scratch\lectia4-variabile.html,7,2,propriu,12,,6,12,7
C:\00\Projects\LearningHub\content\tic\cls6\m2-animatii-scratch\lectia5-conditii.html,1,1,decalat_inainte,3,8,,8,2
C:\00\Projects\LearningHub\content\tic\cls6\m2-animatii-scratch\lectia5-conditii.html,1,2,altul,1,2,,10,4
C:\00\Projects\LearningHub\content\tic\cls6\m2-animatii-scratch\lectia5-conditii.html,2,1,decalat_inainte,5,8,1,8,3
C:\00\Projects\LearningHub\content\tic\cls6\m2-animatii-scratch\lectia5-conditii.html,3,1,decalat_inainte,2,13,8,13,4
C:\00\Projects\LearningHub\content\tic\cls6\m2-animatii-scratch\lectia5-conditii.html,4,1,decalat_inainte,2,9,2,9,5
C:\00\Projects\LearningHub\content\tic\cls6\m2-animatii-scratch\lectia5-conditii.html,5,1,decalat_inainte,4,7,2,7,6
C:\00\Projects\LearningHub\content\tic\cls6\m2-animatii-scratch\lectia5-conditii.html,6,1,propriu,12,3,3,12,6
C:\00\Projects\LearningHub\content\tic\cls6\m2-animatii-scratch\lectia5-conditii.html,7,1,propriu,8,,2,8,7
C:\00\Projects\LearningHub\content\tic\cls6\m2-animatii-scratch\lectia6-bucle.html,1,1,altul,6,6,,15,3
C:\00\Projects\LearningHub\content\tic\cls6\m2-animatii-scratch\lectia6-bucle.html,1,2,altul,2,4,,9,8
C:\00\Projects\LearningHub\content\tic\cls6\m2-animatii-scratch\lectia6-bucle.html,2,1,propriu,10,4,4,10,2
C:\00\Projects\LearningHub\content\tic\cls6\m2-animatii-scratch\lectia6-bucle.html,2,2,propriu,11,2,2,11,2
C:\00\Projects\LearningHub\content\tic\cls6\m2-animatii-scratch\lectia6-bucle.html,2,3,propriu,16,2,3,16,2
C:\00\Projects\LearningHub\content\tic\cls6\m2-animatii-scratch\lectia6-bucle.html,3,1,decalat_inapoi,5,8,8,8,2
C:\00\Projects\LearningHub\content\tic\cls6\m2-animatii-scratch\lectia6-bucle.html,4,1,decalat_inainte,5,13,6,13,5
C:\00\Projects\LearningHub\content\tic\cls6\m2-animatii-scratch\lectia6-bucle.html,5,1,decalat_inapoi,4,2,10,10,4
C:\00\Projects\LearningHub\content\tic\cls6\m2-animatii-scratch\lectia6-bucle.html,6,1,propriu,15,8,2,15,6
C:\00\Projects\LearningHub\content\tic\cls6\m2-animatii-scratch\lectia6-bucle.html,7,1,decalat_inapoi,6,3,12,12,6
C:\00\Projects\LearningHub\content\tic\cls6\m2-animatii-scratch\lectia6-bucle.html,8,1,propriu,8,,7,8,8
C:\00\Projects\LearningHub\content\tic\cls6\m3-algoritmi-reprezentare\lectia1-daca-atunci.html,1,1,altul,2,0,,7,5
C:\00\Projects\LearningHub\content\tic\cls6\m3-algoritmi-reprezentare\lectia1-daca-atunci.html,1,2,propriu,5,1,,5,1
C:\00\Projects\LearningHub\content\tic\cls6\m3-algoritmi-reprezentare\lectia1-daca-atunci.html,2,1,altul,1,2,4,10,5
C:\00\Projects\LearningHub\content\tic\cls6\m3-algoritmi-reprezentare\lectia1-daca-atunci.html,2,2,decalat_inapoi,2,2,6,6,1
C:\00\Projects\LearningHub\content\tic\cls6\m3-algoritmi-reprezentare\lectia1-daca-atunci.html,3,1,altul,2,6,3,9,1
C:\00\Projects\LearningHub\content\tic\cls6\m3-algoritmi-reprezentare\lectia1-daca-atunci.html,3,2,altul,0,0,0,8,5
C:\00\Projects\LearningHub\content\tic\cls6\m3-algoritmi-reprezentare\lectia1-daca-atunci.html,4,1,decalat_inainte,1,6,0,6,5
C:\00\Projects\LearningHub\content\tic\cls6\m3-algoritmi-reprezentare\lectia1-daca-atunci.html,4,2,altul,3,5,2,7,1
C:\00\Projects\LearningHub\content\tic\cls6\m3-algoritmi-reprezentare\lectia1-daca-atunci.html,5,1,altul,0,1,0,8,3
C:\00\Projects\LearningHub\content\tic\cls6\m3-algoritmi-reprezentare\lectia1-daca-atunci.html,6,1,altul,2,,2,7,4
C:\00\Projects\LearningHub\content\tic\cls6\m3-algoritmi-reprezentare\lectia2-daca-altfel.html,1,1,propriu,10,6,,10,1
C:\00\Projects\LearningHub\content\tic\cls6\m3-algoritmi-reprezentare\lectia2-daca-altfel.html,2,1,propriu,10,5,8,10,2
C:\00\Projects\LearningHub\content\tic\cls6\m3-algoritmi-reprezentare\lectia2-daca-altfel.html,3,1,propriu,10,5,4,10,3
C:\00\Projects\LearningHub\content\tic\cls6\m3-algoritmi-reprezentare\lectia2-daca-altfel.html,4,1,propriu,13,4,5,13,4
C:\00\Projects\LearningHub\content\tic\cls6\m3-algoritmi-reprezentare\lectia2-daca-altfel.html,5,1,propriu,8,2,1,8,5
C:\00\Projects\LearningHub\content\tic\cls6\m3-algoritmi-reprezentare\lectia2-daca-altfel.html,6,1,propriu,15,5,8,15,6
C:\00\Projects\LearningHub\content\tic\cls6\m3-algoritmi-reprezentare\lectia2-daca-altfel.html,7,1,propriu,13,1,1,13,7
C:\00\Projects\LearningHub\content\tic\cls6\m3-algoritmi-reprezentare\lectia2-daca-altfel.html,8,1,propriu,9,7,3,9,8
C:\00\Projects\LearningHub\content\tic\cls6\m3-algoritmi-reprezentare\lectia2-daca-altfel.html,9,1,propriu,10,2,2,10,9
C:\00\Projects\LearningHub\content\tic\cls6\m3-algoritmi-reprezentare\lectia2-daca-altfel.html,10,1,propriu,9,,3,9,10
C:\00\Projects\LearningHub\content\tic\cls6\m3-algoritmi-reprezentare\lectia3-operatori-logici.html,1,1,propriu,11,3,,11,1
C:\00\Projects\LearningHub\content\tic\cls6\m3-algoritmi-reprezentare\lectia3-operatori-logici.html,2,1,propriu,7,5,3,7,2
C:\00\Projects\LearningHub\content\tic\cls6\m3-algoritmi-reprezentare\lectia3-operatori-logici.html,3,1,propriu,8,4,6,8,3
C:\00\Projects\LearningHub\content\tic\cls6\m3-algoritmi-reprezentare\lectia3-operatori-logici.html,4,1,propriu,8,5,4,8,4
C:\00\Projects\LearningHub\content\tic\cls6\m3-algoritmi-reprezentare\lectia3-operatori-logici.html,5,1,propriu,8,1,1,8,5
C:\00\Projects\LearningHub\content\tic\cls6\m3-algoritmi-reprezentare\lectia3-operatori-logici.html,6,1,propriu,14,5,5,14,6
C:\00\Projects\LearningHub\content\tic\cls6\m3-algoritmi-reprezentare\lectia3-operatori-logici.html,7,1,propriu,13,3,3,13,7
C:\00\Projects\LearningHub\content\tic\cls6\m3-algoritmi-reprezentare\lectia3-operatori-logici.html,8,1,propriu,10,2,3,10,8
C:\00\Projects\LearningHub\content\tic\cls6\m3-algoritmi-reprezentare\lectia3-operatori-logici.html,9,1,propriu,10,7,2,10,9
C:\00\Projects\LearningHub\content\tic\cls6\m3-algoritmi-reprezentare\lectia3-operatori-logici.html,10,1,propriu,11,,6,11,10
C:\00\Projects\LearningHub\content\tic\cls6\m3-algoritmi-reprezentare\lectia4-bucla-repeta.html,1,1,altul,6,3,,7,3
C:\00\Projects\LearningHub\content\tic\cls6\m3-algoritmi-reprezentare\lectia4-bucla-repeta.html,1,2,altul,2,0,,5,4
C:\00\Projects\LearningHub\content\tic\cls6\m3-algoritmi-reprezentare\lectia4-bucla-repeta.html,2,1,altul,3,4,4,5,5
C:\00\Projects\LearningHub\content\tic\cls6\m3-algoritmi-reprezentare\lectia4-bucla-repeta.html,2,2,altul,0,3,2,4,5
C:\00\Projects\LearningHub\content\tic\cls6\m3-algoritmi-reprezentare\lectia4-bucla-repeta.html,3,1,altul,3,3,4,6,6
C:\00\Projects\LearningHub\content\tic\cls6\m3-algoritmi-reprezentare\lectia4-bucla-repeta.html,3,2,decalat_inapoi,1,2,4,4,2
C:\00\Projects\LearningHub\content\tic\cls6\m3-algoritmi-reprezentare\lectia4-bucla-repeta.html,4,1,decalat_inapoi,4,6,6,6,3
C:\00\Projects\LearningHub\content\tic\cls6\m3-algoritmi-reprezentare\lectia4-bucla-repeta.html,4,2,decalat_inainte,7,10,7,10,5
C:\00\Projects\LearningHub\content\tic\cls6\m3-algoritmi-reprezentare\lectia4-bucla-repeta.html,5,1,propriu,9,1,2,9,5
C:\00\Projects\LearningHub\content\tic\cls6\m3-algoritmi-reprezentare\lectia4-bucla-repeta.html,5,2,propriu,8,2,4,8,5
C:\00\Projects\LearningHub\content\tic\cls6\m3-algoritmi-reprezentare\lectia4-bucla-repeta.html,6,1,decalat_inapoi,2,5,7,7,5
C:\00\Projects\LearningHub\content\tic\cls6\m3-algoritmi-reprezentare\lectia4-bucla-repeta.html,7,1,propriu,8,,0,8,7
C:\00\Projects\LearningHub\content\tic\cls6\m3-algoritmi-reprezentare\lectia4-bucla-repeta.html,7,2,propriu,7,,1,7,7
C:\00\Projects\LearningHub\content\tic\cls6\m3-algoritmi-reprezentare\lectia5-repeta-pana-cand.html,1,1,altul,9,7,,10,6
C:\00\Projects\LearningHub\content\tic\cls6\m3-algoritmi-reprezentare\lectia5-repeta-pana-cand.html,1,2,altul,5,8,,15,4
C:\00\Projects\LearningHub\content\tic\cls6\m3-algoritmi-reprezentare\lectia5-repeta-pana-cand.html,2,1,decalat_inapoi,9,7,15,15,1
C:\00\Projects\LearningHub\content\tic\cls6\m3-algoritmi-reprezentare\lectia5-repeta-pana-cand.html,2,2,altul,6,7,7,9,6
C:\00\Projects\LearningHub\content\tic\cls6\m3-algoritmi-reprezentare\lectia5-repeta-pana-cand.html,3,1,propriu,9,7,9,9,3
C:\00\Projects\LearningHub\content\tic\cls6\m3-algoritmi-reprezentare\lectia5-repeta-pana-cand.html,3,2,altul,7,7,7,15,6
C:\00\Projects\LearningHub\content\tic\cls6\m3-algoritmi-reprezentare\lectia5-repeta-pana-cand.html,4,1,propriu,12,9,9,12,4
C:\00\Projects\LearningHub\content\tic\cls6\m3-algoritmi-reprezentare\lectia5-repeta-pana-cand.html,4,2,decalat_inapoi,3,3,13,13,3
C:\00\Projects\LearningHub\content\tic\cls6\m3-algoritmi-reprezentare\lectia5-repeta-pana-cand.html,5,1,altul,4,5,5,12,3
C:\00\Projects\LearningHub\content\tic\cls6\m3-algoritmi-reprezentare\lectia5-repeta-pana-cand.html,6,1,propriu,16,,9,16,6
C:\00\Projects\LearningHub\content\tic\cls6\m3-algoritmi-reprezentare\lectia6-proiect-labirint.html,1,1,propriu,6,5,,6,1
C:\00\Projects\LearningHub\content\tic\cls6\m3-algoritmi-reprezentare\lectia6-proiect-labirint.html,1,2,propriu,5,5,,5,1
C:\00\Projects\LearningHub\content\tic\cls6\m3-algoritmi-reprezentare\lectia6-proiect-labirint.html,2,1,propriu,10,7,5,10,2
C:\00\Projects\LearningHub\content\tic\cls6\m3-algoritmi-reprezentare\lectia6-proiect-labirint.html,2,2,decalat_inainte,4,8,3,8,3
C:\00\Projects\LearningHub\content\tic\cls6\m3-algoritmi-reprezentare\lectia6-proiect-labirint.html,3,1,decalat_inapoi,6,,7,7,2
C:\00\Projects\LearningHub\content\tic\cls6\m3-algoritmi-reprezentare\lectia6-proiect-labirint.html,3,2,propriu,13,,5,13,3
C:\00\Projects\LearningHub\content\tic\cls6\m4-comunicare\lectia1-email-intro.html,1,1,propriu,5,2,,5,1
C:\00\Projects\LearningHub\content\tic\cls6\m4-comunicare\lectia1-email-intro.html,1,2,altul,3,1,,11,3
C:\00\Projects\LearningHub\content\tic\cls6\m4-comunicare\lectia1-email-intro.html,2,1,propriu,8,3,3,8,2
C:\00\Projects\LearningHub\content\tic\cls6\m4-comunicare\lectia1-email-intro.html,2,2,decalat_inainte,2,6,3,6,3
C:\00\Projects\LearningHub\content\tic\cls6\m4-comunicare\lectia1-email-intro.html,3,1,decalat_inapoi,3,4,12,12,2
C:\00\Projects\LearningHub\content\tic\cls6\m4-comunicare\lectia1-email-intro.html,3,2,decalat_inainte,3,5,4,5,4
C:\00\Projects\LearningHub\content\tic\cls6\m4-comunicare\lectia1-email-intro.html,4,1,altul,6,4,4,9,2
C:\00\Projects\LearningHub\content\tic\cls6\m4-comunicare\lectia1-email-intro.html,4,2,altul,1,1,1,6,1
C:\00\Projects\LearningHub\content\tic\cls6\m4-comunicare\lectia1-email-intro.html,5,1,altul,3,,1,6,3
C:\00\Projects\LearningHub\content\tic\cls6\m4-comunicare\lectia1-email-intro.html,5,2,propriu,9,,4,9,5
C:\00\Projects\LearningHub\content\tic\cls6\m4-comunicare\lectia2-email-compunere.html,1,1,propriu,10,5,,10,1
C:\00\Projects\LearningHub\content\tic\cls6\m4-comunicare\lectia2-email-compunere.html,1,2,decalat_inainte,4,9,,9,2
C:\00\Projects\LearningHub\content\tic\cls6\m4-comunicare\lectia2-email-compunere.html,2,1,decalat_inapoi,7,2,9,9,1
C:\00\Projects\LearningHub\content\tic\cls6\m4-comunicare\lectia2-email-compunere.html,2,2,altul,9,7,5,10,5
C:\00\Projects\LearningHub\content\tic\cls6\m4-comunicare\lectia2-email-compunere.html,3,1,altul,1,2,4,14,1
C:\00\Projects\LearningHub\content\tic\cls6\m4-comunicare\lectia2-email-compunere.html,3,2,altul,1,2,2,10,1
C:\00\Projects\LearningHub\content\tic\cls6\m4-comunicare\lectia2-email-compunere.html,4,1,propriu,13,8,5,13,4
C:\00\Projects\LearningHub\content\tic\cls6\m4-comunicare\lectia2-email-compunere.html,4,2,decalat_inapoi,3,6,7,7,3
C:\00\Projects\LearningHub\content\tic\cls6\m4-comunicare\lectia2-email-compunere.html,5,1,altul,4,2,4,8,2
C:\00\Projects\LearningHub\content\tic\cls6\m4-comunicare\lectia2-email-compunere.html,5,2,altul,4,6,6,10,7
C:\00\Projects\LearningHub\content\tic\cls6\m4-comunicare\lectia2-email-compunere.html,6,1,propriu,11,10,4,11,6
C:\00\Projects\LearningHub\content\tic\cls6\m4-comunicare\lectia2-email-compunere.html,6,2,propriu,8,6,5,8,6
C:\00\Projects\LearningHub\content\tic\cls6\m4-comunicare\lectia2-email-compunere.html,7,1,propriu,12,,8,12,7
C:\00\Projects\LearningHub\content\tic\cls6\m4-comunicare\lectia2-email-compunere.html,7,2,propriu,9,,7,9,7
C:\00\Projects\LearningHub\content\tic\cls6\m4-comunicare\lectia3-atasamente.html,1,1,propriu,5,3,,5,1
C:\00\Projects\LearningHub\content\tic\cls6\m4-comunicare\lectia3-atasamente.html,1,2,altul,5,3,,12,4
C:\00\Projects\LearningHub\content\tic\cls6\m4-comunicare\lectia3-atasamente.html,2,1,decalat_inapoi,3,2,5,5,1
C:\00\Projects\LearningHub\content\tic\cls6\m4-comunicare\lectia3-atasamente.html,2,2,altul,1,5,2,10,5
C:\00\Projects\LearningHub\content\tic\cls6\m4-comunicare\lectia3-atasamente.html,3,1,decalat_inainte,2,10,3,10,4
C:\00\Projects\LearningHub\content\tic\cls6\m4-comunicare\lectia3-atasamente.html,3,2,decalat_inainte,3,10,1,10,4
C:\00\Projects\LearningHub\content\tic\cls6\m4-comunicare\lectia3-atasamente.html,4,1,decalat_inapoi,2,2,5,5,3
C:\00\Projects\LearningHub\content\tic\cls6\m4-comunicare\lectia3-atasamente.html,4,2,decalat_inapoi,2,1,5,5,3
C:\00\Projects\LearningHub\content\tic\cls6\m4-comunicare\lectia3-atasamente.html,5,1,altul,0,,0,6,2
C:\00\Projects\LearningHub\content\tic\cls6\m4-comunicare\lectia3-atasamente.html,5,2,propriu,11,,9,11,5
C:\00\Projects\LearningHub\content\tic\cls6\m4-comunicare\lectia4-netiquette.html,1,1,propriu,9,5,,9,1
C:\00\Projects\LearningHub\content\tic\cls6\m4-comunicare\lectia4-netiquette.html,1,2,altul,5,3,,15,3
C:\00\Projects\LearningHub\content\tic\cls6\m4-comunicare\lectia4-netiquette.html,2,1,propriu,13,2,2,13,2
C:\00\Projects\LearningHub\content\tic\cls6\m4-comunicare\lectia4-netiquette.html,2,2,propriu,14,5,3,14,2
C:\00\Projects\LearningHub\content\tic\cls6\m4-comunicare\lectia4-netiquette.html,3,1,decalat_inainte,4,12,9,12,4
C:\00\Projects\LearningHub\content\tic\cls6\m4-comunicare\lectia4-netiquette.html,3,2,altul,4,4,3,13,1
C:\00\Projects\LearningHub\content\tic\cls6\m4-comunicare\lectia4-netiquette.html,4,1,propriu,8,2,4,8,4
C:\00\Projects\LearningHub\content\tic\cls6\m4-comunicare\lectia4-netiquette.html,4,2,propriu,21,3,5,21,4
C:\00\Projects\LearningHub\content\tic\cls6\m4-comunicare\lectia4-netiquette.html,5,1,altul,5,,2,8,3
C:\00\Projects\LearningHub\content\tic\cls6\m4-comunicare\lectia5-colaborare.html,1,1,propriu,14,4,,14,1
C:\00\Projects\LearningHub\content\tic\cls6\m4-comunicare\lectia5-colaborare.html,1,2,propriu,17,7,,17,1
C:\00\Projects\LearningHub\content\tic\cls6\m4-comunicare\lectia5-colaborare.html,2,1,propriu,9,3,5,9,2
C:\00\Projects\LearningHub\content\tic\cls6\m4-comunicare\lectia5-colaborare.html,2,2,propriu,14,6,9,14,2
C:\00\Projects\LearningHub\content\tic\cls6\m4-comunicare\lectia5-colaborare.html,3,1,propriu,14,10,7,14,3
C:\00\Projects\LearningHub\content\tic\cls6\m4-comunicare\lectia5-colaborare.html,3,2,propriu,9,5,4,9,3
C:\00\Projects\LearningHub\content\tic\cls6\m4-comunicare\lectia5-colaborare.html,4,1,propriu,18,9,6,18,4
C:\00\Projects\LearningHub\content\tic\cls6\m4-comunicare\lectia5-colaborare.html,4,2,propriu,18,11,5,18,4
C:\00\Projects\LearningHub\content\tic\cls6\m4-comunicare\lectia5-colaborare.html,5,1,propriu,11,,9,11,5
C:\00\Projects\LearningHub\content\tic\cls6\m4-comunicare\lectia5-colaborare.html,5,2,propriu,13,,7,13,5
C:\00\Projects\LearningHub\content\tic\cls6\m5-proiecte-recap\lectia1-planificare.html,1,1,propriu,11,3,,11,1
C:\00\Projects\LearningHub\content\tic\cls6\m5-proiecte-recap\lectia1-planificare.html,2,1,propriu,10,0,2,10,2
C:\00\Projects\LearningHub\content\tic\cls6\m5-proiecte-recap\lectia1-planificare.html,3,1,propriu,8,5,1,8,3
C:\00\Projects\LearningHub\content\tic\cls6\m5-proiecte-recap\lectia1-planificare.html,4,1,propriu,6,3,3,6,4
C:\00\Projects\LearningHub\content\tic\cls6\m5-proiecte-recap\lectia1-planificare.html,5,1,propriu,10,6,2,10,5
C:\00\Projects\LearningHub\content\tic\cls6\m5-proiecte-recap\lectia1-planificare.html,6,1,propriu,9,,1,9,6
C:\00\Projects\LearningHub\content\tic\cls6\m5-proiecte-recap\lectia2-personaje.html,1,1,decalat_inainte,5,8,,8,2
C:\00\Projects\LearningHub\content\tic\cls6\m5-proiecte-recap\lectia2-personaje.html,1,2,altul,2,0,,10,4
C:\00\Projects\LearningHub\content\tic\cls6\m5-proiecte-recap\lectia2-personaje.html,2,1,propriu,8,4,4,8,2
C:\00\Projects\LearningHub\content\tic\cls6\m5-proiecte-recap\lectia2-personaje.html,3,1,decalat_inainte,6,13,3,13,4
C:\00\Projects\LearningHub\content\tic\cls6\m5-proiecte-recap\lectia2-personaje.html,4,1,propriu,7,5,4,7,4
C:\00\Projects\LearningHub\content\tic\cls6\m5-proiecte-recap\lectia2-personaje.html,5,1,propriu,13,,5,13,5
C:\00\Projects\LearningHub\content\tic\cls6\m5-proiecte-recap\lectia3-fundal.html,1,1,propriu,13,6,,13,1
C:\00\Projects\LearningHub\content\tic\cls6\m5-proiecte-recap\lectia3-fundal.html,2,1,propriu,15,6,9,15,2
C:\00\Projects\LearningHub\content\tic\cls6\m5-proiecte-recap\lectia3-fundal.html,3,1,propriu,11,5,5,11,3
C:\00\Projects\LearningHub\content\tic\cls6\m5-proiecte-recap\lectia3-fundal.html,4,1,propriu,14,5,8,14,4
C:\00\Projects\LearningHub\content\tic\cls6\m5-proiecte-recap\lectia3-fundal.html,5,1,propriu,17,2,3,17,5
C:\00\Projects\LearningHub\content\tic\cls6\m5-proiecte-recap\lectia3-fundal.html,6,1,propriu,15,3,2,15,6
C:\00\Projects\LearningHub\content\tic\cls6\m5-proiecte-recap\lectia3-fundal.html,7,1,propriu,15,4,7,15,7
C:\00\Projects\LearningHub\content\tic\cls6\m5-proiecte-recap\lectia3-fundal.html,8,1,propriu,14,4,3,14,8
C:\00\Projects\LearningHub\content\tic\cls6\m5-proiecte-recap\lectia3-fundal.html,9,1,propriu,13,6,5,13,9
C:\00\Projects\LearningHub\content\tic\cls6\m5-proiecte-recap\lectia3-fundal.html,10,1,propriu,16,,5,16,10
C:\00\Projects\LearningHub\content\tic\cls6\m5-proiecte-recap\lectia4-mecanica.html,1,1,propriu,6,2,,6,1
C:\00\Projects\LearningHub\content\tic\cls6\m5-proiecte-recap\lectia4-mecanica.html,1,2,altul,3,2,,10,6
C:\00\Projects\LearningHub\content\tic\cls6\m5-proiecte-recap\lectia4-mecanica.html,2,1,propriu,6,3,1,6,2
C:\00\Projects\LearningHub\content\tic\cls6\m5-proiecte-recap\lectia4-mecanica.html,2,2,altul,4,3,5,6,5
C:\00\Projects\LearningHub\content\tic\cls6\m5-proiecte-recap\lectia4-mecanica.html,3,1,propriu,9,4,1,9,3
C:\00\Projects\LearningHub\content\tic\cls6\m5-proiecte-recap\lectia4-mecanica.html,4,1,propriu,7,3,2,7,4
C:\00\Projects\LearningHub\content\tic\cls6\m5-proiecte-recap\lectia4-mecanica.html,5,1,propriu,7,0,0,7,5
C:\00\Projects\LearningHub\content\tic\cls6\m5-proiecte-recap\lectia4-mecanica.html,6,1,altul,1,3,4,5,3
C:\00\Projects\LearningHub\content\tic\cls6\m5-proiecte-recap\lectia4-mecanica.html,7,1,propriu,20,,2,20,7
C:\00\Projects\LearningHub\content\tic\cls6\m5-proiecte-recap\lectia5-sunet.html,1,1,propriu,14,2,,14,1
C:\00\Projects\LearningHub\content\tic\cls6\m5-proiecte-recap\lectia5-sunet.html,1,2,altul,7,4,,12,4
C:\00\Projects\LearningHub\content\tic\cls6\m5-proiecte-recap\lectia5-sunet.html,2,1,propriu,8,4,5,8,2
C:\00\Projects\LearningHub\content\tic\cls6\m5-proiecte-recap\lectia5-sunet.html,2,2,altul,3,2,3,8,4
C:\00\Projects\LearningHub\content\tic\cls6\m5-proiecte-recap\lectia5-sunet.html,3,1,decalat_inapoi,1,3,11,11,2
C:\00\Projects\LearningHub\content\tic\cls6\m5-proiecte-recap\lectia5-sunet.html,3,2,altul,2,4,4,7,1
C:\00\Projects\LearningHub\content\tic\cls6\m5-proiecte-recap\lectia5-sunet.html,4,1,decalat_inapoi,1,2,11,11,3
C:\00\Projects\LearningHub\content\tic\cls6\m5-proiecte-recap\lectia5-sunet.html,5,1,decalat_inapoi,3,,8,8,4
C:\00\Projects\LearningHub\content\tic\cls6\m5-proiecte-recap\lectia6-finalizare.html,1,1,propriu,11,3,,11,1
C:\00\Projects\LearningHub\content\tic\cls6\m5-proiecte-recap\lectia6-finalizare.html,2,1,propriu,16,9,5,16,2
C:\00\Projects\LearningHub\content\tic\cls6\m5-proiecte-recap\lectia6-finalizare.html,3,1,propriu,16,8,6,16,3
C:\00\Projects\LearningHub\content\tic\cls6\m5-proiecte-recap\lectia6-finalizare.html,4,1,propriu,13,6,2,13,4
C:\00\Projects\LearningHub\content\tic\cls6\m5-proiecte-recap\lectia6-finalizare.html,5,1,propriu,16,5,6,16,5
C:\00\Projects\LearningHub\content\tic\cls6\m5-proiecte-recap\lectia6-finalizare.html,6,1,propriu,12,6,5,12,6
C:\00\Projects\LearningHub\content\tic\cls6\m5-proiecte-recap\lectia6-finalizare.html,7,1,propriu,19,4,6,19,7
C:\00\Projects\LearningHub\content\tic\cls6\m5-proiecte-recap\lectia6-finalizare.html,8,1,propriu,20,4,3,20,8
C:\00\Projects\LearningHub\content\tic\cls6\m5-proiecte-recap\lectia6-finalizare.html,9,1,propriu,13,2,3,13,9
C:\00\Projects\LearningHub\content\tic\cls6\m5-proiecte-recap\lectia6-finalizare.html,10,1,propriu,15,,3,15,10
C:\00\Projects\LearningHub\content\tic\cls6\m5-proiecte-recap\lectia7-prezentari.html,1,1,propriu,9,6,,9,1
C:\00\Projects\LearningHub\content\tic\cls6\m5-proiecte-recap\lectia7-prezentari.html,2,1,propriu,5,4,4,5,2
C:\00\Projects\LearningHub\content\tic\cls6\m5-proiecte-recap\lectia7-prezentari.html,3,1,propriu,9,4,2,9,3
C:\00\Projects\LearningHub\content\tic\cls6\m5-proiecte-recap\lectia7-prezentari.html,4,1,propriu,8,2,2,8,4
C:\00\Projects\LearningHub\content\tic\cls6\m5-proiecte-recap\lectia7-prezentari.html,5,1,propriu,8,,3,8,5
C:\00\Projects\LearningHub\content\tic\cls6\m5-proiecte-recap\lectia8-comunicare.html,1,1,propriu,15,3,,15,1
C:\00\Projects\LearningHub\content\tic\cls6\m5-proiecte-recap\lectia8-comunicare.html,2,1,propriu,8,3,4,8,2
C:\00\Projects\LearningHub\content\tic\cls6\m5-proiecte-recap\lectia8-comunicare.html,3,1,propriu,10,1,2,10,3
C:\00\Projects\LearningHub\content\tic\cls6\m5-proiecte-recap\lectia8-comunicare.html,4,1,propriu,9,,1,9,4
C:\00\Projects\LearningHub\content\tic\cls7\extra-baze-date\lectia1-ce-sunt-bd.html,1,1,propriu,6,3,,6,1
C:\00\Projects\LearningHub\content\tic\cls7\extra-baze-date\lectia1-ce-sunt-bd.html,2,1,propriu,3,1,2,3,2
C:\00\Projects\LearningHub\content\tic\cls7\extra-baze-date\lectia1-ce-sunt-bd.html,3,1,propriu,3,,2,3,3
C:\00\Projects\LearningHub\content\tic\cls7\extra-baze-date\lectia2-tabele.html,1,1,altul,4,4,,5,3
C:\00\Projects\LearningHub\content\tic\cls7\extra-baze-date\lectia2-tabele.html,2,1,decalat_inapoi,6,4,7,7,1
C:\00\Projects\LearningHub\content\tic\cls7\extra-baze-date\lectia2-tabele.html,3,1,propriu,7,,3,7,3
C:\00\Projects\LearningHub\content\tic\cls7\extra-baze-date\lectia3-campuri.html,1,1,propriu,7,4,,7,1
C:\00\Projects\LearningHub\content\tic\cls7\extra-baze-date\lectia3-campuri.html,2,1,propriu,2,,0,2,2
C:\00\Projects\LearningHub\content\tic\cls7\extra-baze-date\lectia4-inregistrari.html,1,1,propriu,5,4,,5,1
C:\00\Projects\LearningHub\content\tic\cls7\extra-baze-date\lectia4-inregistrari.html,2,1,propriu,4,,4,4,2
C:\00\Projects\LearningHub\content\tic\cls7\extra-baze-date\lectia5-access-intro.html,1,1,propriu,4,1,,4,1
C:\00\Projects\LearningHub\content\tic\cls7\extra-baze-date\lectia5-access-intro.html,2,1,propriu,13,,5,13,2
C:\00\Projects\LearningHub\content\tic\cls7\extra-baze-date\lectia6-proiect.html,1,1,propriu,10,,,10,1
C:\00\Projects\LearningHub\content\tic\cls7\extra-multimedia\lectia1-video-intro.html,1,1,propriu,11,2,,11,1
C:\00\Projects\LearningHub\content\tic\cls7\extra-multimedia\lectia1-video-intro.html,2,1,propriu,12,4,4,12,2
C:\00\Projects\LearningHub\content\tic\cls7\extra-multimedia\lectia1-video-intro.html,3,1,propriu,4,2,1,4,3
C:\00\Projects\LearningHub\content\tic\cls7\extra-multimedia\lectia1-video-intro.html,4,1,propriu,8,1,0,8,4
C:\00\Projects\LearningHub\content\tic\cls7\extra-multimedia\lectia1-video-intro.html,5,1,propriu,4,,2,4,5
C:\00\Projects\LearningHub\content\tic\cls7\extra-multimedia\lectia2-taiere-lipire.html,1,1,propriu,10,3,,10,1
C:\00\Projects\LearningHub\content\tic\cls7\extra-multimedia\lectia2-taiere-lipire.html,2,1,propriu,10,1,6,10,2
C:\00\Projects\LearningHub\content\tic\cls7\extra-multimedia\lectia2-taiere-lipire.html,3,1,propriu,5,0,4,5,3
C:\00\Projects\LearningHub\content\tic\cls7\extra-multimedia\lectia2-taiere-lipire.html,4,1,propriu,6,0,1,6,4
C:\00\Projects\LearningHub\content\tic\cls7\extra-multimedia\lectia2-taiere-lipire.html,5,1,propriu,9,,0,9,5
C:\00\Projects\LearningHub\content\tic\cls7\extra-multimedia\lectia3-text-efecte.html,1,1,propriu,3,1,,3,1
C:\00\Projects\LearningHub\content\tic\cls7\extra-multimedia\lectia3-text-efecte.html,2,1,propriu,6,1,1,6,2
C:\00\Projects\LearningHub\content\tic\cls7\extra-multimedia\lectia3-text-efecte.html,3,1,propriu,6,2,1,6,3
C:\00\Projects\LearningHub\content\tic\cls7\extra-multimedia\lectia3-text-efecte.html,4,1,propriu,6,0,0,6,4
C:\00\Projects\LearningHub\content\tic\cls7\extra-multimedia\lectia3-text-efecte.html,5,1,altul,2,3,0,4,7
C:\00\Projects\LearningHub\content\tic\cls7\extra-multimedia\lectia3-text-efecte.html,6,1,propriu,9,5,1,9,6
C:\00\Projects\LearningHub\content\tic\cls7\extra-multimedia\lectia3-text-efecte.html,7,1,propriu,12,,0,12,7
C:\00\Projects\LearningHub\content\tic\cls7\extra-multimedia\lectia4-audio.html,1,1,altul,5,5,,7,7
C:\00\Projects\LearningHub\content\tic\cls7\extra-multimedia\lectia4-audio.html,2,1,propriu,9,0,6,9,2
C:\00\Projects\LearningHub\content\tic\cls7\extra-multimedia\lectia4-audio.html,3,1,propriu,3,0,0,3,3
C:\00\Projects\LearningHub\content\tic\cls7\extra-multimedia\lectia4-audio.html,4,1,altul,12,1,0,13,6
C:\00\Projects\LearningHub\content\tic\cls7\extra-multimedia\lectia4-audio.html,5,1,propriu,15,0,1,15,5
C:\00\Projects\LearningHub\content\tic\cls7\extra-multimedia\lectia4-audio.html,6,1,propriu,11,3,1,11,6
C:\00\Projects\LearningHub\content\tic\cls7\extra-multimedia\lectia4-audio.html,7,1,propriu,15,,2,15,7
C:\00\Projects\LearningHub\content\tic\cls7\extra-multimedia\lectia5-proiect.html,1,1,propriu,5,0,,5,1
C:\00\Projects\LearningHub\content\tic\cls7\extra-multimedia\lectia5-proiect.html,2,1,propriu,5,1,1,5,2
C:\00\Projects\LearningHub\content\tic\cls7\extra-multimedia\lectia5-proiect.html,3,1,propriu,6,,2,6,3
C:\00\Projects\LearningHub\content\tic\cls7\extra-proiect-web\lectia1-planificare-site.html,1,1,decalat_inainte,3,4,,4,2
C:\00\Projects\LearningHub\content\tic\cls7\extra-proiect-web\lectia1-planificare-site.html,2,1,propriu,5,2,0,5,2
C:\00\Projects\LearningHub\content\tic\cls7\extra-proiect-web\lectia1-planificare-site.html,3,1,decalat_inapoi,4,,6,6,2
C:\00\Projects\LearningHub\content\tic\cls7\extra-proiect-web\lectia2-pagina-principala.html,1,1,propriu,6,5,,6,1
C:\00\Projects\LearningHub\content\tic\cls7\extra-proiect-web\lectia2-pagina-principala.html,2,1,propriu,6,0,2,6,2
C:\00\Projects\LearningHub\content\tic\cls7\extra-proiect-web\lectia2-pagina-principala.html,3,1,decalat_inapoi,2,,4,4,2
C:\00\Projects\LearningHub\content\tic\cls7\extra-proiect-web\lectia3-pagini-multiple.html,1,1,propriu,14,3,,14,1
C:\00\Projects\LearningHub\content\tic\cls7\extra-proiect-web\lectia3-pagini-multiple.html,2,1,propriu,5,3,3,5,2
C:\00\Projects\LearningHub\content\tic\cls7\extra-proiect-web\lectia3-pagini-multiple.html,3,1,propriu,4,3,3,4,3
C:\00\Projects\LearningHub\content\tic\cls7\extra-proiect-web\lectia3-pagini-multiple.html,4,1,decalat_inapoi,5,,6,6,3
C:\00\Projects\LearningHub\content\tic\cls7\extra-proiect-web\lectia4-stilizare.html,1,1,propriu,10,3,,10,1
C:\00\Projects\LearningHub\content\tic\cls7\extra-proiect-web\lectia4-stilizare.html,2,1,propriu,5,0,0,5,2
C:\00\Projects\LearningHub\content\tic\cls7\extra-proiect-web\lectia4-stilizare.html,3,1,propriu,11,,0,11,3
C:\00\Projects\LearningHub\content\tic\cls7\extra-proiect-web\lectia5-publicare.html,1,1,propriu,9,2,,9,1
C:\00\Projects\LearningHub\content\tic\cls7\extra-proiect-web\lectia5-publicare.html,2,1,altul,1,4,2,8,4
C:\00\Projects\LearningHub\content\tic\cls7\extra-proiect-web\lectia5-publicare.html,3,1,propriu,9,3,2,9,3
C:\00\Projects\LearningHub\content\tic\cls7\extra-proiect-web\lectia5-publicare.html,4,1,propriu,9,,3,9,4
C:\00\Projects\LearningHub\content\tic\cls7\extra-proiect-web\lectia6-finalizare.html,1,1,propriu,8,4,,8,1
C:\00\Projects\LearningHub\content\tic\cls7\extra-proiect-web\lectia6-finalizare.html,2,1,propriu,5,4,3,5,2
C:\00\Projects\LearningHub\content\tic\cls7\extra-proiect-web\lectia6-finalizare.html,3,1,propriu,7,2,3,7,3
C:\00\Projects\LearningHub\content\tic\cls7\extra-proiect-web\lectia6-finalizare.html,4,1,decalat_inapoi,2,,3,3,3
C:\00\Projects\LearningHub\content\tic\cls7\extra-web\lectia1-html-intro.html,1,1,propriu,8,1,,8,1
C:\00\Projects\LearningHub\content\tic\cls7\extra-web\lectia1-html-intro.html,2,1,propriu,4,2,2,4,2
C:\00\Projects\LearningHub\content\tic\cls7\extra-web\lectia1-html-intro.html,3,1,propriu,4,,1,4,3
C:\00\Projects\LearningHub\content\tic\cls7\extra-web\lectia2-text-headings.html,1,1,propriu,9,0,,9,1
C:\00\Projects\LearningHub\content\tic\cls7\extra-web\lectia2-text-headings.html,2,1,propriu,9,1,2,9,2
C:\00\Projects\LearningHub\content\tic\cls7\extra-web\lectia2-text-headings.html,3,1,propriu,9,5,2,9,3
C:\00\Projects\LearningHub\content\tic\cls7\extra-web\lectia2-text-headings.html,4,1,propriu,8,3,8,8,4
C:\00\Projects\LearningHub\content\tic\cls7\extra-web\lectia2-text-headings.html,5,1,propriu,14,6,2,14,5
C:\00\Projects\LearningHub\content\tic\cls7\extra-web\lectia2-text-headings.html,6,1,propriu,8,,1,8,6
C:\00\Projects\LearningHub\content\tic\cls7\extra-web\lectia3-liste-linkuri.html,1,1,decalat_inainte,4,9,,9,2
C:\00\Projects\LearningHub\content\tic\cls7\extra-web\lectia3-liste-linkuri.html,2,1,propriu,9,1,6,9,2
C:\00\Projects\LearningHub\content\tic\cls7\extra-web\lectia3-liste-linkuri.html,3,1,altul,0,5,1,6,5
C:\00\Projects\LearningHub\content\tic\cls7\extra-web\lectia3-liste-linkuri.html,4,1,decalat_inainte,4,7,0,7,5
C:\00\Projects\LearningHub\content\tic\cls7\extra-web\lectia3-liste-linkuri.html,5,1,altul,0,0,0,6,3
C:\00\Projects\LearningHub\content\tic\cls7\extra-web\lectia3-liste-linkuri.html,6,1,decalat_inapoi,3,,4,4,5
C:\00\Projects\LearningHub\content\tic\cls7\extra-web\lectia4-imagini.html,1,1,propriu,6,2,,6,1
C:\00\Projects\LearningHub\content\tic\cls7\extra-web\lectia4-imagini.html,2,1,decalat_inainte,4,20,2,20,3
C:\00\Projects\LearningHub\content\tic\cls7\extra-web\lectia4-imagini.html,3,1,decalat_inapoi,1,2,6,6,2
C:\00\Projects\LearningHub\content\tic\cls7\extra-web\lectia4-imagini.html,4,1,altul,3,1,3,7,6
C:\00\Projects\LearningHub\content\tic\cls7\extra-web\lectia4-imagini.html,5,1,altul,1,1,1,3,3
C:\00\Projects\LearningHub\content\tic\cls7\extra-web\lectia4-imagini.html,6,1,decalat_inapoi,4,,6,6,5
C:\00\Projects\LearningHub\content\tic\cls7\extra-web\lectia5-css-intro.html,1,1,propriu,16,0,,16,1
C:\00\Projects\LearningHub\content\tic\cls7\extra-web\lectia5-css-intro.html,2,1,propriu,4,1,0,4,2
C:\00\Projects\LearningHub\content\tic\cls7\extra-web\lectia5-css-intro.html,3,1,propriu,10,2,0,10,3
C:\00\Projects\LearningHub\content\tic\cls7\extra-web\lectia5-css-intro.html,4,1,propriu,6,3,2,6,4
C:\00\Projects\LearningHub\content\tic\cls7\extra-web\lectia5-css-intro.html,5,1,propriu,8,1,3,8,5
C:\00\Projects\LearningHub\content\tic\cls7\extra-web\lectia5-css-intro.html,6,1,propriu,6,,1,6,6
C:\00\Projects\LearningHub\content\tic\cls7\extra-web\lectia6-proiect.html,1,1,propriu,6,5,,6,1
C:\00\Projects\LearningHub\content\tic\cls7\extra-web\lectia6-proiect.html,2,1,decalat_inapoi,0,2,4,4,1
C:\00\Projects\LearningHub\content\tic\cls7\extra-web\lectia6-proiect.html,3,1,altul,1,0,1,2,1
C:\00\Projects\LearningHub\content\tic\cls7\extra-web\lectia6-proiect.html,4,1,altul,0,1,2,3,1
C:\00\Projects\LearningHub\content\tic\cls7\extra-web\lectia6-proiect.html,5,1,altul,4,1,1,10,2
C:\00\Projects\LearningHub\content\tic\cls7\extra-web\lectia6-proiect.html,6,1,altul,1,,1,7,2
C:\00\Projects\LearningHub\content\tic\cls7\m1-word-fundamente\lectia1-interfata-word.html,1,1,propriu,9,4,,9,1
C:\00\Projects\LearningHub\content\tic\cls7\m1-word-fundamente\lectia1-interfata-word.html,2,1,propriu,14,7,2,14,2
C:\00\Projects\LearningHub\content\tic\cls7\m1-word-fundamente\lectia1-interfata-word.html,3,1,propriu,11,7,6,11,3
C:\00\Projects\LearningHub\content\tic\cls7\m1-word-fundamente\lectia1-interfata-word.html,4,1,propriu,12,3,10,12,4
C:\00\Projects\LearningHub\content\tic\cls7\m1-word-fundamente\lectia1-interfata-word.html,5,1,propriu,9,2,3,9,5
C:\00\Projects\LearningHub\content\tic\cls7\m1-word-fundamente\lectia1-interfata-word.html,6,1,propriu,11,6,2,11,6
C:\00\Projects\LearningHub\content\tic\cls7\m1-word-fundamente\lectia1-interfata-word.html,7,1,propriu,10,1,1,10,7
C:\00\Projects\LearningHub\content\tic\cls7\m1-word-fundamente\lectia1-interfata-word.html,8,1,propriu,17,1,4,17,8
C:\00\Projects\LearningHub\content\tic\cls7\m1-word-fundamente\lectia1-interfata-word.html,9,1,propriu,15,2,6,15,9
C:\00\Projects\LearningHub\content\tic\cls7\m1-word-fundamente\lectia1-interfata-word.html,10,1,propriu,12,4,3,12,10
C:\00\Projects\LearningHub\content\tic\cls7\m1-word-fundamente\lectia1-interfata-word.html,11,1,propriu,8,,5,8,11
C:\00\Projects\LearningHub\content\tic\cls7\m1-word-fundamente\lectia2-formatare-text.html,1,1,propriu,12,5,,12,1
C:\00\Projects\LearningHub\content\tic\cls7\m1-word-fundamente\lectia2-formatare-text.html,2,1,propriu,10,2,3,10,2
C:\00\Projects\LearningHub\content\tic\cls7\m1-word-fundamente\lectia2-formatare-text.html,3,1,propriu,11,2,1,11,3
C:\00\Projects\LearningHub\content\tic\cls7\m1-word-fundamente\lectia2-formatare-text.html,4,1,propriu,11,4,5,11,4
C:\00\Projects\LearningHub\content\tic\cls7\m1-word-fundamente\lectia2-formatare-text.html,5,1,propriu,14,4,6,14,5
C:\00\Projects\LearningHub\content\tic\cls7\m1-word-fundamente\lectia2-formatare-text.html,6,1,propriu,13,4,4,13,6
C:\00\Projects\LearningHub\content\tic\cls7\m1-word-fundamente\lectia2-formatare-text.html,7,1,propriu,11,2,3,11,7
C:\00\Projects\LearningHub\content\tic\cls7\m1-word-fundamente\lectia2-formatare-text.html,8,1,propriu,14,5,2,14,8
C:\00\Projects\LearningHub\content\tic\cls7\m1-word-fundamente\lectia2-formatare-text.html,9,1,propriu,15,4,4,15,9
C:\00\Projects\LearningHub\content\tic\cls7\m1-word-fundamente\lectia2-formatare-text.html,10,1,propriu,14,,3,14,10
C:\00\Projects\LearningHub\content\tic\cls7\m1-word-fundamente\lectia3-paragrafe.html,1,1,propriu,12,3,,12,1
C:\00\Projects\LearningHub\content\tic\cls7\m1-word-fundamente\lectia3-paragrafe.html,2,1,propriu,19,9,9,19,2
C:\00\Projects\LearningHub\content\tic\cls7\m1-word-fundamente\lectia3-paragrafe.html,3,1,propriu,10,10,4,10,3
C:\00\Projects\LearningHub\content\tic\cls7\m1-word-fundamente\lectia3-paragrafe.html,4,1,propriu,8,3,3,8,4
C:\00\Projects\LearningHub\content\tic\cls7\m1-word-fundamente\lectia3-paragrafe.html,5,1,propriu,13,7,1,13,5
C:\00\Projects\LearningHub\content\tic\cls7\m1-word-fundamente\lectia3-paragrafe.html,6,1,propriu,16,7,8,16,6
C:\00\Projects\LearningHub\content\tic\cls7\m1-word-fundamente\lectia3-paragrafe.html,7,1,propriu,14,3,3,14,7
C:\00\Projects\LearningHub\content\tic\cls7\m1-word-fundamente\lectia3-paragrafe.html,8,1,propriu,10,3,3,10,8
C:\00\Projects\LearningHub\content\tic\cls7\m1-word-fundamente\lectia3-paragrafe.html,9,1,propriu,13,6,2,13,9
C:\00\Projects\LearningHub\content\tic\cls7\m1-word-fundamente\lectia3-paragrafe.html,10,1,propriu,14,,5,14,10
C:\00\Projects\LearningHub\content\tic\cls7\m1-word-fundamente\lectia4-liste.html,1,1,propriu,12,7,,12,1
C:\00\Projects\LearningHub\content\tic\cls7\m1-word-fundamente\lectia4-liste.html,2,1,propriu,14,3,4,14,2
C:\00\Projects\LearningHub\content\tic\cls7\m1-word-fundamente\lectia4-liste.html,3,1,propriu,12,8,3,12,3
C:\00\Projects\LearningHub\content\tic\cls7\m1-word-fundamente\lectia4-liste.html,4,1,propriu,10,2,2,10,4
C:\00\Projects\LearningHub\content\tic\cls7\m1-word-fundamente\lectia4-liste.html,5,1,propriu,15,8,7,15,5
C:\00\Projects\LearningHub\content\tic\cls7\m1-word-fundamente\lectia4-liste.html,6,1,propriu,15,8,4,15,6
C:\00\Projects\LearningHub\content\tic\cls7\m1-word-fundamente\lectia4-liste.html,7,1,propriu,11,2,7,11,7
C:\00\Projects\LearningHub\content\tic\cls7\m1-word-fundamente\lectia4-liste.html,8,1,propriu,15,5,4,15,8
C:\00\Projects\LearningHub\content\tic\cls7\m1-word-fundamente\lectia4-liste.html,9,1,propriu,14,6,6,14,9
C:\00\Projects\LearningHub\content\tic\cls7\m1-word-fundamente\lectia4-liste.html,10,1,propriu,14,,6,14,10
C:\00\Projects\LearningHub\content\tic\cls7\m1-word-fundamente\lectia5-tabele.html,1,1,propriu,14,5,,14,1
C:\00\Projects\LearningHub\content\tic\cls7\m1-word-fundamente\lectia5-tabele.html,2,1,propriu,15,3,5,15,2
C:\00\Projects\LearningHub\content\tic\cls7\m1-word-fundamente\lectia5-tabele.html,3,1,propriu,12,4,3,12,3
C:\00\Projects\LearningHub\content\tic\cls7\m1-word-fundamente\lectia5-tabele.html,4,1,propriu,12,8,6,12,4
C:\00\Projects\LearningHub\content\tic\cls7\m1-word-fundamente\lectia5-tabele.html,5,1,propriu,17,6,5,17,5
C:\00\Projects\LearningHub\content\tic\cls7\m1-word-fundamente\lectia5-tabele.html,6,1,propriu,16,6,3,16,6
C:\00\Projects\LearningHub\content\tic\cls7\m1-word-fundamente\lectia5-tabele.html,7,1,propriu,13,7,5,13,7
C:\00\Projects\LearningHub\content\tic\cls7\m1-word-fundamente\lectia5-tabele.html,8,1,propriu,17,8,6,17,8
C:\00\Projects\LearningHub\content\tic\cls7\m1-word-fundamente\lectia5-tabele.html,9,1,propriu,15,2,11,15,9
C:\00\Projects\LearningHub\content\tic\cls7\m1-word-fundamente\lectia5-tabele.html,10,1,propriu,15,6,5,15,10
C:\00\Projects\LearningHub\content\tic\cls7\m1-word-fundamente\lectia5-tabele.html,11,1,propriu,13,,4,13,11
C:\00\Projects\LearningHub\content\tic\cls7\m1-word-fundamente\lectia6-evaluare.html,1,1,propriu,19,2,,19,1
C:\00\Projects\LearningHub\content\tic\cls7\m1-word-fundamente\lectia6-evaluare.html,2,1,propriu,14,2,5,14,2
C:\00\Projects\LearningHub\content\tic\cls7\m1-word-fundamente\lectia6-evaluare.html,3,1,propriu,12,1,2,12,3
C:\00\Projects\LearningHub\content\tic\cls7\m1-word-fundamente\lectia6-evaluare.html,4,1,propriu,12,5,1,12,4
C:\00\Projects\LearningHub\content\tic\cls7\m1-word-fundamente\lectia6-evaluare.html,5,1,propriu,15,4,5,15,5
C:\00\Projects\LearningHub\content\tic\cls7\m1-word-fundamente\lectia6-evaluare.html,6,1,propriu,14,1,2,14,6
C:\00\Projects\LearningHub\content\tic\cls7\m1-word-fundamente\lectia6-evaluare.html,7,1,propriu,15,2,2,15,7
C:\00\Projects\LearningHub\content\tic\cls7\m1-word-fundamente\lectia6-evaluare.html,8,1,propriu,10,1,3,10,8
C:\00\Projects\LearningHub\content\tic\cls7\m1-word-fundamente\lectia6-evaluare.html,9,1,propriu,13,3,0,13,9
C:\00\Projects\LearningHub\content\tic\cls7\m1-word-fundamente\lectia6-evaluare.html,10,1,propriu,14,1,2,14,10
C:\00\Projects\LearningHub\content\tic\cls7\m1-word-fundamente\lectia6-evaluare.html,11,1,propriu,19,,5,19,11
C:\00\Projects\LearningHub\content\tic\cls7\m2-word-avansat\lectia1-liste.html,1,1,propriu,13,3,,13,1
C:\00\Projects\LearningHub\content\tic\cls7\m2-word-avansat\lectia1-liste.html,2,1,propriu,9,4,3,9,2
C:\00\Projects\LearningHub\content\tic\cls7\m2-word-avansat\lectia1-liste.html,3,1,propriu,9,1,2,9,3
C:\00\Projects\LearningHub\content\tic\cls7\m2-word-avansat\lectia1-liste.html,4,1,propriu,10,1,0,10,4
C:\00\Projects\LearningHub\content\tic\cls7\m2-word-avansat\lectia1-liste.html,5,1,propriu,11,3,1,11,5
C:\00\Projects\LearningHub\content\tic\cls7\m2-word-avansat\lectia1-liste.html,6,1,propriu,11,2,3,11,6
C:\00\Projects\LearningHub\content\tic\cls7\m2-word-avansat\lectia1-liste.html,7,1,propriu,13,4,2,13,7
C:\00\Projects\LearningHub\content\tic\cls7\m2-word-avansat\lectia1-liste.html,8,1,propriu,11,,2,11,8
C:\00\Projects\LearningHub\content\tic\cls7\m2-word-avansat\lectia2-stiluri.html,1,1,propriu,8,3,,8,1
C:\00\Projects\LearningHub\content\tic\cls7\m2-word-avansat\lectia2-stiluri.html,2,1,propriu,15,2,7,15,2
C:\00\Projects\LearningHub\content\tic\cls7\m2-word-avansat\lectia2-stiluri.html,3,1,propriu,10,1,3,10,3
C:\00\Projects\LearningHub\content\tic\cls7\m2-word-avansat\lectia2-stiluri.html,4,1,propriu,10,4,4,10,4
C:\00\Projects\LearningHub\content\tic\cls7\m2-word-avansat\lectia2-stiluri.html,5,1,propriu,9,5,5,9,5
C:\00\Projects\LearningHub\content\tic\cls7\m2-word-avansat\lectia2-stiluri.html,6,1,propriu,12,4,5,12,6
C:\00\Projects\LearningHub\content\tic\cls7\m2-word-avansat\lectia2-stiluri.html,7,1,propriu,12,5,4,12,7
C:\00\Projects\LearningHub\content\tic\cls7\m2-word-avansat\lectia2-stiluri.html,8,1,propriu,13,7,6,13,8
C:\00\Projects\LearningHub\content\tic\cls7\m2-word-avansat\lectia2-stiluri.html,9,1,propriu,11,2,4,11,9
C:\00\Projects\LearningHub\content\tic\cls7\m2-word-avansat\lectia2-stiluri.html,10,1,propriu,8,,2,8,10
C:\00\Projects\LearningHub\content\tic\cls7\m2-word-avansat\lectia3-sectiuni.html,1,1,propriu,6,5,,6,1
C:\00\Projects\LearningHub\content\tic\cls7\m2-word-avansat\lectia3-sectiuni.html,2,1,propriu,7,6,3,7,2
C:\00\Projects\LearningHub\content\tic\cls7\m2-word-avansat\lectia3-sectiuni.html,3,1,propriu,8,1,3,8,3
C:\00\Projects\LearningHub\content\tic\cls7\m2-word-avansat\lectia3-sectiuni.html,4,1,propriu,7,3,3,7,4
C:\00\Projects\LearningHub\content\tic\cls7\m2-word-avansat\lectia3-sectiuni.html,5,1,propriu,7,2,5,7,5
C:\00\Projects\LearningHub\content\tic\cls7\m2-word-avansat\lectia3-sectiuni.html,6,1,propriu,15,10,9,15,6
C:\00\Projects\LearningHub\content\tic\cls7\m2-word-avansat\lectia3-sectiuni.html,7,1,propriu,10,1,1,10,7
C:\00\Projects\LearningHub\content\tic\cls7\m2-word-avansat\lectia3-sectiuni.html,8,1,propriu,12,8,7,12,8
C:\00\Projects\LearningHub\content\tic\cls7\m2-word-avansat\lectia3-sectiuni.html,9,1,propriu,13,7,7,13,9
C:\00\Projects\LearningHub\content\tic\cls7\m2-word-avansat\lectia3-sectiuni.html,10,1,propriu,12,,4,12,10
C:\00\Projects\LearningHub\content\tic\cls7\m2-word-avansat\lectia4-header-footer.html,1,1,propriu,6,4,,6,1
C:\00\Projects\LearningHub\content\tic\cls7\m2-word-avansat\lectia4-header-footer.html,2,1,propriu,8,2,3,8,2
C:\00\Projects\LearningHub\content\tic\cls7\m2-word-avansat\lectia4-header-footer.html,3,1,propriu,8,4,4,8,3
C:\00\Projects\LearningHub\content\tic\cls7\m2-word-avansat\lectia4-header-footer.html,4,1,propriu,13,9,7,13,4
C:\00\Projects\LearningHub\content\tic\cls7\m2-word-avansat\lectia4-header-footer.html,5,1,propriu,11,4,5,11,5
C:\00\Projects\LearningHub\content\tic\cls7\m2-word-avansat\lectia4-header-footer.html,6,1,propriu,11,2,3,11,6
C:\00\Projects\LearningHub\content\tic\cls7\m2-word-avansat\lectia4-header-footer.html,7,1,propriu,12,4,3,12,7
C:\00\Projects\LearningHub\content\tic\cls7\m2-word-avansat\lectia4-header-footer.html,8,1,propriu,15,9,5,15,8
C:\00\Projects\LearningHub\content\tic\cls7\m2-word-avansat\lectia4-header-footer.html,9,1,propriu,14,6,4,14,9
C:\00\Projects\LearningHub\content\tic\cls7\m2-word-avansat\lectia4-header-footer.html,10,1,propriu,12,,5,12,10
C:\00\Projects\LearningHub\content\tic\cls7\m2-word-avansat\lectia5-imagini-obiecte.html,1,1,propriu,6,3,,6,1
C:\00\Projects\LearningHub\content\tic\cls7\m2-word-avansat\lectia5-imagini-obiecte.html,2,1,propriu,11,6,3,11,2
C:\00\Projects\LearningHub\content\tic\cls7\m2-word-avansat\lectia5-imagini-obiecte.html,3,1,propriu,9,4,2,9,3
C:\00\Projects\LearningHub\content\tic\cls7\m2-word-avansat\lectia5-imagini-obiecte.html,4,1,propriu,6,3,2,6,4
C:\00\Projects\LearningHub\content\tic\cls7\m2-word-avansat\lectia5-imagini-obiecte.html,5,1,propriu,7,2,2,7,5
C:\00\Projects\LearningHub\content\tic\cls7\m2-word-avansat\lectia5-imagini-obiecte.html,6,1,propriu,9,2,1,9,6
C:\00\Projects\LearningHub\content\tic\cls7\m2-word-avansat\lectia5-imagini-obiecte.html,7,1,propriu,7,1,2,7,7
C:\00\Projects\LearningHub\content\tic\cls7\m2-word-avansat\lectia5-imagini-obiecte.html,8,1,propriu,11,0,2,11,8
C:\00\Projects\LearningHub\content\tic\cls7\m2-word-avansat\lectia5-imagini-obiecte.html,9,1,propriu,12,5,2,12,9
C:\00\Projects\LearningHub\content\tic\cls7\m2-word-avansat\lectia5-imagini-obiecte.html,10,1,propriu,9,3,4,9,10
C:\00\Projects\LearningHub\content\tic\cls7\m2-word-avansat\lectia5-imagini-obiecte.html,11,1,propriu,8,,5,8,11
C:\00\Projects\LearningHub\content\tic\cls7\m2-word-avansat\lectia6-aplicatie.html,1,1,propriu,8,4,,8,1
C:\00\Projects\LearningHub\content\tic\cls7\m2-word-avansat\lectia6-aplicatie.html,2,1,propriu,10,2,4,10,2
C:\00\Projects\LearningHub\content\tic\cls7\m2-word-avansat\lectia6-aplicatie.html,3,1,propriu,9,0,2,9,3
C:\00\Projects\LearningHub\content\tic\cls7\m2-word-avansat\lectia6-aplicatie.html,4,1,propriu,7,1,0,7,4
C:\00\Projects\LearningHub\content\tic\cls7\m2-word-avansat\lectia6-aplicatie.html,5,1,propriu,7,3,0,7,5
C:\00\Projects\LearningHub\content\tic\cls7\m2-word-avansat\lectia6-aplicatie.html,6,1,propriu,10,3,4,10,6
C:\00\Projects\LearningHub\content\tic\cls7\m2-word-avansat\lectia6-aplicatie.html,7,1,propriu,10,2,3,10,7
C:\00\Projects\LearningHub\content\tic\cls7\m2-word-avansat\lectia6-aplicatie.html,8,1,propriu,8,3,3,8,8
C:\00\Projects\LearningHub\content\tic\cls7\m2-word-avansat\lectia6-aplicatie.html,9,1,propriu,13,4,4,13,9
C:\00\Projects\LearningHub\content\tic\cls7\m2-word-avansat\lectia6-aplicatie.html,10,1,propriu,17,,5,17,10
C:\00\Projects\LearningHub\content\tic\cls7\m2-word-avansat\lectia7-evaluare.html,1,1,propriu,10,1,,10,1
C:\00\Projects\LearningHub\content\tic\cls7\m2-word-avansat\lectia7-evaluare.html,2,1,propriu,6,4,2,6,2
C:\00\Projects\LearningHub\content\tic\cls7\m2-word-avansat\lectia7-evaluare.html,3,1,propriu,10,1,2,10,3
C:\00\Projects\LearningHub\content\tic\cls7\m2-word-avansat\lectia7-evaluare.html,4,1,propriu,9,7,0,9,4
C:\00\Projects\LearningHub\content\tic\cls7\m2-word-avansat\lectia7-evaluare.html,5,1,propriu,9,3,6,9,5
C:\00\Projects\LearningHub\content\tic\cls7\m2-word-avansat\lectia7-evaluare.html,6,1,propriu,14,9,5,14,6
C:\00\Projects\LearningHub\content\tic\cls7\m2-word-avansat\lectia7-evaluare.html,7,1,propriu,9,6,6,9,7
C:\00\Projects\LearningHub\content\tic\cls7\m2-word-avansat\lectia7-evaluare.html,8,1,propriu,11,2,3,11,8
C:\00\Projects\LearningHub\content\tic\cls7\m2-word-avansat\lectia7-evaluare.html,9,1,propriu,7,2,1,7,9
C:\00\Projects\LearningHub\content\tic\cls7\m2-word-avansat\lectia7-evaluare.html,10,1,propriu,8,,4,8,10
C:\00\Projects\LearningHub\content\tic\cls7\m3-algoritmi-schema\lectia1-codeblocks.html,1,1,propriu,9,3,,9,1
C:\00\Projects\LearningHub\content\tic\cls7\m3-algoritmi-schema\lectia1-codeblocks.html,2,1,propriu,7,2,2,7,2
C:\00\Projects\LearningHub\content\tic\cls7\m3-algoritmi-schema\lectia1-codeblocks.html,3,1,propriu,6,0,6,6,3
C:\00\Projects\LearningHub\content\tic\cls7\m3-algoritmi-schema\lectia1-codeblocks.html,4,1,propriu,8,,0,8,4
C:\00\Projects\LearningHub\content\tic\cls7\m3-algoritmi-schema\lectia2-elemente-baza.html,1,1,propriu,2,0,,2,1
C:\00\Projects\LearningHub\content\tic\cls7\m3-algoritmi-schema\lectia2-elemente-baza.html,2,1,propriu,5,0,1,5,2
C:\00\Projects\LearningHub\content\tic\cls7\m3-algoritmi-schema\lectia2-elemente-baza.html,3,1,propriu,7,2,2,7,3
C:\00\Projects\LearningHub\content\tic\cls7\m3-algoritmi-schema\lectia2-elemente-baza.html,4,1,propriu,4,0,0,4,4
C:\00\Projects\LearningHub\content\tic\cls7\m3-algoritmi-schema\lectia2-elemente-baza.html,5,1,propriu,4,0,1,4,5
C:\00\Projects\LearningHub\content\tic\cls7\m3-algoritmi-schema\lectia2-elemente-baza.html,6,1,propriu,3,,0,3,6
C:\00\Projects\LearningHub\content\tic\cls7\m3-algoritmi-schema\lectia3-structura-liniara.html,1,1,propriu,8,6,,8,1
C:\00\Projects\LearningHub\content\tic\cls7\m3-algoritmi-schema\lectia3-structura-liniara.html,2,1,propriu,11,1,4,11,2
C:\00\Projects\LearningHub\content\tic\cls7\m3-algoritmi-schema\lectia3-structura-liniara.html,3,1,propriu,8,3,6,8,3
C:\00\Projects\LearningHub\content\tic\cls7\m3-algoritmi-schema\lectia3-structura-liniara.html,4,1,propriu,3,2,1,3,4
C:\00\Projects\LearningHub\content\tic\cls7\m3-algoritmi-schema\lectia3-structura-liniara.html,5,1,slab,1,,0,1,5
C:\00\Projects\LearningHub\content\tic\cls7\m3-algoritmi-schema\lectia4-structura-alternativa.html,1,1,propriu,9,6,,9,1
C:\00\Projects\LearningHub\content\tic\cls7\m3-algoritmi-schema\lectia4-structura-alternativa.html,2,1,propriu,3,0,1,3,2
C:\00\Projects\LearningHub\content\tic\cls7\m3-algoritmi-schema\lectia4-structura-alternativa.html,3,1,propriu,3,1,0,3,3
C:\00\Projects\LearningHub\content\tic\cls7\m3-algoritmi-schema\lectia4-structura-alternativa.html,4,1,propriu,3,0,1,3,4
C:\00\Projects\LearningHub\content\tic\cls7\m3-algoritmi-schema\lectia4-structura-alternativa.html,5,1,propriu,5,,0,5,5
C:\00\Projects\LearningHub\content\tic\cls7\m3-algoritmi-schema\lectia5-while.html,1,1,propriu,7,3,,7,1
C:\00\Projects\LearningHub\content\tic\cls7\m3-algoritmi-schema\lectia5-while.html,2,1,propriu,4,1,4,4,2
C:\00\Projects\LearningHub\content\tic\cls7\m3-algoritmi-schema\lectia5-while.html,3,1,altul,2,2,2,6,1
C:\00\Projects\LearningHub\content\tic\cls7\m3-algoritmi-schema\lectia5-while.html,4,1,altul,5,,0,6,1
C:\00\Projects\LearningHub\content\tic\cls7\m3-algoritmi-schema\lectia6-do-while.html,1,1,propriu,9,5,,9,1
C:\00\Projects\LearningHub\content\tic\cls7\m3-algoritmi-schema\lectia6-do-while.html,2,1,propriu,6,1,3,6,2
C:\00\Projects\LearningHub\content\tic\cls7\m3-algoritmi-schema\lectia6-do-while.html,3,1,altul,4,1,4,6,1
C:\00\Projects\LearningHub\content\tic\cls7\m3-algoritmi-schema\lectia6-do-while.html,4,1,altul,3,4,4,5,6
C:\00\Projects\LearningHub\content\tic\cls7\m3-algoritmi-schema\lectia6-do-while.html,5,1,propriu,7,3,0,7,5
C:\00\Projects\LearningHub\content\tic\cls7\m3-algoritmi-schema\lectia6-do-while.html,6,1,propriu,5,2,2,5,6
C:\00\Projects\LearningHub\content\tic\cls7\m3-algoritmi-schema\lectia6-do-while.html,7,1,propriu,7,3,3,7,7
C:\00\Projects\LearningHub\content\tic\cls7\m3-algoritmi-schema\lectia6-do-while.html,8,1,propriu,8,,2,8,8
C:\00\Projects\LearningHub\content\tic\cls7\m3-algoritmi-schema\lectia7-for.html,1,1,propriu,4,3,,4,1
C:\00\Projects\LearningHub\content\tic\cls7\m3-algoritmi-schema\lectia7-for.html,2,1,propriu,2,0,2,2,2
C:\00\Projects\LearningHub\content\tic\cls7\m3-algoritmi-schema\lectia7-for.html,3,1,propriu,2,0,0,2,3
C:\00\Projects\LearningHub\content\tic\cls7\m3-algoritmi-schema\lectia7-for.html,4,1,slab,1,0,0,1,4
C:\00\Projects\LearningHub\content\tic\cls7\m3-algoritmi-schema\lectia7-for.html,5,1,altul,0,2,1,4,1
C:\00\Projects\LearningHub\content\tic\cls7\m3-algoritmi-schema\lectia7-for.html,6,1,propriu,10,,0,10,6
C:\00\Projects\LearningHub\content\tic\cls7\m3-algoritmi-schema\lectia8-fizica.html,1,1,propriu,14,,,14,1
C:\00\Projects\LearningHub\content\tic\cls7\m4-algoritmi-siruri\lectia1-for.html,1,1,propriu,10,6,,10,1
C:\00\Projects\LearningHub\content\tic\cls7\m4-algoritmi-siruri\lectia1-for.html,2,1,propriu,9,2,2,9,2
C:\00\Projects\LearningHub\content\tic\cls7\m4-algoritmi-siruri\lectia1-for.html,3,1,propriu,7,3,2,7,3
C:\00\Projects\LearningHub\content\tic\cls7\m4-algoritmi-siruri\lectia1-for.html,4,1,propriu,5,4,3,5,4
C:\00\Projects\LearningHub\content\tic\cls7\m4-algoritmi-siruri\lectia1-for.html,5,1,propriu,7,7,5,7,5
C:\00\Projects\LearningHub\content\tic\cls7\m4-algoritmi-siruri\lectia1-for.html,6,1,propriu,3,2,2,3,6
C:\00\Projects\LearningHub\content\tic\cls7\m4-algoritmi-siruri\lectia1-for.html,7,1,propriu,5,2,4,5,7
C:\00\Projects\LearningHub\content\tic\cls7\m4-algoritmi-siruri\lectia1-for.html,8,1,propriu,6,4,1,6,8
C:\00\Projects\LearningHub\content\tic\cls7\m4-algoritmi-siruri\lectia1-for.html,9,1,propriu,7,2,3,7,9
C:\00\Projects\LearningHub\content\tic\cls7\m4-algoritmi-siruri\lectia1-for.html,10,1,propriu,7,,7,7,10
C:\00\Projects\LearningHub\content\tic\cls7\m4-algoritmi-siruri\lectia2-siruri.html,1,1,propriu,10,3,,10,1
C:\00\Projects\LearningHub\content\tic\cls7\m4-algoritmi-siruri\lectia2-siruri.html,2,1,propriu,7,3,3,7,2
C:\00\Projects\LearningHub\content\tic\cls7\m4-algoritmi-siruri\lectia2-siruri.html,3,1,propriu,8,3,5,8,3
C:\00\Projects\LearningHub\content\tic\cls7\m4-algoritmi-siruri\lectia2-siruri.html,4,1,propriu,9,5,3,9,4
C:\00\Projects\LearningHub\content\tic\cls7\m4-algoritmi-siruri\lectia2-siruri.html,5,1,propriu,6,1,1,6,5
C:\00\Projects\LearningHub\content\tic\cls7\m4-algoritmi-siruri\lectia2-siruri.html,6,1,propriu,10,3,2,10,6
C:\00\Projects\LearningHub\content\tic\cls7\m4-algoritmi-siruri\lectia2-siruri.html,7,1,propriu,6,3,1,6,7
C:\00\Projects\LearningHub\content\tic\cls7\m4-algoritmi-siruri\lectia2-siruri.html,8,1,propriu,10,3,1,10,8
C:\00\Projects\LearningHub\content\tic\cls7\m4-algoritmi-siruri\lectia2-siruri.html,9,1,propriu,13,2,3,13,9
C:\00\Projects\LearningHub\content\tic\cls7\m4-algoritmi-siruri\lectia2-siruri.html,10,1,propriu,10,,2,10,10
C:\00\Projects\LearningHub\content\tic\cls7\m4-algoritmi-siruri\lectia3-parcurgere.html,1,1,propriu,6,2,,6,1
C:\00\Projects\LearningHub\content\tic\cls7\m4-algoritmi-siruri\lectia3-parcurgere.html,2,1,propriu,7,6,4,7,2
C:\00\Projects\LearningHub\content\tic\cls7\m4-algoritmi-siruri\lectia3-parcurgere.html,3,1,propriu,6,1,3,6,3
C:\00\Projects\LearningHub\content\tic\cls7\m4-algoritmi-siruri\lectia3-parcurgere.html,4,1,propriu,6,2,2,6,4
C:\00\Projects\LearningHub\content\tic\cls7\m4-algoritmi-siruri\lectia3-parcurgere.html,5,1,propriu,8,3,3,8,5
C:\00\Projects\LearningHub\content\tic\cls7\m4-algoritmi-siruri\lectia3-parcurgere.html,6,1,propriu,8,4,4,8,6
C:\00\Projects\LearningHub\content\tic\cls7\m4-algoritmi-siruri\lectia3-parcurgere.html,7,1,propriu,19,6,6,19,7
C:\00\Projects\LearningHub\content\tic\cls7\m4-algoritmi-siruri\lectia3-parcurgere.html,8,1,propriu,9,3,3,9,8
C:\00\Projects\LearningHub\content\tic\cls7\m4-algoritmi-siruri\lectia3-parcurgere.html,9,1,propriu,6,4,3,6,9
C:\00\Projects\LearningHub\content\tic\cls7\m4-algoritmi-siruri\lectia3-parcurgere.html,10,1,propriu,7,,4,7,10
C:\00\Projects\LearningHub\content\tic\cls7\m4-algoritmi-siruri\lectia4-suma-medie.html,1,1,propriu,7,5,,7,1
C:\00\Projects\LearningHub\content\tic\cls7\m4-algoritmi-siruri\lectia4-suma-medie.html,2,1,propriu,6,3,4,6,2
C:\00\Projects\LearningHub\content\tic\cls7\m4-algoritmi-siruri\lectia4-suma-medie.html,3,1,propriu,5,5,2,5,3
C:\00\Projects\LearningHub\content\tic\cls7\m4-algoritmi-siruri\lectia4-suma-medie.html,4,1,propriu,6,0,3,6,4
C:\00\Projects\LearningHub\content\tic\cls7\m4-algoritmi-siruri\lectia4-suma-medie.html,5,1,propriu,7,4,2,7,5
C:\00\Projects\LearningHub\content\tic\cls7\m4-algoritmi-siruri\lectia4-suma-medie.html,6,1,propriu,9,3,3,9,6
C:\00\Projects\LearningHub\content\tic\cls7\m4-algoritmi-siruri\lectia4-suma-medie.html,7,1,propriu,8,3,3,8,7
C:\00\Projects\LearningHub\content\tic\cls7\m4-algoritmi-siruri\lectia4-suma-medie.html,8,1,propriu,6,2,2,6,8
C:\00\Projects\LearningHub\content\tic\cls7\m4-algoritmi-siruri\lectia4-suma-medie.html,9,1,propriu,6,2,1,6,9
C:\00\Projects\LearningHub\content\tic\cls7\m4-algoritmi-siruri\lectia4-suma-medie.html,10,1,propriu,8,,1,8,10
C:\00\Projects\LearningHub\content\tic\cls7\m4-algoritmi-siruri\lectia5-maxim-minim.html,1,1,propriu,3,2,,3,1
C:\00\Projects\LearningHub\content\tic\cls7\m4-algoritmi-siruri\lectia5-maxim-minim.html,2,1,propriu,7,6,3,7,2
C:\00\Projects\LearningHub\content\tic\cls7\m4-algoritmi-siruri\lectia5-maxim-minim.html,3,1,propriu,7,4,5,7,3
C:\00\Projects\LearningHub\content\tic\cls7\m4-algoritmi-siruri\lectia5-maxim-minim.html,4,1,propriu,7,3,0,7,4
C:\00\Projects\LearningHub\content\tic\cls7\m4-algoritmi-siruri\lectia5-maxim-minim.html,5,1,propriu,6,2,3,6,5
C:\00\Projects\LearningHub\content\tic\cls7\m4-algoritmi-siruri\lectia5-maxim-minim.html,6,1,propriu,8,3,5,8,6
C:\00\Projects\LearningHub\content\tic\cls7\m4-algoritmi-siruri\lectia5-maxim-minim.html,7,1,propriu,10,5,4,10,7
C:\00\Projects\LearningHub\content\tic\cls7\m4-algoritmi-siruri\lectia5-maxim-minim.html,8,1,propriu,8,2,2,8,8
C:\00\Projects\LearningHub\content\tic\cls7\m4-algoritmi-siruri\lectia5-maxim-minim.html,9,1,propriu,12,7,5,12,9
C:\00\Projects\LearningHub\content\tic\cls7\m4-algoritmi-siruri\lectia5-maxim-minim.html,10,1,propriu,5,,3,5,10
C:\00\Projects\LearningHub\content\tic\cls7\m4-algoritmi-siruri\lectia6-proiect.html,1,1,propriu,15,9,,15,1
C:\00\Projects\LearningHub\content\tic\cls7\m4-algoritmi-siruri\lectia6-proiect.html,2,1,propriu,9,3,7,9,2
C:\00\Projects\LearningHub\content\tic\cls7\m4-algoritmi-siruri\lectia6-proiect.html,3,1,propriu,11,3,4,11,3
C:\00\Projects\LearningHub\content\tic\cls7\m4-algoritmi-siruri\lectia6-proiect.html,4,1,propriu,12,3,5,12,4
C:\00\Projects\LearningHub\content\tic\cls7\m4-algoritmi-siruri\lectia6-proiect.html,5,1,propriu,7,2,1,7,5
C:\00\Projects\LearningHub\content\tic\cls7\m4-algoritmi-siruri\lectia6-proiect.html,6,1,propriu,5,2,3,5,6
C:\00\Projects\LearningHub\content\tic\cls7\m4-algoritmi-siruri\lectia6-proiect.html,7,1,propriu,9,2,2,9,7
C:\00\Projects\LearningHub\content\tic\cls7\m4-algoritmi-siruri\lectia6-proiect.html,8,1,propriu,8,5,2,8,8
C:\00\Projects\LearningHub\content\tic\cls7\m4-algoritmi-siruri\lectia6-proiect.html,9,1,propriu,8,3,4,8,9
C:\00\Projects\LearningHub\content\tic\cls7\m4-algoritmi-siruri\lectia6-proiect.html,10,1,propriu,9,,6,9,10
C:\00\Projects\LearningHub\content\tic\cls7\m4-colaborare\lectia2-google-docs.html,1,1,propriu,7,3,,7,1
C:\00\Projects\LearningHub\content\tic\cls7\m4-colaborare\lectia2-google-docs.html,2,1,propriu,9,3,4,9,2
C:\00\Projects\LearningHub\content\tic\cls7\m4-colaborare\lectia2-google-docs.html,3,1,propriu,9,3,1,9,3
C:\00\Projects\LearningHub\content\tic\cls7\m4-colaborare\lectia2-google-docs.html,4,1,propriu,6,1,3,6,4
C:\00\Projects\LearningHub\content\tic\cls7\m4-colaborare\lectia2-google-docs.html,5,1,propriu,9,3,2,9,5
C:\00\Projects\LearningHub\content\tic\cls7\m4-colaborare\lectia2-google-docs.html,6,1,propriu,6,,1,6,6
C:\00\Projects\LearningHub\content\tic\cls7\m4-colaborare\lectia3-canva-padlet.html,1,1,propriu,9,2,,9,1
C:\00\Projects\LearningHub\content\tic\cls7\m4-colaborare\lectia3-canva-padlet.html,2,1,decalat_inainte,2,7,1,7,3
C:\00\Projects\LearningHub\content\tic\cls7\m4-colaborare\lectia3-canva-padlet.html,3,1,altul,1,1,2,4,1
C:\00\Projects\LearningHub\content\tic\cls7\m4-colaborare\lectia3-canva-padlet.html,4,1,altul,1,1,1,2,2
C:\00\Projects\LearningHub\content\tic\cls7\m4-colaborare\lectia3-canva-padlet.html,5,1,propriu,6,,3,6,5
C:\00\Projects\LearningHub\content\tic\cls7\m4-colaborare\lectia4-etica-digitala.html,1,1,propriu,6,5,,6,1
C:\00\Projects\LearningHub\content\tic\cls7\m4-colaborare\lectia4-etica-digitala.html,2,1,propriu,11,1,3,11,2
C:\00\Projects\LearningHub\content\tic\cls7\m4-colaborare\lectia4-etica-digitala.html,3,1,propriu,9,3,2,9,3
C:\00\Projects\LearningHub\content\tic\cls7\m4-colaborare\lectia4-etica-digitala.html,4,1,propriu,7,1,3,7,4
C:\00\Projects\LearningHub\content\tic\cls7\m4-colaborare\lectia4-etica-digitala.html,5,1,slab,0,0,1,1,4
C:\00\Projects\LearningHub\content\tic\cls7\m4-colaborare\lectia4-etica-digitala.html,6,1,propriu,15,,5,15,6
C:\00\Projects\LearningHub\content\tic\cls7\m5-proiecte-recap\lectia-audio-video.html,1,1,propriu,9,2,,9,1
C:\00\Projects\LearningHub\content\tic\cls7\m5-proiecte-recap\lectia-audio-video.html,2,1,propriu,13,4,4,13,2
C:\00\Projects\LearningHub\content\tic\cls7\m5-proiecte-recap\lectia-audio-video.html,3,1,propriu,12,4,3,12,3
C:\00\Projects\LearningHub\content\tic\cls7\m5-proiecte-recap\lectia-audio-video.html,4,1,propriu,18,5,5,18,4
C:\00\Projects\LearningHub\content\tic\cls7\m5-proiecte-recap\lectia-audio-video.html,5,1,propriu,15,,3,15,5
C:\00\Projects\LearningHub\content\tic\cls7\m5-proiecte-recap\lectia-colaborative.html,1,1,propriu,15,6,,15,1
C:\00\Projects\LearningHub\content\tic\cls7\m5-proiecte-recap\lectia-colaborative.html,2,1,propriu,14,3,6,14,2
C:\00\Projects\LearningHub\content\tic\cls7\m5-proiecte-recap\lectia-colaborative.html,3,1,propriu,13,4,7,13,3
C:\00\Projects\LearningHub\content\tic\cls7\m5-proiecte-recap\lectia-colaborative.html,4,1,propriu,15,3,4,15,4
C:\00\Projects\LearningHub\content\tic\cls7\m5-proiecte-recap\lectia-colaborative.html,5,1,propriu,15,,5,15,5
C:\00\Projects\LearningHub\content\tic\cls7\m5-proiecte-recap\lectia1-proiect-cv.html,1,1,propriu,7,3,,7,1
C:\00\Projects\LearningHub\content\tic\cls7\m5-proiecte-recap\lectia1-proiect-cv.html,2,1,propriu,11,2,3,11,2
C:\00\Projects\LearningHub\content\tic\cls7\m5-proiecte-recap\lectia1-proiect-cv.html,3,1,propriu,11,3,1,11,3
C:\00\Projects\LearningHub\content\tic\cls7\m5-proiecte-recap\lectia1-proiect-cv.html,4,1,propriu,14,3,4,14,4
C:\00\Projects\LearningHub\content\tic\cls7\m5-proiecte-recap\lectia1-proiect-cv.html,5,1,propriu,9,1,2,9,5
C:\00\Projects\LearningHub\content\tic\cls7\m5-proiecte-recap\lectia1-proiect-cv.html,6,1,propriu,10,2,0,10,6
C:\00\Projects\LearningHub\content\tic\cls7\m5-proiecte-recap\lectia1-proiect-cv.html,7,1,propriu,13,1,2,13,7
C:\00\Projects\LearningHub\content\tic\cls7\m5-proiecte-recap\lectia1-proiect-cv.html,8,1,propriu,13,2,1,13,8
C:\00\Projects\LearningHub\content\tic\cls7\m5-proiecte-recap\lectia1-proiect-cv.html,9,1,propriu,10,5,4,10,9
C:\00\Projects\LearningHub\content\tic\cls7\m5-proiecte-recap\lectia1-proiect-cv.html,10,1,propriu,11,,6,11,10
C:\00\Projects\LearningHub\content\tic\cls7\m5-proiecte-recap\lectia2-proiect-prezentare.html,1,1,propriu,11,5,,11,1
C:\00\Projects\LearningHub\content\tic\cls7\m5-proiecte-recap\lectia2-proiect-prezentare.html,2,1,propriu,12,3,3,12,2
C:\00\Projects\LearningHub\content\tic\cls7\m5-proiecte-recap\lectia2-proiect-prezentare.html,3,1,propriu,12,6,1,12,3
C:\00\Projects\LearningHub\content\tic\cls7\m5-proiecte-recap\lectia2-proiect-prezentare.html,4,1,propriu,9,2,5,9,4
C:\00\Projects\LearningHub\content\tic\cls7\m5-proiecte-recap\lectia2-proiect-prezentare.html,5,1,propriu,8,2,2,8,5
C:\00\Projects\LearningHub\content\tic\cls7\m5-proiecte-recap\lectia2-proiect-prezentare.html,6,1,propriu,13,1,3,13,6
C:\00\Projects\LearningHub\content\tic\cls7\m5-proiecte-recap\lectia2-proiect-prezentare.html,7,1,propriu,14,1,4,14,7
C:\00\Projects\LearningHub\content\tic\cls7\m5-proiecte-recap\lectia2-proiect-prezentare.html,8,1,propriu,12,4,4,12,8
C:\00\Projects\LearningHub\content\tic\cls7\m5-proiecte-recap\lectia2-proiect-prezentare.html,9,1,propriu,14,3,3,14,9
C:\00\Projects\LearningHub\content\tic\cls7\m5-proiecte-recap\lectia2-proiect-prezentare.html,10,1,propriu,12,,5,12,10
C:\00\Projects\LearningHub\content\tic\cls7\m5-proiecte-recap\lectia3-proiect-algoritm.html,1,1,propriu,9,6,,9,1
C:\00\Projects\LearningHub\content\tic\cls7\m5-proiecte-recap\lectia3-proiect-algoritm.html,2,1,propriu,10,3,3,10,2
C:\00\Projects\LearningHub\content\tic\cls7\m5-proiecte-recap\lectia3-proiect-algoritm.html,3,1,propriu,10,4,2,10,3
C:\00\Projects\LearningHub\content\tic\cls7\m5-proiecte-recap\lectia3-proiect-algoritm.html,4,1,propriu,7,2,3,7,4
C:\00\Projects\LearningHub\content\tic\cls7\m5-proiecte-recap\lectia3-proiect-algoritm.html,5,1,propriu,12,3,5,12,5
C:\00\Projects\LearningHub\content\tic\cls7\m5-proiecte-recap\lectia3-proiect-algoritm.html,6,1,propriu,12,1,2,12,6
C:\00\Projects\LearningHub\content\tic\cls7\m5-proiecte-recap\lectia3-proiect-algoritm.html,7,1,propriu,8,1,2,8,7
C:\00\Projects\LearningHub\content\tic\cls7\m5-proiecte-recap\lectia3-proiect-algoritm.html,8,1,propriu,14,6,4,14,8
C:\00\Projects\LearningHub\content\tic\cls7\m5-proiecte-recap\lectia3-proiect-algoritm.html,9,1,propriu,7,4,3,7,9
C:\00\Projects\LearningHub\content\tic\cls7\m5-proiecte-recap\lectia3-proiect-algoritm.html,10,1,propriu,14,,11,14,10
C:\00\Projects\LearningHub\content\tic\cls7\m5-proiecte-recap\lectia4-recapitulare-word.html,1,1,propriu,5,2,,5,1
C:\00\Projects\LearningHub\content\tic\cls7\m5-proiecte-recap\lectia4-recapitulare-word.html,2,1,propriu,5,4,4,5,2
C:\00\Projects\LearningHub\content\tic\cls7\m5-proiecte-recap\lectia4-recapitulare-word.html,3,1,propriu,7,3,3,7,3
C:\00\Projects\LearningHub\content\tic\cls7\m5-proiecte-recap\lectia4-recapitulare-word.html,4,1,propriu,6,2,1,6,4
C:\00\Projects\LearningHub\content\tic\cls7\m5-proiecte-recap\lectia4-recapitulare-word.html,5,1,propriu,6,0,1,6,5
C:\00\Projects\LearningHub\content\tic\cls7\m5-proiecte-recap\lectia4-recapitulare-word.html,6,1,propriu,9,0,2,9,6
C:\00\Projects\LearningHub\content\tic\cls7\m5-proiecte-recap\lectia4-recapitulare-word.html,7,1,propriu,6,0,1,6,7
C:\00\Projects\LearningHub\content\tic\cls7\m5-proiecte-recap\lectia4-recapitulare-word.html,8,1,propriu,11,3,2,11,8
C:\00\Projects\LearningHub\content\tic\cls7\m5-proiecte-recap\lectia4-recapitulare-word.html,9,1,propriu,9,2,3,9,9
C:\00\Projects\LearningHub\content\tic\cls7\m5-proiecte-recap\lectia4-recapitulare-word.html,10,1,propriu,8,,3,8,10
C:\00\Projects\LearningHub\content\tic\cls7\m5-proiecte-recap\lectia5-recapitulare-powerpoint.html,1,1,propriu,6,3,,6,1
C:\00\Projects\LearningHub\content\tic\cls7\m5-proiecte-recap\lectia5-recapitulare-powerpoint.html,2,1,propriu,7,2,2,7,2
C:\00\Projects\LearningHub\content\tic\cls7\m5-proiecte-recap\lectia5-recapitulare-powerpoint.html,3,1,propriu,7,2,2,7,3
C:\00\Projects\LearningHub\content\tic\cls7\m5-proiecte-recap\lectia5-recapitulare-powerpoint.html,4,1,propriu,9,5,3,9,4
C:\00\Projects\LearningHub\content\tic\cls7\m5-proiecte-recap\lectia5-recapitulare-powerpoint.html,5,1,propriu,8,3,3,8,5
C:\00\Projects\LearningHub\content\tic\cls7\m5-proiecte-recap\lectia5-recapitulare-powerpoint.html,6,1,propriu,10,1,2,10,6
C:\00\Projects\LearningHub\content\tic\cls7\m5-proiecte-recap\lectia5-recapitulare-powerpoint.html,7,1,propriu,11,5,3,11,7
C:\00\Projects\LearningHub\content\tic\cls7\m5-proiecte-recap\lectia5-recapitulare-powerpoint.html,8,1,propriu,8,2,3,8,8
C:\00\Projects\LearningHub\content\tic\cls7\m5-proiecte-recap\lectia5-recapitulare-powerpoint.html,9,1,propriu,9,0,1,9,9
C:\00\Projects\LearningHub\content\tic\cls7\m5-proiecte-recap\lectia5-recapitulare-powerpoint.html,10,1,propriu,9,,4,9,10
C:\00\Projects\LearningHub\content\tic\cls7\m5-proiecte-recap\lectia6-recapitulare-algoritmi.html,1,1,propriu,7,1,,7,1
C:\00\Projects\LearningHub\content\tic\cls7\m5-proiecte-recap\lectia6-recapitulare-algoritmi.html,2,1,propriu,9,0,3,9,2
C:\00\Projects\LearningHub\content\tic\cls7\m5-proiecte-recap\lectia6-recapitulare-algoritmi.html,3,1,propriu,9,2,2,9,3
C:\00\Projects\LearningHub\content\tic\cls7\m5-proiecte-recap\lectia6-recapitulare-algoritmi.html,4,1,propriu,8,7,4,8,4
C:\00\Projects\LearningHub\content\tic\cls7\m5-proiecte-recap\lectia6-recapitulare-algoritmi.html,5,1,propriu,9,2,8,9,5
C:\00\Projects\LearningHub\content\tic\cls7\m5-proiecte-recap\lectia6-recapitulare-algoritmi.html,6,1,propriu,3,2,3,3,6
C:\00\Projects\LearningHub\content\tic\cls7\m5-proiecte-recap\lectia6-recapitulare-algoritmi.html,7,1,propriu,10,1,0,10,7
C:\00\Projects\LearningHub\content\tic\cls7\m5-proiecte-recap\lectia6-recapitulare-algoritmi.html,8,1,propriu,6,3,1,6,8
C:\00\Projects\LearningHub\content\tic\cls7\m5-proiecte-recap\lectia6-recapitulare-algoritmi.html,9,1,propriu,7,2,3,7,9
C:\00\Projects\LearningHub\content\tic\cls7\m5-proiecte-recap\lectia6-recapitulare-algoritmi.html,10,1,propriu,12,3,3,12,10
C:\00\Projects\LearningHub\content\tic\cls7\m5-proiecte-recap\lectia6-recapitulare-algoritmi.html,11,1,propriu,15,,4,15,11
C:\00\Projects\LearningHub\content\tic\cls7\m5-proiecte-recap\lectia7-evaluare-practica.html,1,1,propriu,10,3,,10,1
C:\00\Projects\LearningHub\content\tic\cls7\m5-proiecte-recap\lectia7-evaluare-practica.html,2,1,propriu,12,6,3,12,2
C:\00\Projects\LearningHub\content\tic\cls7\m5-proiecte-recap\lectia7-evaluare-practica.html,3,1,propriu,8,0,6,8,3
C:\00\Projects\LearningHub\content\tic\cls7\m5-proiecte-recap\lectia7-evaluare-practica.html,4,1,propriu,9,5,0,9,4
C:\00\Projects\LearningHub\content\tic\cls7\m5-proiecte-recap\lectia7-evaluare-practica.html,5,1,propriu,10,0,6,10,5
C:\00\Projects\LearningHub\content\tic\cls7\m5-proiecte-recap\lectia7-evaluare-practica.html,6,1,propriu,10,5,2,10,6
C:\00\Projects\LearningHub\content\tic\cls7\m5-proiecte-recap\lectia7-evaluare-practica.html,7,1,propriu,9,1,5,9,7
C:\00\Projects\LearningHub\content\tic\cls7\m5-proiecte-recap\lectia7-evaluare-practica.html,8,1,propriu,10,4,2,10,8
C:\00\Projects\LearningHub\content\tic\cls7\m5-proiecte-recap\lectia7-evaluare-practica.html,9,1,propriu,9,1,6,9,9
C:\00\Projects\LearningHub\content\tic\cls7\m5-proiecte-recap\lectia7-evaluare-practica.html,10,1,propriu,9,,3,9,10
C:\00\Projects\LearningHub\content\tic\cls7\m5-proiecte-recap\lectia8-evaluare-teorie.html,1,1,propriu,6,3,,6,1
C:\00\Projects\LearningHub\content\tic\cls7\m5-proiecte-recap\lectia8-evaluare-teorie.html,2,1,propriu,7,4,1,7,2
C:\00\Projects\LearningHub\content\tic\cls7\m5-proiecte-recap\lectia8-evaluare-teorie.html,3,1,propriu,5,1,1,5,3
C:\00\Projects\LearningHub\content\tic\cls7\m5-proiecte-recap\lectia8-evaluare-teorie.html,4,1,propriu,7,2,0,7,4
C:\00\Projects\LearningHub\content\tic\cls7\m5-proiecte-recap\lectia8-evaluare-teorie.html,5,1,propriu,7,2,3,7,5
C:\00\Projects\LearningHub\content\tic\cls7\m5-proiecte-recap\lectia8-evaluare-teorie.html,6,1,propriu,7,0,3,7,6
C:\00\Projects\LearningHub\content\tic\cls7\m5-proiecte-recap\lectia8-evaluare-teorie.html,7,1,propriu,8,2,0,8,7
C:\00\Projects\LearningHub\content\tic\cls7\m5-proiecte-recap\lectia8-evaluare-teorie.html,8,1,propriu,5,1,2,5,8
C:\00\Projects\LearningHub\content\tic\cls7\m5-proiecte-recap\lectia8-evaluare-teorie.html,9,1,propriu,9,1,2,9,9
C:\00\Projects\LearningHub\content\tic\cls7\m5-proiecte-recap\lectia8-evaluare-teorie.html,10,1,propriu,4,,1,4,10
C:\00\Projects\LearningHub\content\tic\cls7\m5-proiecte-recap\lectia9-rezerva.html,1,1,propriu,19,3,,19,1
C:\00\Projects\LearningHub\content\tic\cls7\m5-proiecte-recap\lectia9-rezerva.html,2,1,propriu,8,4,4,8,2
C:\00\Projects\LearningHub\content\tic\cls7\m5-proiecte-recap\lectia9-rezerva.html,3,1,propriu,9,0,1,9,3
C:\00\Projects\LearningHub\content\tic\cls7\m5-proiecte-recap\lectia9-rezerva.html,4,1,propriu,9,1,2,9,4
C:\00\Projects\LearningHub\content\tic\cls7\m5-proiecte-recap\lectia9-rezerva.html,5,1,propriu,8,6,2,8,5
C:\00\Projects\LearningHub\content\tic\cls7\m5-proiecte-recap\lectia9-rezerva.html,6,1,propriu,12,2,3,12,6
C:\00\Projects\LearningHub\content\tic\cls7\m5-proiecte-recap\lectia9-rezerva.html,7,1,propriu,13,2,2,13,7
C:\00\Projects\LearningHub\content\tic\cls7\m5-proiecte-recap\lectia9-rezerva.html,8,1,propriu,9,8,1,9,8
C:\00\Projects\LearningHub\content\tic\cls7\m5-proiecte-recap\lectia9-rezerva.html,9,1,propriu,14,6,4,14,9
C:\00\Projects\LearningHub\content\tic\cls7\m5-proiecte-recap\lectia9-rezerva.html,10,1,propriu,10,,8,10,10
C:\00\Projects\LearningHub\content\tic\cls8\extra-databases\lectia1-introducere-bd.html,1,1,propriu,11,3,,11,1
C:\00\Projects\LearningHub\content\tic\cls8\extra-databases\lectia1-introducere-bd.html,2,1,altul,1,3,2,12,4
C:\00\Projects\LearningHub\content\tic\cls8\extra-databases\lectia1-introducere-bd.html,3,1,propriu,11,4,2,11,3
C:\00\Projects\LearningHub\content\tic\cls8\extra-databases\lectia1-introducere-bd.html,4,1,decalat_inainte,3,10,7,10,5
C:\00\Projects\LearningHub\content\tic\cls8\extra-databases\lectia1-introducere-bd.html,5,1,propriu,12,,3,12,5
C:\00\Projects\LearningHub\content\tic\cls8\extra-databases\lectia2-tabele-campuri.html,1,1,propriu,12,5,,12,1
C:\00\Projects\LearningHub\content\tic\cls8\extra-databases\lectia2-tabele-campuri.html,2,1,propriu,11,6,4,11,2
C:\00\Projects\LearningHub\content\tic\cls8\extra-databases\lectia2-tabele-campuri.html,3,1,propriu,17,12,8,17,3
C:\00\Projects\LearningHub\content\tic\cls8\extra-databases\lectia2-tabele-campuri.html,4,1,propriu,12,7,4,12,4
C:\00\Projects\LearningHub\content\tic\cls8\extra-databases\lectia2-tabele-campuri.html,5,1,propriu,15,4,8,15,5
C:\00\Projects\LearningHub\content\tic\cls8\extra-databases\lectia2-tabele-campuri.html,6,1,propriu,12,,4,12,6
C:\00\Projects\LearningHub\content\tic\cls8\extra-databases\lectia3-creare-bd-access.html,1,1,propriu,21,7,,21,1
C:\00\Projects\LearningHub\content\tic\cls8\extra-databases\lectia3-creare-bd-access.html,2,1,decalat_inainte,3,17,5,17,3
C:\00\Projects\LearningHub\content\tic\cls8\extra-databases\lectia3-creare-bd-access.html,3,1,decalat_inainte,5,7,4,7,4
C:\00\Projects\LearningHub\content\tic\cls8\extra-databases\lectia3-creare-bd-access.html,4,1,decalat_inainte,8,10,3,10,5
C:\00\Projects\LearningHub\content\tic\cls8\extra-databases\lectia3-creare-bd-access.html,5,1,decalat_inainte,5,10,8,10,6
C:\00\Projects\LearningHub\content\tic\cls8\extra-databases\lectia3-creare-bd-access.html,6,1,altul,3,,6,15,3
C:\00\Projects\LearningHub\content\tic\cls8\extra-databases\lectia4-interogari-simple.html,1,1,propriu,13,10,,13,1
C:\00\Projects\LearningHub\content\tic\cls8\extra-databases\lectia4-interogari-simple.html,2,1,propriu,6,6,2,6,2
C:\00\Projects\LearningHub\content\tic\cls8\extra-databases\lectia4-interogari-simple.html,3,1,altul,2,1,4,12,5
C:\00\Projects\LearningHub\content\tic\cls8\extra-databases\lectia4-interogari-simple.html,4,1,altul,4,3,3,7,6
C:\00\Projects\LearningHub\content\tic\cls8\extra-databases\lectia4-interogari-simple.html,5,1,altul,5,1,3,8,7
C:\00\Projects\LearningHub\content\tic\cls8\extra-databases\lectia4-interogari-simple.html,6,1,propriu,11,9,8,11,6
C:\00\Projects\LearningHub\content\tic\cls8\extra-databases\lectia4-interogari-simple.html,7,1,propriu,18,,6,18,7
C:\00\Projects\LearningHub\content\tic\cls8\extra-databases\lectia5-sortare-filtrare.html,1,1,propriu,9,1,,9,1
C:\00\Projects\LearningHub\content\tic\cls8\extra-databases\lectia5-sortare-filtrare.html,2,1,decalat_inapoi,1,3,6,6,1
C:\00\Projects\LearningHub\content\tic\cls8\extra-databases\lectia5-sortare-filtrare.html,3,1,decalat_inainte,1,12,1,12,4
C:\00\Projects\LearningHub\content\tic\cls8\extra-databases\lectia5-sortare-filtrare.html,4,1,decalat_inapoi,1,5,14,14,3
C:\00\Projects\LearningHub\content\tic\cls8\extra-databases\lectia5-sortare-filtrare.html,5,1,decalat_inainte,6,9,4,9,6
C:\00\Projects\LearningHub\content\tic\cls8\extra-databases\lectia5-sortare-filtrare.html,6,1,decalat_inapoi,3,,6,6,5
C:\00\Projects\LearningHub\content\tic\cls8\extra-databases\lectia6-proiect-bd.html,1,1,propriu,11,6,,11,1
C:\00\Projects\LearningHub\content\tic\cls8\extra-databases\lectia6-proiect-bd.html,2,1,propriu,13,6,9,13,2
C:\00\Projects\LearningHub\content\tic\cls8\extra-databases\lectia6-proiect-bd.html,3,1,propriu,13,4,7,13,3
C:\00\Projects\LearningHub\content\tic\cls8\extra-databases\lectia6-proiect-bd.html,4,1,decalat_inainte,3,11,1,11,5
C:\00\Projects\LearningHub\content\tic\cls8\extra-databases\lectia6-proiect-bd.html,5,1,propriu,13,2,4,13,5
C:\00\Projects\LearningHub\content\tic\cls8\extra-databases\lectia6-proiect-bd.html,6,1,altul,2,,2,7,1
C:\00\Projects\LearningHub\content\tic\cls8\extra-structuri-date\lectia1-tablouri.html,1,1,propriu,7,6,,7,1
C:\00\Projects\LearningHub\content\tic\cls8\extra-structuri-date\lectia1-tablouri.html,1,2,altul,5,4,,6,4
C:\00\Projects\LearningHub\content\tic\cls8\extra-structuri-date\lectia1-tablouri.html,2,1,propriu,7,1,3,7,2
C:\00\Projects\LearningHub\content\tic\cls8\extra-structuri-date\lectia1-tablouri.html,3,1,propriu,3,0,1,3,3
C:\00\Projects\LearningHub\content\tic\cls8\extra-structuri-date\lectia1-tablouri.html,4,1,propriu,3,1,2,3,4
C:\00\Projects\LearningHub\content\tic\cls8\extra-structuri-date\lectia1-tablouri.html,5,1,propriu,3,,1,3,5
C:\00\Projects\LearningHub\content\tic\cls8\extra-structuri-date\lectia2-parcurgere.html,1,1,propriu,4,2,,4,1
C:\00\Projects\LearningHub\content\tic\cls8\extra-structuri-date\lectia2-parcurgere.html,2,1,decalat_inapoi,4,2,6,6,1
C:\00\Projects\LearningHub\content\tic\cls8\extra-structuri-date\lectia2-parcurgere.html,3,1,altul,1,3,1,5,5
C:\00\Projects\LearningHub\content\tic\cls8\extra-structuri-date\lectia2-parcurgere.html,4,1,altul,2,5,2,8,2
C:\00\Projects\LearningHub\content\tic\cls8\extra-structuri-date\lectia2-parcurgere.html,5,1,decalat_inapoi,1,2,2,2,4
C:\00\Projects\LearningHub\content\tic\cls8\extra-structuri-date\lectia2-parcurgere.html,6,1,propriu,3,1,2,3,6
C:\00\Projects\LearningHub\content\tic\cls8\extra-structuri-date\lectia2-parcurgere.html,7,1,propriu,7,,5,7,7
C:\00\Projects\LearningHub\content\tic\cls8\extra-structuri-date\lectia3-cautare.html,1,1,altul,3,11,,12,3
C:\00\Projects\LearningHub\content\tic\cls8\extra-structuri-date\lectia3-cautare.html,2,1,altul,6,7,4,8,6
C:\00\Projects\LearningHub\content\tic\cls8\extra-structuri-date\lectia3-cautare.html,3,1,decalat_inainte,3,9,4,9,4
C:\00\Projects\LearningHub\content\tic\cls8\extra-structuri-date\lectia3-cautare.html,4,1,propriu,8,5,7,8,4
C:\00\Projects\LearningHub\content\tic\cls8\extra-structuri-date\lectia3-cautare.html,5,1,altul,4,5,4,6,7
C:\00\Projects\LearningHub\content\tic\cls8\extra-structuri-date\lectia3-cautare.html,6,1,altul,6,5,3,10,4
C:\00\Projects\LearningHub\content\tic\cls8\extra-structuri-date\lectia3-cautare.html,7,1,propriu,8,,4,8,7
C:\00\Projects\LearningHub\content\tic\cls8\extra-structuri-date\lectia4-maxim-minim.html,1,1,propriu,7,7,,7,1
C:\00\Projects\LearningHub\content\tic\cls8\extra-structuri-date\lectia4-maxim-minim.html,2,1,propriu,4,4,4,4,2
C:\00\Projects\LearningHub\content\tic\cls8\extra-structuri-date\lectia4-maxim-minim.html,3,1,decalat_inainte,5,7,6,7,4
C:\00\Projects\LearningHub\content\tic\cls8\extra-structuri-date\lectia4-maxim-minim.html,4,1,decalat_inainte,1,6,2,6,5
C:\00\Projects\LearningHub\content\tic\cls8\extra-structuri-date\lectia4-maxim-minim.html,5,1,altul,3,3,4,6,3
C:\00\Projects\LearningHub\content\tic\cls8\extra-structuri-date\lectia4-maxim-minim.html,6,1,altul,5,4,2,7,4
C:\00\Projects\LearningHub\content\tic\cls8\extra-structuri-date\lectia4-maxim-minim.html,7,1,altul,9,5,1,12,5
C:\00\Projects\LearningHub\content\tic\cls8\extra-structuri-date\lectia4-maxim-minim.html,8,1,propriu,11,,3,11,8
C:\00\Projects\LearningHub\content\tic\cls8\extra-structuri-date\lectia5-sortare.html,1,1,decalat_inainte,4,9,,9,2
C:\00\Projects\LearningHub\content\tic\cls8\extra-structuri-date\lectia5-sortare.html,2,1,decalat_inapoi,2,9,11,11,1
C:\00\Projects\LearningHub\content\tic\cls8\extra-structuri-date\lectia5-sortare.html,3,1,altul,8,4,0,9,1
C:\00\Projects\LearningHub\content\tic\cls8\extra-structuri-date\lectia5-sortare.html,4,1,altul,4,1,5,10,6
C:\00\Projects\LearningHub\content\tic\cls8\extra-structuri-date\lectia5-sortare.html,5,1,propriu,14,6,3,14,5
C:\00\Projects\LearningHub\content\tic\cls8\extra-structuri-date\lectia5-sortare.html,6,1,altul,1,2,1,5,2
C:\00\Projects\LearningHub\content\tic\cls8\extra-structuri-date\lectia5-sortare.html,7,1,propriu,9,,4,9,7
C:\00\Projects\LearningHub\content\tic\cls8\extra-structuri-date\lectia6-proiect.html,1,1,propriu,11,6,,11,1
C:\00\Projects\LearningHub\content\tic\cls8\extra-structuri-date\lectia6-proiect.html,1,2,propriu,8,5,,8,1
C:\00\Projects\LearningHub\content\tic\cls8\extra-structuri-date\lectia6-proiect.html,1,3,propriu,12,7,,12,1
C:\00\Projects\LearningHub\content\tic\cls8\extra-structuri-date\lectia6-proiect.html,2,1,decalat_inapoi,1,,3,3,1
C:\00\Projects\LearningHub\content\tic\cls8\extra-structuri-date\lectia6-proiect.html,2,2,propriu,5,,5,5,2
C:\00\Projects\LearningHub\content\tic\cls8\extra-structuri-date\lectia6-proiect.html,2,3,decalat_inapoi,6,,13,13,1
C:\00\Projects\LearningHub\content\tic\cls8\extra-subprograme\lectia1-de-ce-functii.html,1,1,propriu,7,5,,7,1
C:\00\Projects\LearningHub\content\tic\cls8\extra-subprograme\lectia1-de-ce-functii.html,2,1,propriu,9,1,6,9,2
C:\00\Projects\LearningHub\content\tic\cls8\extra-subprograme\lectia1-de-ce-functii.html,3,1,propriu,12,2,0,12,3
C:\00\Projects\LearningHub\content\tic\cls8\extra-subprograme\lectia1-de-ce-functii.html,4,1,propriu,10,5,4,10,4
C:\00\Projects\LearningHub\content\tic\cls8\extra-subprograme\lectia1-de-ce-functii.html,5,1,propriu,5,1,1,5,5
C:\00\Projects\LearningHub\content\tic\cls8\extra-subprograme\lectia1-de-ce-functii.html,6,1,altul,5,,4,6,4
C:\00\Projects\LearningHub\content\tic\cls8\extra-subprograme\lectia2-declarare.html,1,1,propriu,5,1,,5,1
C:\00\Projects\LearningHub\content\tic\cls8\extra-subprograme\lectia2-declarare.html,2,1,decalat_inapoi,2,2,6,6,1
C:\00\Projects\LearningHub\content\tic\cls8\extra-subprograme\lectia2-declarare.html,3,1,decalat_inapoi,4,1,8,8,2
C:\00\Projects\LearningHub\content\tic\cls8\extra-subprograme\lectia2-declarare.html,4,1,propriu,6,4,2,6,4
C:\00\Projects\LearningHub\content\tic\cls8\extra-subprograme\lectia2-declarare.html,5,1,decalat_inapoi,6,1,8,8,4
C:\00\Projects\LearningHub\content\tic\cls8\extra-subprograme\lectia2-declarare.html,6,1,altul,4,0,6,12,8
C:\00\Projects\LearningHub\content\tic\cls8\extra-subprograme\lectia2-declarare.html,7,1,propriu,9,0,3,9,7
C:\00\Projects\LearningHub\content\tic\cls8\extra-subprograme\lectia2-declarare.html,8,1,altul,6,,1,9,5
C:\00\Projects\LearningHub\content\tic\cls8\extra-subprograme\lectia3-parametri.html,1,1,decalat_inainte,3,11,,11,2
C:\00\Projects\LearningHub\content\tic\cls8\extra-subprograme\lectia3-parametri.html,2,1,altul,4,4,3,10,4
C:\00\Projects\LearningHub\content\tic\cls8\extra-subprograme\lectia3-parametri.html,3,1,altul,4,6,3,7,5
C:\00\Projects\LearningHub\content\tic\cls8\extra-subprograme\lectia3-parametri.html,4,1,decalat_inapoi,2,2,10,10,3
C:\00\Projects\LearningHub\content\tic\cls8\extra-subprograme\lectia3-parametri.html,5,1,propriu,8,7,6,8,5
C:\00\Projects\LearningHub\content\tic\cls8\extra-subprograme\lectia3-parametri.html,6,1,propriu,9,3,4,9,6
C:\00\Projects\LearningHub\content\tic\cls8\extra-subprograme\lectia3-parametri.html,7,1,propriu,8,,4,8,7
C:\00\Projects\LearningHub\content\tic\cls8\extra-subprograme\lectia4-return.html,1,1,propriu,13,8,,13,1
C:\00\Projects\LearningHub\content\tic\cls8\extra-subprograme\lectia4-return.html,2,1,altul,3,5,6,8,4
C:\00\Projects\LearningHub\content\tic\cls8\extra-subprograme\lectia4-return.html,3,1,propriu,4,3,4,4,3
C:\00\Projects\LearningHub\content\tic\cls8\extra-subprograme\lectia4-return.html,4,1,altul,5,3,4,10,2
C:\00\Projects\LearningHub\content\tic\cls8\extra-subprograme\lectia4-return.html,5,1,propriu,5,3,3,5,5
C:\00\Projects\LearningHub\content\tic\cls8\extra-subprograme\lectia4-return.html,6,1,propriu,8,4,3,8,6
C:\00\Projects\LearningHub\content\tic\cls8\extra-subprograme\lectia4-return.html,7,1,propriu,6,4,4,6,7
C:\00\Projects\LearningHub\content\tic\cls8\extra-subprograme\lectia4-return.html,8,1,propriu,6,,1,6,8
C:\00\Projects\LearningHub\content\tic\cls8\extra-subprograme\lectia5-apelare.html,1,1,decalat_inainte,4,6,,6,2
C:\00\Projects\LearningHub\content\tic\cls8\extra-subprograme\lectia5-apelare.html,2,1,altul,4,5,4,10,5
C:\00\Projects\LearningHub\content\tic\cls8\extra-subprograme\lectia5-apelare.html,3,1,altul,0,3,5,8,7
C:\00\Projects\LearningHub\content\tic\cls8\extra-subprograme\lectia5-apelare.html,4,1,altul,1,2,1,4,6
C:\00\Projects\LearningHub\content\tic\cls8\extra-subprograme\lectia5-apelare.html,5,1,propriu,10,2,4,10,5
C:\00\Projects\LearningHub\content\tic\cls8\extra-subprograme\lectia5-apelare.html,6,1,decalat_inainte,4,5,4,5,7
C:\00\Projects\LearningHub\content\tic\cls8\extra-subprograme\lectia5-apelare.html,7,1,propriu,10,7,4,10,7
C:\00\Projects\LearningHub\content\tic\cls8\extra-subprograme\lectia5-apelare.html,8,1,propriu,7,,5,7,8
C:\00\Projects\LearningHub\content\tic\cls8\extra-subprograme\lectia6-proiect.html,1,1,propriu,16,5,,16,1
C:\00\Projects\LearningHub\content\tic\cls8\extra-subprograme\lectia6-proiect.html,2,1,altul,8,8,6,10,4
C:\00\Projects\LearningHub\content\tic\cls8\extra-subprograme\lectia6-proiect.html,3,1,decalat_inainte,3,5,4,5,4
C:\00\Projects\LearningHub\content\tic\cls8\extra-subprograme\lectia6-proiect.html,4,1,altul,1,1,2,4,6
C:\00\Projects\LearningHub\content\tic\cls8\extra-subprograme\lectia6-proiect.html,5,1,decalat_inapoi,3,2,5,5,4
C:\00\Projects\LearningHub\content\tic\cls8\extra-subprograme\lectia6-proiect.html,6,1,decalat_inapoi,1,,11,11,5
C:\00\Projects\LearningHub\content\tic\cls8\m1-excel-fundamente\lectia1-interfata.html,1,1,altul,0,6,,9,3
C:\00\Projects\LearningHub\content\tic\cls8\m1-excel-fundamente\lectia1-interfata.html,2,1,propriu,8,4,1,8,2
C:\00\Projects\LearningHub\content\tic\cls8\m1-excel-fundamente\lectia1-interfata.html,3,1,decalat_inapoi,5,4,6,6,2
C:\00\Projects\LearningHub\content\tic\cls8\m1-excel-fundamente\lectia1-interfata.html,4,1,altul,1,1,2,11,6
C:\00\Projects\LearningHub\content\tic\cls8\m1-excel-fundamente\lectia1-interfata.html,5,1,altul,3,2,0,11,9
C:\00\Projects\LearningHub\content\tic\cls8\m1-excel-fundamente\lectia1-interfata.html,6,1,decalat_inainte,3,10,4,10,7
C:\00\Projects\LearningHub\content\tic\cls8\m1-excel-fundamente\lectia1-interfata.html,7,1,propriu,15,2,4,15,7
C:\00\Projects\LearningHub\content\tic\cls8\m1-excel-fundamente\lectia1-interfata.html,8,1,propriu,12,3,3,12,8
C:\00\Projects\LearningHub\content\tic\cls8\m1-excel-fundamente\lectia1-interfata.html,9,1,propriu,20,,4,20,9
C:\00\Projects\LearningHub\content\tic\cls8\m1-excel-fundamente\lectia2-date.html,1,1,propriu,19,13,,19,1
C:\00\Projects\LearningHub\content\tic\cls8\m1-excel-fundamente\lectia2-date.html,2,1,propriu,15,6,4,15,2
C:\00\Projects\LearningHub\content\tic\cls8\m1-excel-fundamente\lectia2-date.html,3,1,decalat_inainte,6,15,5,15,4
C:\00\Projects\LearningHub\content\tic\cls8\m1-excel-fundamente\lectia2-date.html,4,1,altul,4,4,2,5,2
C:\00\Projects\LearningHub\content\tic\cls8\m1-excel-fundamente\lectia2-date.html,5,1,altul,6,1,5,8,2
C:\00\Projects\LearningHub\content\tic\cls8\m1-excel-fundamente\lectia2-date.html,6,1,propriu,6,3,1,6,6
C:\00\Projects\LearningHub\content\tic\cls8\m1-excel-fundamente\lectia2-date.html,7,1,altul,5,,2,8,1
C:\00\Projects\LearningHub\content\tic\cls8\m1-excel-fundamente\lectia3-formule.html,1,1,propriu,10,4,,10,1
C:\00\Projects\LearningHub\content\tic\cls8\m1-excel-fundamente\lectia3-formule.html,2,1,decalat_inainte,5,13,9,13,3
C:\00\Projects\LearningHub\content\tic\cls8\m1-excel-fundamente\lectia3-formule.html,3,1,altul,8,5,8,10,1
C:\00\Projects\LearningHub\content\tic\cls8\m1-excel-fundamente\lectia3-formule.html,4,1,propriu,3,0,2,3,4
C:\00\Projects\LearningHub\content\tic\cls8\m1-excel-fundamente\lectia3-formule.html,5,1,decalat_inapoi,1,8,9,9,4
C:\00\Projects\LearningHub\content\tic\cls8\m1-excel-fundamente\lectia3-formule.html,6,1,propriu,11,8,2,11,6
C:\00\Projects\LearningHub\content\tic\cls8\m1-excel-fundamente\lectia3-formule.html,7,1,propriu,11,,4,11,7
C:\00\Projects\LearningHub\content\tic\cls8\m1-excel-fundamente\lectia4-functii.html,1,1,decalat_inainte,2,8,,8,2
C:\00\Projects\LearningHub\content\tic\cls8\m1-excel-fundamente\lectia4-functii.html,2,1,decalat_inainte,2,7,0,7,3
C:\00\Projects\LearningHub\content\tic\cls8\m1-excel-fundamente\lectia4-functii.html,3,1,decalat_inainte,2,12,4,12,4
C:\00\Projects\LearningHub\content\tic\cls8\m1-excel-fundamente\lectia4-functii.html,4,1,decalat_inapoi,3,3,8,8,3
C:\00\Projects\LearningHub\content\tic\cls8\m1-excel-fundamente\lectia4-functii.html,5,1,propriu,12,2,5,12,5
C:\00\Projects\LearningHub\content\tic\cls8\m1-excel-fundamente\lectia4-functii.html,6,1,altul,5,9,8,13,4
C:\00\Projects\LearningHub\content\tic\cls8\m1-excel-fundamente\lectia4-functii.html,7,1,propriu,5,1,1,5,7
C:\00\Projects\LearningHub\content\tic\cls8\m1-excel-fundamente\lectia4-functii.html,8,1,propriu,5,3,5,5,8
C:\00\Projects\LearningHub\content\tic\cls8\m1-excel-fundamente\lectia4-functii.html,9,1,propriu,6,,1,6,9
C:\00\Projects\LearningHub\content\tic\cls8\m1-excel-fundamente\lectia5-grafice.html,1,1,decalat_inainte,2,16,,16,2
C:\00\Projects\LearningHub\content\tic\cls8\m1-excel-fundamente\lectia5-grafice.html,2,1,propriu,14,7,4,14,2
C:\00\Projects\LearningHub\content\tic\cls8\m1-excel-fundamente\lectia5-grafice.html,3,1,altul,5,5,7,11,7
C:\00\Projects\LearningHub\content\tic\cls8\m1-excel-fundamente\lectia5-grafice.html,4,1,propriu,14,5,5,14,4
C:\00\Projects\LearningHub\content\tic\cls8\m1-excel-fundamente\lectia5-grafice.html,5,1,altul,5,7,9,14,2
C:\00\Projects\LearningHub\content\tic\cls8\m1-excel-fundamente\lectia5-grafice.html,6,1,propriu,9,3,4,9,6
C:\00\Projects\LearningHub\content\tic\cls8\m1-excel-fundamente\lectia5-grafice.html,7,1,altul,7,3,7,11,5
C:\00\Projects\LearningHub\content\tic\cls8\m1-excel-fundamente\lectia5-grafice.html,8,1,propriu,13,10,10,13,8
C:\00\Projects\LearningHub\content\tic\cls8\m1-excel-fundamente\lectia5-grafice.html,9,1,altul,13,,2,17,2
C:\00\Projects\LearningHub\content\tic\cls8\m1-excel-fundamente\lectia6-proiect.html,1,1,propriu,7,7,,7,1
C:\00\Projects\LearningHub\content\tic\cls8\m1-excel-fundamente\lectia6-proiect.html,2,1,propriu,7,2,6,7,2
C:\00\Projects\LearningHub\content\tic\cls8\m1-excel-fundamente\lectia6-proiect.html,3,1,propriu,7,6,5,7,3
C:\00\Projects\LearningHub\content\tic\cls8\m1-excel-fundamente\lectia6-proiect.html,4,1,propriu,11,4,2,11,4
C:\00\Projects\LearningHub\content\tic\cls8\m1-excel-fundamente\lectia6-proiect.html,5,1,propriu,7,,1,7,5
C:\00\Projects\LearningHub\content\tic\cls8\m1-excel-fundamente\lectia7-sortare.html,1,1,propriu,10,3,,10,1
C:\00\Projects\LearningHub\content\tic\cls8\m1-excel-fundamente\lectia7-sortare.html,2,1,propriu,10,6,2,10,2
C:\00\Projects\LearningHub\content\tic\cls8\m1-excel-fundamente\lectia7-sortare.html,3,1,propriu,13,6,3,13,3
C:\00\Projects\LearningHub\content\tic\cls8\m1-excel-fundamente\lectia7-sortare.html,4,1,propriu,15,2,6,15,4
C:\00\Projects\LearningHub\content\tic\cls8\m1-excel-fundamente\lectia7-sortare.html,5,1,propriu,9,2,7,9,5
C:\00\Projects\LearningHub\content\tic\cls8\m1-excel-fundamente\lectia7-sortare.html,6,1,propriu,11,,2,11,6
C:\00\Projects\LearningHub\content\tic\cls8\m2-formule-functii\lectia1-introducere-formule.html,1,1,decalat_inainte,11,13,,13,2
C:\00\Projects\LearningHub\content\tic\cls8\m2-formule-functii\lectia1-introducere-formule.html,2,1,propriu,14,3,13,14,2
C:\00\Projects\LearningHub\content\tic\cls8\m2-formule-functii\lectia1-introducere-formule.html,3,1,altul,4,4,8,9,1
C:\00\Projects\LearningHub\content\tic\cls8\m2-formule-functii\lectia1-introducere-formule.html,4,1,propriu,10,3,1,10,4
C:\00\Projects\LearningHub\content\tic\cls8\m2-formule-functii\lectia1-introducere-formule.html,5,1,propriu,15,5,5,15,5
C:\00\Projects\LearningHub\content\tic\cls8\m2-formule-functii\lectia1-introducere-formule.html,6,1,altul,7,,4,9,1
C:\00\Projects\LearningHub\content\tic\cls8\m2-formule-functii\lectia2-referinte-celule.html,1,1,decalat_inainte,6,8,,8,2
C:\00\Projects\LearningHub\content\tic\cls8\m2-formule-functii\lectia2-referinte-celule.html,2,1,altul,3,4,3,6,6
C:\00\Projects\LearningHub\content\tic\cls8\m2-formule-functii\lectia2-referinte-celule.html,3,1,altul,5,4,6,8,7
C:\00\Projects\LearningHub\content\tic\cls8\m2-formule-functii\lectia2-referinte-celule.html,4,1,propriu,7,5,7,7,4
C:\00\Projects\LearningHub\content\tic\cls8\m2-formule-functii\lectia2-referinte-celule.html,5,1,propriu,4,3,2,4,5
C:\00\Projects\LearningHub\content\tic\cls8\m2-formule-functii\lectia2-referinte-celule.html,6,1,propriu,8,5,2,8,6
C:\00\Projects\LearningHub\content\tic\cls8\m2-formule-functii\lectia2-referinte-celule.html,7,1,propriu,9,,6,9,7
C:\00\Projects\LearningHub\content\tic\cls8\m2-formule-functii\lectia3-functii-baza.html,1,1,altul,5,3,,6,3
C:\00\Projects\LearningHub\content\tic\cls8\m2-formule-functii\lectia3-functii-baza.html,2,1,propriu,9,8,6,9,2
C:\00\Projects\LearningHub\content\tic\cls8\m2-formule-functii\lectia3-functii-baza.html,3,1,propriu,10,3,4,10,3
C:\00\Projects\LearningHub\content\tic\cls8\m2-formule-functii\lectia3-functii-baza.html,3,2,propriu,10,4,8,10,3
C:\00\Projects\LearningHub\content\tic\cls8\m2-formule-functii\lectia3-functii-baza.html,4,1,altul,3,,6,12,2
C:\00\Projects\LearningHub\content\tic\cls8\m2-formule-functii\lectia5-functii-logice.html,1,1,propriu,7,5,,7,1
C:\00\Projects\LearningHub\content\tic\cls8\m2-formule-functii\lectia5-functii-logice.html,2,1,decalat_inapoi,6,3,7,7,1
C:\00\Projects\LearningHub\content\tic\cls8\m2-formule-functii\lectia5-functii-logice.html,3,1,altul,3,0,3,4,1
C:\00\Projects\LearningHub\content\tic\cls8\m2-formule-functii\lectia5-functii-logice.html,4,1,altul,2,1,3,8,1
C:\00\Projects\LearningHub\content\tic\cls8\m2-formule-functii\lectia5-functii-logice.html,5,1,propriu,7,5,0,7,5
C:\00\Projects\LearningHub\content\tic\cls8\m2-formule-functii\lectia5-functii-logice.html,6,1,propriu,8,,1,8,6
C:\00\Projects\LearningHub\content\tic\cls8\m2-formule-functii\lectia6-evaluare.html,1,1,decalat_inainte,8,12,,12,2
C:\00\Projects\LearningHub\content\tic\cls8\m2-formule-functii\lectia6-evaluare.html,1,2,decalat_inainte,7,9,,9,2
C:\00\Projects\LearningHub\content\tic\cls8\m2-formule-functii\lectia6-evaluare.html,2,1,decalat_inapoi,3,1,7,7,1
C:\00\Projects\LearningHub\content\tic\cls8\m2-formule-functii\lectia6-evaluare.html,3,1,propriu,6,1,0,6,3
C:\00\Projects\LearningHub\content\tic\cls8\m2-formule-functii\lectia6-evaluare.html,4,1,altul,6,4,1,7,1
C:\00\Projects\LearningHub\content\tic\cls8\m2-formule-functii\lectia6-evaluare.html,5,1,decalat_inapoi,4,,7,7,4
C:\00\Projects\LearningHub\content\tic\cls8\m2-formule-functii\lectia7-sortare.html,1,1,decalat_inainte,5,6,,6,2
C:\00\Projects\LearningHub\content\tic\cls8\m2-formule-functii\lectia7-sortare.html,2,1,decalat_inainte,3,6,4,6,3
C:\00\Projects\LearningHub\content\tic\cls8\m2-formule-functii\lectia7-sortare.html,3,1,propriu,20,7,6,20,3
C:\00\Projects\LearningHub\content\tic\cls8\m2-formule-functii\lectia7-sortare.html,4,1,propriu,20,5,7,20,4
C:\00\Projects\LearningHub\content\tic\cls8\m2-formule-functii\lectia7-sortare.html,5,1,propriu,15,,12,15,5
C:\00\Projects\LearningHub\content\tic\cls8\m3-grafice-web\lectia1-grafice-tipuri.html,1,1,altul,7,5,,12,4
C:\00\Projects\LearningHub\content\tic\cls8\m3-grafice-web\lectia1-grafice-tipuri.html,2,1,altul,4,3,6,9,5
C:\00\Projects\LearningHub\content\tic\cls8\m3-grafice-web\lectia1-grafice-tipuri.html,3,1,altul,3,10,4,12,5
C:\00\Projects\LearningHub\content\tic\cls8\m3-grafice-web\lectia1-grafice-tipuri.html,4,1,altul,6,6,4,19,8
C:\00\Projects\LearningHub\content\tic\cls8\m3-grafice-web\lectia1-grafice-tipuri.html,5,1,altul,3,2,6,16,7
C:\00\Projects\LearningHub\content\tic\cls8\m3-grafice-web\lectia1-grafice-tipuri.html,6,1,propriu,15,5,3,15,6
C:\00\Projects\LearningHub\content\tic\cls8\m3-grafice-web\lectia1-grafice-tipuri.html,7,1,altul,5,3,3,9,4
C:\00\Projects\LearningHub\content\tic\cls8\m3-grafice-web\lectia1-grafice-tipuri.html,8,1,propriu,20,5,4,20,8
C:\00\Projects\LearningHub\content\tic\cls8\m3-grafice-web\lectia1-grafice-tipuri.html,9,1,altul,7,4,5,18,7
C:\00\Projects\LearningHub\content\tic\cls8\m3-grafice-web\lectia1-grafice-tipuri.html,10,1,altul,9,3,6,10,2
C:\00\Projects\LearningHub\content\tic\cls8\m3-grafice-web\lectia1-grafice-tipuri.html,11,1,propriu,19,,4,19,11
C:\00\Projects\LearningHub\content\tic\cls8\m3-grafice-web\lectia2-creare-formatare.html,1,1,propriu,7,4,,7,1
C:\00\Projects\LearningHub\content\tic\cls8\m3-grafice-web\lectia2-creare-formatare.html,2,1,decalat_inainte,8,10,3,10,3
C:\00\Projects\LearningHub\content\tic\cls8\m3-grafice-web\lectia2-creare-formatare.html,3,1,decalat_inapoi,3,3,6,6,2
C:\00\Projects\LearningHub\content\tic\cls8\m3-grafice-web\lectia2-creare-formatare.html,4,1,altul,10,4,6,11,2
C:\00\Projects\LearningHub\content\tic\cls8\m3-grafice-web\lectia2-creare-formatare.html,5,1,altul,2,2,2,11,9
C:\00\Projects\LearningHub\content\tic\cls8\m3-grafice-web\lectia2-creare-formatare.html,6,1,propriu,13,1,3,13,6
C:\00\Projects\LearningHub\content\tic\cls8\m3-grafice-web\lectia2-creare-formatare.html,7,1,propriu,12,2,4,12,7
C:\00\Projects\LearningHub\content\tic\cls8\m3-grafice-web\lectia2-creare-formatare.html,8,1,propriu,11,2,2,11,8
C:\00\Projects\LearningHub\content\tic\cls8\m3-grafice-web\lectia2-creare-formatare.html,9,1,propriu,9,1,2,9,9
C:\00\Projects\LearningHub\content\tic\cls8\m3-grafice-web\lectia2-creare-formatare.html,10,1,propriu,13,2,2,13,10
C:\00\Projects\LearningHub\content\tic\cls8\m3-grafice-web\lectia2-creare-formatare.html,11,1,propriu,16,9,1,16,11
C:\00\Projects\LearningHub\content\tic\cls8\m3-grafice-web\lectia2-creare-formatare.html,12,1,propriu,13,2,9,13,12
C:\00\Projects\LearningHub\content\tic\cls8\m3-grafice-web\lectia2-creare-formatare.html,13,1,propriu,11,2,0,11,13
C:\00\Projects\LearningHub\content\tic\cls8\m3-grafice-web\lectia2-creare-formatare.html,14,1,propriu,15,,4,15,14
C:\00\Projects\LearningHub\content\tic\cls8\m3-grafice-web\lectia3-proiect-excel.html,1,1,propriu,18,4,,18,1
C:\00\Projects\LearningHub\content\tic\cls8\m3-grafice-web\lectia3-proiect-excel.html,2,1,altul,8,12,8,18,4
C:\00\Projects\LearningHub\content\tic\cls8\m3-grafice-web\lectia3-proiect-excel.html,3,1,altul,6,10,5,15,6
C:\00\Projects\LearningHub\content\tic\cls8\m3-grafice-web\lectia3-proiect-excel.html,4,1,altul,11,6,6,19,2
C:\00\Projects\LearningHub\content\tic\cls8\m3-grafice-web\lectia3-proiect-excel.html,5,1,propriu,11,6,7,11,5
C:\00\Projects\LearningHub\content\tic\cls8\m3-grafice-web\lectia3-proiect-excel.html,6,1,altul,6,,7,17,3
C:\00\Projects\LearningHub\content\tic\cls8\m3-grafice-web\lectia4-introducere-web.html,1,1,decalat_inainte,9,11,,11,2
C:\00\Projects\LearningHub\content\tic\cls8\m3-grafice-web\lectia4-introducere-web.html,2,1,decalat_inainte,5,12,1,12,3
C:\00\Projects\LearningHub\content\tic\cls8\m3-grafice-web\lectia4-introducere-web.html,3,1,altul,4,2,2,8,9
C:\00\Projects\LearningHub\content\tic\cls8\m3-grafice-web\lectia4-introducere-web.html,4,1,altul,3,5,5,9,6
C:\00\Projects\LearningHub\content\tic\cls8\m3-grafice-web\lectia4-introducere-web.html,5,1,altul,2,2,4,9,11
C:\00\Projects\LearningHub\content\tic\cls8\m3-grafice-web\lectia4-introducere-web.html,6,1,decalat_inainte,1,16,3,16,7
C:\00\Projects\LearningHub\content\tic\cls8\m3-grafice-web\lectia4-introducere-web.html,7,1,propriu,13,3,0,13,7
C:\00\Projects\LearningHub\content\tic\cls8\m3-grafice-web\lectia4-introducere-web.html,8,1,altul,6,2,1,8,10
C:\00\Projects\LearningHub\content\tic\cls8\m3-grafice-web\lectia4-introducere-web.html,9,1,propriu,11,7,6,11,9
C:\00\Projects\LearningHub\content\tic\cls8\m3-grafice-web\lectia4-introducere-web.html,10,1,propriu,11,8,1,11,10
C:\00\Projects\LearningHub\content\tic\cls8\m3-grafice-web\lectia4-introducere-web.html,11,1,propriu,22,8,3,22,11
C:\00\Projects\LearningHub\content\tic\cls8\m3-grafice-web\lectia4-introducere-web.html,12,1,propriu,16,11,7,16,12
C:\00\Projects\LearningHub\content\tic\cls8\m3-grafice-web\lectia4-introducere-web.html,13,1,propriu,12,,9,12,13
C:\00\Projects\LearningHub\content\tic\cls8\m3-grafice-web\lectia5-structura-html.html,1,1,propriu,10,3,,10,1
C:\00\Projects\LearningHub\content\tic\cls8\m3-grafice-web\lectia5-structura-html.html,1,2,propriu,13,5,,13,1
C:\00\Projects\LearningHub\content\tic\cls8\m3-grafice-web\lectia5-structura-html.html,2,1,propriu,15,11,14,15,2
C:\00\Projects\LearningHub\content\tic\cls8\m3-grafice-web\lectia5-structura-html.html,3,1,propriu,9,5,3,9,3
C:\00\Projects\LearningHub\content\tic\cls8\m3-grafice-web\lectia5-structura-html.html,4,1,altul,7,9,9,15,2
C:\00\Projects\LearningHub\content\tic\cls8\m3-grafice-web\lectia5-structura-html.html,5,1,decalat_inapoi,5,2,13,13,4
C:\00\Projects\LearningHub\content\tic\cls8\m3-grafice-web\lectia5-structura-html.html,6,1,propriu,11,2,3,11,6
C:\00\Projects\LearningHub\content\tic\cls8\m3-grafice-web\lectia5-structura-html.html,6,2,propriu,10,4,2,10,6
C:\00\Projects\LearningHub\content\tic\cls8\m3-grafice-web\lectia5-structura-html.html,7,1,propriu,8,,1,8,7
C:\00\Projects\LearningHub\content\tic\cls8\m3-grafice-web\lectia5-structura-html.html,7,2,propriu,13,,2,13,7
C:\00\Projects\LearningHub\content\tic\cls8\m3-grafice-web\lectia6-evaluare-m3.html,1,1,propriu,11,3,,11,1
C:\00\Projects\LearningHub\content\tic\cls8\m3-grafice-web\lectia6-evaluare-m3.html,1,2,altul,3,5,,10,4
C:\00\Projects\LearningHub\content\tic\cls8\m3-grafice-web\lectia6-evaluare-m3.html,2,1,altul,1,6,1,10,4
C:\00\Projects\LearningHub\content\tic\cls8\m3-grafice-web\lectia6-evaluare-m3.html,2,2,propriu,15,5,4,15,2
C:\00\Projects\LearningHub\content\tic\cls8\m3-grafice-web\lectia6-evaluare-m3.html,3,1,propriu,13,13,5,13,3
C:\00\Projects\LearningHub\content\tic\cls8\m3-grafice-web\lectia6-evaluare-m3.html,4,1,altul,3,,0,9,1
C:\00\Projects\LearningHub\content\tic\cls8\m4-html-css\lectia1-structura.html,1,1,propriu,8,1,,8,1
C:\00\Projects\LearningHub\content\tic\cls8\m4-html-css\lectia1-structura.html,2,1,propriu,8,2,6,8,2
C:\00\Projects\LearningHub\content\tic\cls8\m4-html-css\lectia1-structura.html,3,1,propriu,6,3,3,6,3
C:\00\Projects\LearningHub\content\tic\cls8\m4-html-css\lectia1-structura.html,4,1,propriu,10,9,3,10,4
C:\00\Projects\LearningHub\content\tic\cls8\m4-html-css\lectia1-structura.html,5,1,propriu,9,3,4,9,5
C:\00\Projects\LearningHub\content\tic\cls8\m4-html-css\lectia1-structura.html,6,1,propriu,11,1,1,11,6
C:\00\Projects\LearningHub\content\tic\cls8\m4-html-css\lectia1-structura.html,7,1,propriu,9,2,5,9,7
C:\00\Projects\LearningHub\content\tic\cls8\m4-html-css\lectia1-structura.html,8,1,propriu,10,2,5,10,8
C:\00\Projects\LearningHub\content\tic\cls8\m4-html-css\lectia1-structura.html,9,1,propriu,14,4,6,14,9
C:\00\Projects\LearningHub\content\tic\cls8\m4-html-css\lectia1-structura.html,10,1,propriu,11,,6,11,10
C:\00\Projects\LearningHub\content\tic\cls8\m4-html-css\lectia2-text-imagini.html,1,1,propriu,8,3,,8,1
C:\00\Projects\LearningHub\content\tic\cls8\m4-html-css\lectia2-text-imagini.html,2,1,propriu,12,5,3,12,2
C:\00\Projects\LearningHub\content\tic\cls8\m4-html-css\lectia2-text-imagini.html,3,1,propriu,11,6,8,11,3
C:\00\Projects\LearningHub\content\tic\cls8\m4-html-css\lectia2-text-imagini.html,4,1,propriu,14,4,3,14,4
C:\00\Projects\LearningHub\content\tic\cls8\m4-html-css\lectia2-text-imagini.html,5,1,propriu,9,2,3,9,5
C:\00\Projects\LearningHub\content\tic\cls8\m4-html-css\lectia2-text-imagini.html,6,1,propriu,13,5,3,13,6
C:\00\Projects\LearningHub\content\tic\cls8\m4-html-css\lectia2-text-imagini.html,7,1,propriu,9,4,7,9,7
C:\00\Projects\LearningHub\content\tic\cls8\m4-html-css\lectia2-text-imagini.html,8,1,propriu,10,3,4,10,8
C:\00\Projects\LearningHub\content\tic\cls8\m4-html-css\lectia2-text-imagini.html,9,1,propriu,19,5,3,19,9
C:\00\Projects\LearningHub\content\tic\cls8\m4-html-css\lectia2-text-imagini.html,10,1,propriu,13,5,3,13,10
C:\00\Projects\LearningHub\content\tic\cls8\m4-html-css\lectia2-text-imagini.html,11,1,propriu,9,,2,9,11
C:\00\Projects\LearningHub\content\tic\cls8\m4-html-css\lectia3-linkuri.html,1,1,propriu,15,8,,15,1
C:\00\Projects\LearningHub\content\tic\cls8\m4-html-css\lectia3-linkuri.html,2,1,propriu,20,6,4,20,2
C:\00\Projects\LearningHub\content\tic\cls8\m4-html-css\lectia3-linkuri.html,3,1,propriu,18,6,7,18,3
C:\00\Projects\LearningHub\content\tic\cls8\m4-html-css\lectia3-linkuri.html,4,1,propriu,17,5,5,17,4
C:\00\Projects\LearningHub\content\tic\cls8\m4-html-css\lectia3-linkuri.html,5,1,propriu,14,4,6,14,5
C:\00\Projects\LearningHub\content\tic\cls8\m4-html-css\lectia3-linkuri.html,6,1,propriu,14,7,4,14,6
C:\00\Projects\LearningHub\content\tic\cls8\m4-html-css\lectia3-linkuri.html,7,1,propriu,9,4,5,9,7
C:\00\Projects\LearningHub\content\tic\cls8\m4-html-css\lectia3-linkuri.html,8,1,propriu,12,9,6,12,8
C:\00\Projects\LearningHub\content\tic\cls8\m4-html-css\lectia3-linkuri.html,9,1,propriu,18,4,6,18,9
C:\00\Projects\LearningHub\content\tic\cls8\m4-html-css\lectia3-linkuri.html,10,1,propriu,13,,5,13,10
C:\00\Projects\LearningHub\content\tic\cls8\m4-html-css\lectia4-css-intro.html,1,1,propriu,18,4,,18,1
C:\00\Projects\LearningHub\content\tic\cls8\m4-html-css\lectia4-css-intro.html,2,1,propriu,15,11,9,15,2
C:\00\Projects\LearningHub\content\tic\cls8\m4-html-css\lectia4-css-intro.html,3,1,propriu,12,8,6,12,3
C:\00\Projects\LearningHub\content\tic\cls8\m4-html-css\lectia4-css-intro.html,4,1,propriu,12,3,6,12,4
C:\00\Projects\LearningHub\content\tic\cls8\m4-html-css\lectia4-css-intro.html,5,1,propriu,17,5,5,17,5
C:\00\Projects\LearningHub\content\tic\cls8\m4-html-css\lectia4-css-intro.html,6,1,propriu,11,5,5,11,6
C:\00\Projects\LearningHub\content\tic\cls8\m4-html-css\lectia4-css-intro.html,7,1,propriu,15,9,5,15,7
C:\00\Projects\LearningHub\content\tic\cls8\m4-html-css\lectia4-css-intro.html,8,1,propriu,13,1,7,13,8
C:\00\Projects\LearningHub\content\tic\cls8\m4-html-css\lectia4-css-intro.html,9,1,propriu,9,4,4,9,9
C:\00\Projects\LearningHub\content\tic\cls8\m4-html-css\lectia4-css-intro.html,10,1,propriu,20,,3,20,10
C:\00\Projects\LearningHub\content\tic\cls8\m4-html-css\lectia5-layout.html,1,1,propriu,12,4,,12,1
C:\00\Projects\LearningHub\content\tic\cls8\m4-html-css\lectia5-layout.html,2,1,propriu,9,2,8,9,2
C:\00\Projects\LearningHub\content\tic\cls8\m4-html-css\lectia5-layout.html,3,1,propriu,7,1,2,7,3
C:\00\Projects\LearningHub\content\tic\cls8\m4-html-css\lectia5-layout.html,4,1,propriu,7,5,2,7,4
C:\00\Projects\LearningHub\content\tic\cls8\m4-html-css\lectia5-layout.html,5,1,propriu,12,10,5,12,5
C:\00\Projects\LearningHub\content\tic\cls8\m4-html-css\lectia5-layout.html,6,1,propriu,9,3,7,9,6
C:\00\Projects\LearningHub\content\tic\cls8\m4-html-css\lectia5-layout.html,7,1,propriu,11,5,5,11,7
C:\00\Projects\LearningHub\content\tic\cls8\m4-html-css\lectia5-layout.html,8,1,propriu,12,4,3,12,8
C:\00\Projects\LearningHub\content\tic\cls8\m4-html-css\lectia5-layout.html,9,1,propriu,11,1,3,11,9
C:\00\Projects\LearningHub\content\tic\cls8\m4-html-css\lectia5-layout.html,10,1,propriu,14,,3,14,10
C:\00\Projects\LearningHub\content\tic\cls8\m4-html-css\lectia5b-proiect-sinteza.html,1,1,propriu,15,9,,15,1
C:\00\Projects\LearningHub\content\tic\cls8\m4-html-css\lectia5b-proiect-sinteza.html,2,1,propriu,12,8,5,12,2
C:\00\Projects\LearningHub\content\tic\cls8\m4-html-css\lectia5b-proiect-sinteza.html,3,1,propriu,11,3,6,11,3
C:\00\Projects\LearningHub\content\tic\cls8\m4-html-css\lectia5b-proiect-sinteza.html,4,1,propriu,12,3,0,12,4
C:\00\Projects\LearningHub\content\tic\cls8\m4-html-css\lectia5b-proiect-sinteza.html,5,1,propriu,16,,3,16,5
C:\00\Projects\LearningHub\content\tic\cls8\m4-html-css\lectia6-publicare.html,1,1,propriu,9,3,,9,1
C:\00\Projects\LearningHub\content\tic\cls8\m4-html-css\lectia6-publicare.html,2,1,propriu,9,4,6,9,2
C:\00\Projects\LearningHub\content\tic\cls8\m4-html-css\lectia6-publicare.html,3,1,propriu,5,0,0,5,3
C:\00\Projects\LearningHub\content\tic\cls8\m4-html-css\lectia6-publicare.html,4,1,propriu,10,1,4,10,4
C:\00\Projects\LearningHub\content\tic\cls8\m4-html-css\lectia6-publicare.html,5,1,propriu,11,2,3,11,5
C:\00\Projects\LearningHub\content\tic\cls8\m4-html-css\lectia6-publicare.html,6,1,propriu,10,5,6,10,6
C:\00\Projects\LearningHub\content\tic\cls8\m4-html-css\lectia6-publicare.html,7,1,propriu,13,7,8,13,7
C:\00\Projects\LearningHub\content\tic\cls8\m4-html-css\lectia6-publicare.html,8,1,propriu,13,9,4,13,8
C:\00\Projects\LearningHub\content\tic\cls8\m4-html-css\lectia6-publicare.html,9,1,propriu,12,7,5,12,9
C:\00\Projects\LearningHub\content\tic\cls8\m4-html-css\lectia6-publicare.html,10,1,propriu,13,,6,13,10
C:\00\Projects\LearningHub\content\tic\cls8\m4-html-css\lectia7-tabele.html,1,1,propriu,8,6,,8,1
C:\00\Projects\LearningHub\content\tic\cls8\m4-html-css\lectia7-tabele.html,2,1,propriu,18,6,8,18,2
C:\00\Projects\LearningHub\content\tic\cls8\m4-html-css\lectia7-tabele.html,3,1,propriu,14,3,5,14,3
C:\00\Projects\LearningHub\content\tic\cls8\m4-html-css\lectia7-tabele.html,4,1,propriu,13,3,2,13,4
C:\00\Projects\LearningHub\content\tic\cls8\m4-html-css\lectia7-tabele.html,5,1,propriu,16,,6,16,5
C:\00\Projects\LearningHub\content\tic\cls8\m4-html-css\lectia8-formulare.html,1,1,propriu,11,3,,11,1
C:\00\Projects\LearningHub\content\tic\cls8\m4-html-css\lectia8-formulare.html,2,1,propriu,18,7,4,18,2
C:\00\Projects\LearningHub\content\tic\cls8\m4-html-css\lectia8-formulare.html,3,1,propriu,17,6,9,17,3
C:\00\Projects\LearningHub\content\tic\cls8\m4-html-css\lectia8-formulare.html,4,1,propriu,19,3,5,19,4
C:\00\Projects\LearningHub\content\tic\cls8\m4-html-css\lectia8-formulare.html,5,1,propriu,17,6,4,17,5
C:\00\Projects\LearningHub\content\tic\cls8\m4-html-css\lectia8-formulare.html,6,1,propriu,16,,8,16,6
C:\00\Projects\LearningHub\content\tic\cls8\m5-proiecte-final\lectia1-recapitulare-algoritmi.html,1,1,propriu,12,6,,12,1
C:\00\Projects\LearningHub\content\tic\cls8\m5-proiecte-final\lectia1-recapitulare-algoritmi.html,2,1,propriu,10,2,2,10,2
C:\00\Projects\LearningHub\content\tic\cls8\m5-proiecte-final\lectia1-recapitulare-algoritmi.html,3,1,propriu,8,3,5,8,3
C:\00\Projects\LearningHub\content\tic\cls8\m5-proiecte-final\lectia1-recapitulare-algoritmi.html,4,1,propriu,11,6,3,11,4
C:\00\Projects\LearningHub\content\tic\cls8\m5-proiecte-final\lectia1-recapitulare-algoritmi.html,5,1,propriu,6,3,2,6,5
C:\00\Projects\LearningHub\content\tic\cls8\m5-proiecte-final\lectia1-recapitulare-algoritmi.html,6,1,propriu,11,1,6,11,6
C:\00\Projects\LearningHub\content\tic\cls8\m5-proiecte-final\lectia1-recapitulare-algoritmi.html,7,1,propriu,16,6,7,16,7
C:\00\Projects\LearningHub\content\tic\cls8\m5-proiecte-final\lectia1-recapitulare-algoritmi.html,8,1,propriu,12,1,4,12,8
C:\00\Projects\LearningHub\content\tic\cls8\m5-proiecte-final\lectia1-recapitulare-algoritmi.html,9,1,propriu,8,2,1,8,9
C:\00\Projects\LearningHub\content\tic\cls8\m5-proiecte-final\lectia1-recapitulare-algoritmi.html,10,1,propriu,15,,2,15,10
C:\00\Projects\LearningHub\content\tic\cls8\m5-proiecte-final\lectia2-recapitulare-structuri.html,1,1,propriu,12,4,,12,1
C:\00\Projects\LearningHub\content\tic\cls8\m5-proiecte-final\lectia2-recapitulare-structuri.html,2,1,propriu,8,3,5,8,2
C:\00\Projects\LearningHub\content\tic\cls8\m5-proiecte-final\lectia2-recapitulare-structuri.html,3,1,propriu,13,4,3,13,3
C:\00\Projects\LearningHub\content\tic\cls8\m5-proiecte-final\lectia2-recapitulare-structuri.html,4,1,propriu,14,7,5,14,4
C:\00\Projects\LearningHub\content\tic\cls8\m5-proiecte-final\lectia2-recapitulare-structuri.html,5,1,propriu,18,5,8,18,5
C:\00\Projects\LearningHub\content\tic\cls8\m5-proiecte-final\lectia2-recapitulare-structuri.html,6,1,propriu,15,7,4,15,6
C:\00\Projects\LearningHub\content\tic\cls8\m5-proiecte-final\lectia2-recapitulare-structuri.html,7,1,propriu,14,2,2,14,7
C:\00\Projects\LearningHub\content\tic\cls8\m5-proiecte-final\lectia2-recapitulare-structuri.html,8,1,propriu,11,4,5,11,8
C:\00\Projects\LearningHub\content\tic\cls8\m5-proiecte-final\lectia2-recapitulare-structuri.html,9,1,propriu,20,9,8,20,9
C:\00\Projects\LearningHub\content\tic\cls8\m5-proiecte-final\lectia2-recapitulare-structuri.html,10,1,propriu,16,,8,16,10
C:\00\Projects\LearningHub\content\tic\cls8\m5-proiecte-final\lectia3-recapitulare-bd.html,1,1,propriu,10,1,,10,1
C:\00\Projects\LearningHub\content\tic\cls8\m5-proiecte-final\lectia3-recapitulare-bd.html,2,1,propriu,18,4,7,18,2
C:\00\Projects\LearningHub\content\tic\cls8\m5-proiecte-final\lectia3-recapitulare-bd.html,3,1,propriu,10,2,2,10,3
C:\00\Projects\LearningHub\content\tic\cls8\m5-proiecte-final\lectia3-recapitulare-bd.html,4,1,propriu,11,3,3,11,4
C:\00\Projects\LearningHub\content\tic\cls8\m5-proiecte-final\lectia3-recapitulare-bd.html,5,1,propriu,10,1,5,10,5
C:\00\Projects\LearningHub\content\tic\cls8\m5-proiecte-final\lectia3-recapitulare-bd.html,6,1,propriu,11,0,2,11,6
C:\00\Projects\LearningHub\content\tic\cls8\m5-proiecte-final\lectia3-recapitulare-bd.html,7,1,propriu,21,,4,21,7
C:\00\Projects\LearningHub\content\tic\cls8\m5-proiecte-final\lectia4-evaluare-nationala.html,1,1,altul,10,0,,11,4
C:\00\Projects\LearningHub\content\tic\cls8\m5-proiecte-final\lectia4-evaluare-nationala.html,2,1,propriu,8,1,1,8,2
C:\00\Projects\LearningHub\content\tic\cls8\m5-proiecte-final\lectia4-evaluare-nationala.html,3,1,decalat_inainte,9,11,1,11,4
C:\00\Projects\LearningHub\content\tic\cls8\m5-proiecte-final\lectia4-evaluare-nationala.html,4,1,propriu,15,,0,15,4
C:\00\Projects\LearningHub\content\tic\cls8\m5-proiecte-final\lectia5-portofoliu-final.html,1,1,propriu,15,3,,15,1
C:\00\Projects\LearningHub\content\tic\cls8\m5-proiecte-final\lectia5-portofoliu-final.html,2,1,propriu,24,13,3,24,2
C:\00\Projects\LearningHub\content\tic\cls8\m5-proiecte-final\lectia5-portofoliu-final.html,3,1,propriu,17,7,3,17,3
C:\00\Projects\LearningHub\content\tic\cls8\m5-proiecte-final\lectia5-portofoliu-final.html,4,1,propriu,23,4,4,23,4
C:\00\Projects\LearningHub\content\tic\cls8\m5-proiecte-final\lectia5-portofoliu-final.html,5,1,propriu,20,,6,20,5
C:\00\Projects\LearningHub\content\tic\cls8\m5-proiecte-final\lectia6-finalizare.html,1,1,propriu,18,,,18,1
